,Date,Bitcoin_Price,Bitcoin_Vol.,Ethereum_Price,Ethereum_Vol.,Gold_Price,Gold_Vol.
1242,04-02-2019,3462.8,503920.0,107.9,5020000.0,1319.3,159560.0
1241,05-02-2019,3468.4,460950.0,107.37,4670000.0,1319.2,129010.0
1240,06-02-2019,3404.3,514210.00000000006,104.63,6150000.0,1314.4,137250.0
1239,07-02-2019,3397.7,471360.0,104.55,5050000.0,1314.2,166760.0
1238,08-02-2019,3661.7,699230.0,119.23,9190000.0,1318.5,150610.0
1237,11-02-2019,3631.8,517280.0,121.3,6130000.0,1311.9,150610.0
1236,12-02-2019,3632.0,545820.0,122.64,5740000.0,1314.0,146450.0
1235,13-02-2019,3611.5,558020.0,122.22,6170000.0,1315.1,213960.0
1234,14-02-2019,3592.6,498140.0,120.97,5810000.0,1313.9,228460.0
1233,15-02-2019,3604.7,516210.00000000006,121.73,5690000.0,1322.1,200280.0
1232,19-02-2019,3914.3,1440000.0,144.01,9900000.0,1344.8,348640.0
1231,20-02-2019,3972.4,698010.0,149.11,8610000.0,1347.9,246720.0
1230,21-02-2019,3936.6,668160.0,145.78,7210000.0,1327.8,285810.0
1229,22-02-2019,3965.2,649550.0,147.97,6790000.0,1332.8,241800.0
1228,25-02-2019,3833.7,765870.0,138.27,10550000.0,1329.5,181780.0
1227,26-02-2019,3810.3,2090000.0,136.67,11750000.0,1328.5,185560.0
1226,27-02-2019,3814.6,2820000.0,135.2,16110000.0,1321.2,198040.0
1225,28-02-2019,3816.6,2310000.0,135.47,16079999.999999998,1316.1,252240.0
1224,01-03-2019,3821.9,1740000.0,135.72,9730000.0,1299.2,343470.0
1223,04-03-2019,3715.9,2850000.0,125.97,14110000.0,1287.5,268390.0
1222,05-03-2019,3857.2,3820000.0,136.82,16739999.999999998,1284.7,216930.0
1221,06-03-2019,3863.0,2520000.0,137.62,14700000.0,1287.6,192930.0
1220,07-03-2019,3875.1,2600000.0,136.93,13290000.0,1286.1,257920.00000000003
1219,08-03-2019,3865.9,2960000.0,133.85,12380000.0,1299.3,283840.0
1218,11-03-2019,3870.3,3190000.0,132.99,11170000.0,1291.1,196860.0
1217,12-03-2019,3886.0,2900000.0,133.8,13030000.0,1298.1,203890.0
1216,13-03-2019,3865.1,2280000.0,131.97,9590000.0,1309.3,214240.0
1215,14-03-2019,3879.0,2860000.0,132.45,9790000.0,1295.1,248210.0
1214,15-03-2019,3924.3,3110000.0,136.75,12550000.0,1302.9,234650.0
1213,18-03-2019,3990.2,2620000.0,137.92,12870000.0,1301.5,176490.0
1212,19-03-2019,4017.0,2990000.0,138.72,10840000.0,1306.5,206900.0
1211,20-03-2019,4041.2,3180000.0,139.31,10460000.0,1301.7,370400.0
1210,21-03-2019,3982.2,3880000.0,135.11,12950000.0,1307.3,332610.0
1209,22-03-2019,3990.4,2830000.0,136.42,10180000.0,1312.3,271380.0
1208,25-03-2019,3937.0,2860000.0,134.25,11490000.0,1322.6,251980.0
1207,26-03-2019,3942.8,2530000.0,134.37,9470000.0,1315.0,267170.0
1206,27-03-2019,4041.7,2780000.0,139.65,15470000.0,1310.4,206260.0
1205,28-03-2019,4025.6,2110000.0,138.15,9520000.0,1295.3,426820.0
1204,29-03-2019,4102.2,3300000.0,143.38,12090000.0,1298.5,270180.0
1203,01-04-2019,4145.1,3220000.0,141.5,11850000.0,1294.2,236660.0
1202,02-04-2019,4859.3,14770000.0,163.47,36030000.0,1295.4,196400.0
1201,03-04-2019,4968.7,13830000.0,160.34,47660000.0,1295.3,190370.0
1200,04-04-2019,4902.4,1050000.0,157.43,13550000.0,1294.3,262540.0
1199,05-04-2019,5010.2,851720.0,164.93,10060000.0,1295.6,231450.0
1198,08-04-2019,5245.2,928230.0,179.16,14830000.0,1301.9,207570.0
1197,09-04-2019,5158.4,784620.0,175.09,10820000.0,1308.3,200340.0
1196,10-04-2019,5307.8,837510.0,177.37,12100000.0,1313.9,218880.0
1195,11-04-2019,5022.6,943490.0,164.36,11110000.0,1293.3,324740.0
1194,12-04-2019,5054.2,779140.0,163.47,7120000.0,1295.2,192490.0
1193,15-04-2019,5032.3,688200.0,160.17,7710000.0,1291.3,232990.0
1192,16-04-2019,5180.9,631050.0,165.65,7660000.0,1277.2,326510.0
1191,17-04-2019,5208.3,806520.0,165.9,7560000.0,1276.8,223360.0
1190,18-04-2019,5264.7,727970.0,173.33,10160000.0,1276.0,229630.0
1189,22-04-2019,5346.7,920770.0,170.87,8620000.0,1277.6,136440.0
1188,23-04-2019,5511.6,900000.0,169.95,10170000.0,1273.2,280340.0
1187,24-04-2019,5415.6,994040.0,165.22,11610000.0,1279.4,246050.0
1186,25-04-2019,5209.1,955360.0,155.18,10780000.0,1279.7,237150.0
1185,26-04-2019,5298.3,1030000.0,157.97,11520000.0,1288.8,278890.0
1184,29-04-2019,5235.0,775820.0,154.93,10690000.0,1281.5,208960.0
1183,30-04-2019,5320.8,697420.0,161.8,9570000.0,1285.7,239440.0
1182,01-05-2019,5384.2,623640.0,160.38,7740000.0,1284.2,275430.0
1181,02-05-2019,5493.8,722230.0,161.66,8130000.000000001,1272.0,282500.0
1180,03-05-2019,5766.8,1040000.0,167.86,10230000.0,1281.3,280320.0
1179,06-05-2019,5745.1,755390.0,173.0,12970000.0,1283.8,244340.0
1178,07-05-2019,5849.5,955880.0,169.34,15230000.0,1285.6,251090.0
1177,08-05-2019,5990.3,757130.0,170.77,9750000.0,1281.4,302690.0
1176,09-05-2019,6191.5,799960.0,170.84,10030000.0,1285.2,306550.0
1175,10-05-2019,6386.0,907940.0,172.77,12730000.0,1287.4,238640.0
1174,13-05-2019,7806.0,1200000.0,196.02,14800000.0,1301.8,379440.0
1173,14-05-2019,7994.6,1330000.0,217.42,16800000.0,1296.3,222050.0
1172,15-05-2019,8164.6,1130000.0,248.15,18660000.0,1297.8,247520.0
1171,16-05-2019,7871.8,1180000.0,264.69,25140000.0,1286.2,282070.0
1170,17-05-2019,7359.5,1430000.0,244.45,22540000.0,1275.7,264570.0
1169,20-05-2019,7965.3,958810.0,250.72,12380000.0,1277.3,212180.0
1168,21-05-2019,7930.3,804880.0,253.76,10240000.0,1273.2,213170.0
1167,22-05-2019,7635.7,821400.0,244.34,10830000.0,1274.2,191370.0
1166,23-05-2019,7852.1,815140.0,244.68,13070000.0,1285.4,330160.0
1165,24-05-2019,7970.1,868470.0,249.17,10070000.0,1283.6,218710.0
1164,28-05-2019,8716.3,763200.0,271.18,9350000.0,1280.1,780.0
1163,29-05-2019,8647.8,15430000.0,268.61,22330000.0,1281.0,189690.0
1162,30-05-2019,8271.9,1040000.0,254.52,15520000.0,1292.4,284020.0
1161,31-05-2019,8558.3,858410.0,267.99,11630000.0,1311.1,341180.0
1160,03-06-2019,8124.8,739450.0,250.37,9230000.0,1327.9,363400.0
1159,04-06-2019,7685.5,966950.0,241.26,11390000.0,1328.7,319960.0
1158,05-06-2019,7779.1,762940.0,245.83,8640000.0,1333.6,413470.0
1157,06-06-2019,7784.9,651820.0,248.54,7720000.0,1342.7,263090.0
1156,07-06-2019,7985.2,588870.0,248.98,7410000.0,1346.1,331290.0
1155,10-06-2019,7987.8,641380.0,246.86,8390000.0,1329.3,228030.0
1154,11-06-2019,7888.0,579000.0,244.41,6920000.0,1331.2,215150.0
1153,12-06-2019,8133.1,607890.0,261.54,7890000.0,1336.8,234460.0
1152,13-06-2019,8219.0,574210.0,254.86,7300000.0,1343.7,204830.0
1151,14-06-2019,8656.1,643170.0,262.53,6870000.0,1344.5,358450.0
1150,17-06-2019,9318.8,738800.0,273.0,7410000.0,1342.9,238710.0
1149,18-06-2019,9080.6,723170.0,264.59,7390000.0,1350.7,376270.0
1148,19-06-2019,9255.4,587570.0,268.26,6230000.0,1348.8,332610.0
1147,20-06-2019,9517.0,693620.0,271.43,7040000.0,1396.9,542900.0
1146,21-06-2019,10179.3,769120.0,294.72,11060000.0,1400.1,518890.0
1145,24-06-2019,11046.4,566960.0,311.46,7100000.0,1418.2,375150.0
1144,25-06-2019,11809.9,781090.0,317.65,8510000.0,1418.7,643590.0
1143,26-06-2019,13063.8,1480000.0,338.54,15730000.0,1415.4,421950.0
1142,27-06-2019,11287.8,1590000.0,297.55,16129999.999999998,1412.0,336360.0
1141,28-06-2019,12409.1,1090000.0,310.56,9930000.0,1413.7,306620.0
1140,01-07-2019,10616.6,1040000.0,294.83,9570000.0,1389.3,389760.0
1139,02-07-2019,10835.9,1120000.0,291.41,10300000.0,1408.0,383250.0
1138,03-07-2019,11900.8,998730.0,300.58,7900000.0,1420.9,419610.0
1137,05-07-2019,10970.2,772670.0,287.15,7800000.0,1403.4,340.0
1136,08-07-2019,12252.6,695600.0,312.23,8500000.0,1400.0,318690.0
1135,09-07-2019,12541.5,847840.0,307.41,9130000.0,1400.5,287180.0
1134,10-07-2019,12110.6,1110000.0,289.1,12440000.0,1412.5,443500.0
1133,11-07-2019,11342.3,943130.0,268.72,11360000.0,1406.7,400090.0
1132,12-07-2019,11762.1,738170.0,274.68,7950000.0,1412.2,284970.0
1131,15-07-2019,10845.9,956520.0,228.49,14590000.0,1413.5,243380.0
1130,16-07-2019,9424.8,1050000.0,198.87,14520000.0,1411.2,334820.0
1129,17-07-2019,9723.2,1030000.0,210.95,13510000.0,1423.3,358170.0
1128,18-07-2019,10651.4,974490.0,225.23,12650000.0,1428.1,481330.0
1127,19-07-2019,10571.5,727790.0,220.09,9380000.0,1426.7,530020.0
1126,22-07-2019,10412.5,591270.0,217.27,8600000.0,1426.9,255350.0
1125,23-07-2019,9888.7,663380.0,211.87,8700000.0,1421.7,386680.0
1124,24-07-2019,9804.3,639540.0,215.44,9720000.0,1423.6,318160.0
1123,25-07-2019,9945.3,545850.0,217.65,8420000.0,1414.7,489390.0
1122,26-07-2019,9831.0,493750.0,217.83,6960000.0,1419.3,306020.0
1121,29-07-2019,9580.9,510900.0,209.82,7200000.0,1420.4,224270.0
1120,30-07-2019,9580.7,511510.0,208.49,7150000.0,1441.8,259620.0
1119,31-07-2019,10082.0,589840.0,217.23,7510000.0,1437.8,419580.0
1118,01-08-2019,10380.0,608370.0,216.37,7090000.0,1432.4,587560.0
1117,02-08-2019,10520.1,578290.0,216.54,7560000.0,1457.5,493050.0
1116,05-08-2019,11816.8,769630.0,232.45,9790000.0,1476.5,534190.0
1115,06-08-2019,11480.9,807580.0,225.63,9350000.0,1484.2,381920.0
1114,07-08-2019,12013.9,702850.0,224.66,7900000.0,1519.6,651550.0
1113,08-08-2019,12191.6,592150.0,220.16,7540000.0,1509.5,402960.0
1112,09-08-2019,12089.8,558720.0,209.49,9660000.0,1508.5,332610.0
1111,12-08-2019,11394.2,391080.0,210.45,7940000.0,1517.2,355100.0
1110,13-08-2019,10892.9,540780.0,207.68,18290000.0,1514.1,616740.0
1109,14-08-2019,10049.4,745590.0,186.56,12460000.0,1527.8,484190.0
1108,15-08-2019,10303.4,930050.0,187.8,14030000.0,1531.2,436120.0
1107,16-08-2019,10335.6,798670.0,184.55,11330000.0,1523.6,322460.0
1106,19-08-2019,10910.7,519010.0,201.64,8140000.000000001,1511.6,295830.0
1105,20-08-2019,10752.6,515470.0,196.14,10010000.0,1515.7,247540.0
1104,21-08-2019,10141.5,717650.0,187.24,12980000.0,1515.7,245900.0
1103,22-08-2019,10105.0,520750.0,190.29,9970000.0,1508.5,279410.0
1102,23-08-2019,10388.7,436260.0,193.43,8560000.0,1537.6,473000.0
1101,26-08-2019,10371.8,568770.0,188.34,9020000.0,1537.2,411670.0
1100,27-08-2019,10184.8,419810.0,186.58,7190000.0,1551.8,347050.0
1099,28-08-2019,9729.4,580290.0,172.85,9720000.0,1549.1,353910.0
1098,29-08-2019,9491.0,509130.0,168.66,9550000.0,1536.9,455600.0
1097,30-08-2019,9585.4,413920.0,168.16,7490000.0,1529.4,330850.0
1096,03-09-2019,10612.3,578790.0,178.81,9030000.0,1552.8,0.0
1095,04-09-2019,10568.2,504450.0,174.79,7550000.0,1560.4,412350.0
1094,05-09-2019,10566.9,402090.0,173.83,7400000.0,1525.5,606400.0
1093,06-09-2019,10309.3,643020.0,169.15,9980000.0,1515.5,544870.0
1092,09-09-2019,10309.0,473760.0,180.65,9640000.0,1511.1,317520.0
1091,10-09-2019,10105.4,383220.0,180.05,8270000.0,1499.2,397920.0
1090,11-09-2019,10162.5,413060.0,178.47,10660000.0,1503.2,308790.0
1089,12-09-2019,10415.1,413220.0,180.87,7190000.0,1507.4,491470.0
1088,13-09-2019,10342.1,365520.0,181.11,7680000.0,1499.5,364420.0
1087,16-09-2019,10255.5,372530.0,197.32,10010000.0,1511.5,349610.0
1086,17-09-2019,10195.7,321640.0,207.77,11690000.0,1513.4,336630.0
1085,18-09-2019,10164.7,318820.0,210.43,9780000.0,1515.8,364960.0
1084,19-09-2019,10250.5,542250.0,220.21,12420000.0,1506.2,291300.0
1083,20-09-2019,10172.7,362070.0,218.0,9100000.0,1515.1,284390.0
1082,23-09-2019,9702.2,431100.0,201.18,9650000.0,1531.5,359880.0
1081,24-09-2019,8513.9,933160.0,166.29,19020000.0,1540.2,424860.0
1080,25-09-2019,8432.4,696110.0,168.92,13880000.0,1512.3,481460.0
1079,26-09-2019,8063.8,731030.0,164.56,11970000.0,1515.2,378290.0
1078,27-09-2019,8184.9,561400.0,173.19,10940000.0,1506.4,451930.0
1077,30-09-2019,8284.3,600260.0,180.35,11930000.0,1472.9,439710.0
1076,01-10-2019,8302.7,533950.0,175.78,11880000.0,1489.0,450170.0
1075,02-10-2019,8364.1,405860.0,180.27,8470000.0,1507.9,393100.0
1074,03-10-2019,8226.9,460970.0,174.54,8890000.0,1513.8,408740.0
1073,04-10-2019,8148.1,416920.0,175.65,8440000.0,1512.9,344790.0
1072,07-10-2019,8198.6,604740.0,179.87,10950000.0,1504.4,257780.0
1071,08-10-2019,8182.9,469040.0,180.78,10260000.0,1503.9,371440.0
1070,09-10-2019,8566.7,636430.0,192.64,12430000.0,1512.8,285280.0
1069,10-10-2019,8562.3,511460.0,191.1,10420000.0,1500.9,417880.0
1068,11-10-2019,8267.8,667860.0,180.6,13310000.0,1488.7,485960.0
1067,14-10-2019,8353.3,505020.0,186.63,9910000.0,1497.6,228320.0
1066,15-10-2019,8167.2,469730.0,180.59,11450000.0,1483.5,317990.0
1065,16-10-2019,8000.4,538920.0,174.53,12280000.0,1494.0,367900.0
1064,17-10-2019,8073.3,444950.0,177.31,9450000.0,1498.3,305670.0
1063,18-10-2019,7948.5,505790.0,172.81,11270000.0,1494.1,232550.0
1062,21-10-2019,8208.2,489400.0,174.18,9240000.0,1488.1,284290.0
1061,22-10-2019,8031.4,570390.0,171.42,9860000.0,1487.5,208970.0
1060,23-10-2019,7477.0,892080.0,162.28,16000000.0,1495.7,244620.0
1059,24-10-2019,7422.7,586490.0,160.73,11360000.0,1504.7,305010.0
1058,25-10-2019,8658.3,1180000.0,181.49,16190000.000000002,1505.3,368740.0
1057,28-10-2019,9207.2,1040000.0,181.67,12750000.0,1495.8,318130.0
1056,29-10-2019,9411.3,918480.0,190.45,14030000.0,1490.7,291980.0
1055,30-10-2019,9157.9,789730.0,183.25,13670000.0,1496.7,353640.0
1054,31-10-2019,9152.6,798930.0,182.37,12940000.0,1514.8,390010.0
1053,01-11-2019,9230.1,689650.0,183.12,10780000.0,1511.4,380990.0
1052,04-11-2019,9396.4,681010.0,185.85,11890000.0,1511.1,260200.0
1051,05-11-2019,9310.8,653420.0,188.67,11780000.0,1483.7,593620.0
1050,06-11-2019,9338.9,578030.0,191.28,11720000.0,1493.1,313720.0
1049,07-11-2019,9223.5,603540.0,186.94,11490000.0,1466.4,674980.0
1048,08-11-2019,8778.2,791790.0,184.03,11710000.0,1462.9,447070.0
1047,11-11-2019,8736.9,601160.0,185.09,10260000.0,1457.1,310160.0
1046,12-11-2019,8812.6,575160.0,186.99,9350000.0,1453.7,429610.0
1045,13-11-2019,8783.1,454330.0,188.36,7770000.0,1463.3,352330.0
1044,14-11-2019,8661.2,515430.0,185.25,9570000.0,1473.4,317400.0
1043,15-11-2019,8476.3,653710.0,180.19,11860000.0,1468.5,251210.0
1042,18-11-2019,8208.4,692600.0,178.5,9570000.0,1471.9,331240.0
1041,19-11-2019,8145.7,654270.0,176.09,9110000.0,1474.3,307860.0
1040,20-11-2019,8099.3,607270.0,174.96,8390000.0,1474.2,369970.0
1039,21-11-2019,7627.9,891500.0,161.46,13360000.0,1463.6,388340.0
1038,22-11-2019,7272.5,1410000.0,149.8,21120000.0,1463.6,320500.0
1037,25-11-2019,7115.6,1290000.0,145.9,17980000.0,1456.9,298710.0
1036,26-11-2019,7162.8,844270.0,147.61,10840000.0,1460.3,346360.0
1035,27-11-2019,7510.6,996490.0,152.7,13340000.0,1453.4,88360.0
1034,29-11-2019,7742.7,766710.0,154.55,10490000.0,1472.7,272340.0
1033,02-12-2019,7298.2,687780.0,148.89,9180000.0,1469.2,316580.0
1032,03-12-2019,7291.8,548770.0,147.82,8730000.0,1484.4,400900.0
1031,04-12-2019,7204.4,971750.0,145.79,12850000.0,1480.2,319730.0
1030,05-12-2019,7399.2,780780.0,148.69,9990000.0,1483.1,240010.0
1029,06-12-2019,7530.8,706100.0,148.89,8770000.0,1465.1,317320.0
1028,09-12-2019,7355.8,648660.0,147.88,9670000.0,1464.9,177220.0
1027,10-12-2019,7235.7,609500.0,145.86,11120000.0,1468.1,228830.0
1026,11-12-2019,7208.0,518400.0,143.51,10930000.0,1475.0,251730.0
1025,12-12-2019,7208.0,611800.0,145.03,12230000.0,1472.3,409860.0
1024,13-12-2019,7255.2,503490.0,144.96,10950000.0,1481.2,356680.0
1023,16-12-2019,6903.5,689560.0,132.78,17600000.0,1480.5,165850.0
1022,17-12-2019,6613.3,894550.0,122.06,17040000.0,1480.6,173250.0
1021,18-12-2019,7276.0,1140000.0,132.92,20230000.0,1478.7,197970.0
1020,19-12-2019,7165.5,778720.0,128.42,14220000.0,1484.4,201190.0
1019,20-12-2019,7196.4,627040.0,128.7,12290000.0,1480.9,140770.0
1018,23-12-2019,7322.8,952160.0,128.08,14730000.0,1488.7,162450.0
1017,24-12-2019,7268.3,785540.0,128.05,11440000.0,1504.8,183680.0
1016,26-12-2019,7210.9,795090.0,125.93,15550000.0,1514.4,216610.0
1015,27-12-2019,7261.7,718070.0,126.41,12250000.0,1518.1,204990.0
1014,30-12-2019,7261.8,606110.0,131.83,12470000.0,1518.6,178720.0
1013,31-12-2019,7196.4,586600.0,129.21,12890000.0,1523.1,220850.0
1012,02-01-2020,6967.0,632780.0,127.19,11450000.0,1528.1,270550.0
1011,03-01-2020,7343.1,936290.0,134.27,15670000.0,1552.4,436740.0
1010,06-01-2020,7759.1,786750.0,144.08,14360000.0,1568.8,558970.0
1009,07-01-2020,8155.7,1010000.0,143.04,13580000.0,1574.3,435870.0
1008,08-01-2020,8059.6,1190000.0,140.81,13710000.0,1560.2,813410.0
1007,09-01-2020,7842.4,786500.0,137.92,11380000.0,1554.3,372880.0
1006,10-01-2020,8187.1,1050000.0,144.81,13370000.0,1560.1,344340.0
1005,13-01-2020,8111.4,610660.0,143.6,10260000.0,1550.6,311730.0
1004,14-01-2020,8829.2,1480000.0,166.07,22850000.0,1544.6,340910.0
1003,15-01-2020,8818.3,1170000.0,166.45,16660000.0,1554.0,310070.0
1002,16-01-2020,8726.9,748320.0,164.36,16239999.999999998,1550.5,260050.0
1001,17-01-2020,8913.1,794110.0,170.22,18570000.0,1560.3,264930.0
1000,21-01-2020,8732.6,540200.0,169.41,11520000.0,1560.8,2220.0
999,22-01-2020,8678.5,509060.0,168.13,11300000.0,1556.7,286080.0
998,23-01-2020,8405.1,722670.0,162.8,14860000.0,1565.4,361030.0
997,24-01-2020,8439.9,617020.0,162.55,14880000.0,1571.9,427140.0
996,27-01-2020,8866.6,706450.0,170.27,12540000.0,1577.4,398060.0
995,28-01-2020,9377.3,954200.0,175.74,12630000.0,1569.8,378010.0
994,29-01-2020,9298.9,749880.0,173.86,11270000.0,1570.4,251270.0
993,30-01-2020,9507.3,765210.0,184.59,13020000.0,1589.2,382600.0
992,31-01-2020,9349.1,633370.0,179.91,11770000.0,1587.9,343370.0
991,03-02-2020,9296.6,701390.0,189.79,11950000.0,1582.4,320600.0
990,04-02-2020,9193.9,651680.0,188.93,11560000.0,1555.5,349000.0
989,05-02-2020,9611.8,771460.0,203.83,14670000.0,1562.8,306050.0
988,06-02-2020,9772.0,778670.0,213.16,16440000.000000002,1570.0,229000.0
987,07-02-2020,9818.6,608960.0,223.51,16730000.0,1573.4,286420.0
986,10-02-2020,9854.1,781220.0,222.95,16500000.0,1579.5,191750.0
985,11-02-2020,10229.5,791280.0,236.76,17390000.0,1570.1,231830.0
984,12-02-2020,10317.7,803250.0,265.58,23790000.0,1571.6,189550.0
983,13-02-2020,10235.1,940300.0,268.75,25050000.0,1578.8,276250.0
982,14-02-2020,10333.0,732510.0,285.25,19990000.0,1586.4,227110.0
981,18-02-2020,10158.4,945910.0,282.26,24150000.0,1603.6,414240.0
980,19-02-2020,9609.4,905950.0,259.12,20760000.0,1611.8,307890.0
979,20-02-2020,9602.4,870800.0,257.39,22070000.0,1620.5,403040.0
978,21-02-2020,9684.5,716610.0,265.11,17460000.0,1648.8,489190.0
977,24-02-2020,9662.7,980000.0,265.65,19960000.0,1676.6,680820.0
976,25-02-2020,9317.2,937970.0,246.96,20310000.0,1650.0,672760.0
975,26-02-2020,8800.3,1320000.0,224.3,29550000.0,1643.1,531900.0
974,27-02-2020,8818.6,1130000.0,227.53,28830000.0,1642.5,573290.0
973,28-02-2020,8697.5,1080000.0,226.93,24110000.0,1566.7,745840.0
972,02-03-2020,8904.8,1020000.0,231.87,18120000.0,1594.8,443530.0
971,03-03-2020,8761.4,1010000.0,223.94,18480000.0,1644.4,466530.0
970,04-03-2020,8757.9,759690.0,224.38,14650000.0,1643.0,313340.0
969,05-03-2020,9060.3,950760.0,228.45,17820000.0,1668.0,363000.0
968,06-03-2020,9134.8,1040000.0,244.9,17740000.0,1672.4,659630.0
967,09-03-2020,7933.0,1540000.0,202.85,30270000.0,1675.7,504160.0
966,10-03-2020,7891.2,1200000.0,200.56,21870000.0,1660.3,385480.0
965,11-03-2020,7935.1,1100000.0,194.58,21260000.0,1642.3,404350.0
964,12-03-2020,4826.0,3220000.0,107.9,53510000.0,1590.3,605720.0
963,13-03-2020,5584.3,4170000.0,133.99,60700000.0,1516.7,551050.0
962,16-03-2020,5030.0,2550000.0,111.02,40250000.0,1486.5,565980.0
961,17-03-2020,5261.1,1890000.0,116.06,27090000.0,1525.8,434510.0
960,18-03-2020,5361.4,1800000.0,117.77,25800000.0,1477.9,435190.0
959,19-03-2020,6172.0,2180000.0,135.43,33780000.0,1479.3,325290.0
958,20-03-2020,6205.3,2220000.0,133.32,38740000.0,1484.6,269970.0
957,23-03-2020,6468.9,1880000.0,136.02,28620000.0,1567.6,362070.0
956,24-03-2020,6744.6,1730000.0,138.62,27100000.0,1660.8,418780.0
955,25-03-2020,6678.9,1520000.0,136.07,24150000.0,1633.4,254190.0
954,26-03-2020,6725.1,1180000.0,138.38,17710000.0,1651.2,215970.0
953,27-03-2020,6373.4,1160000.0,131.74,18180000.0,1654.1,159260.0
952,30-03-2020,6391.0,1430000.0,132.15,20710000.0,1643.2,157370.0
951,31-03-2020,6412.5,1050000.0,132.86,17300000.0,1596.6,176550.0
950,01-04-2020,6638.5,1400000.0,135.66,19450000.0,1591.4,164480.0
949,02-04-2020,6800.5,1740000.0,141.3,29420000.0,1637.7,167710.0
948,03-04-2020,6735.9,1350000.0,141.14,23340000.0,1645.7,139610.0
947,06-04-2020,7332.3,1530000.0,171.06,37890000.0,1693.9,192750.0
946,07-04-2020,7185.2,1320000.0,164.71,35790000.0,1683.7,204500.0
945,08-04-2020,7361.2,983940.0,173.0,24310000.0,1684.3,125330.0
944,09-04-2020,7289.0,963550.0,169.68,20660000.0,1752.8,218800.0
943,13-04-2020,6841.3,1250000.0,156.38,25300000.0,1761.4,166890.0
942,14-04-2020,6850.9,999530.0,158.45,21200000.0,1768.9,241190.0
941,15-04-2020,6629.1,1000000.0,152.9,20700000.0,1740.2,186700.0
940,16-04-2020,7085.6,1540000.0,172.31,32990000.000000004,1731.7,204230.0
939,17-04-2020,7035.8,810100.0,170.63,20050000.0,1698.8,227070.0
938,20-04-2020,6833.5,1260000.0,170.4,33680000.0,1711.2,186910.0
937,21-04-2020,6842.5,892570.0,170.79,23630000.0,1687.8,248630.0
936,22-04-2020,7112.9,914180.0,182.72,23810000.0,1738.3,193730.0
935,23-04-2020,7488.5,1340000.0,185.46,28730000.0,1745.4,201880.0
934,24-04-2020,7503.8,951950.0,187.58,19840000.0,1735.6,180240.0
933,27-04-2020,7766.0,980500.0,196.14,23330000.0,1723.8,146640.0
932,28-04-2020,7746.9,808090.0,196.55,21810000.0,1722.2,171340.0
931,29-04-2020,8770.9,1830000.0,215.4,32870000.0,1713.4,159600.0
930,30-04-2020,8629.0,2040000.0,206.22,35460000.0,1694.2,234530.0
929,01-05-2020,8821.6,1110000.0,212.0,23080000.0,1700.9,168020.0
928,04-05-2020,8874.7,1120000.0,206.61,27210000.0,1713.3,148730.0
927,05-05-2020,9001.0,1050000.0,205.36,21050000.0,1710.6,184730.0
926,06-05-2020,9151.4,1620000.0,199.04,24030000.0,1688.5,203370.0
925,07-05-2020,9979.8,1910000.0,212.0,26710000.0,1725.8,250700.0
924,08-05-2020,9806.2,1420000.0,211.45,23080000.0,1713.9,232810.0
923,11-05-2020,8579.8,2290000.0,185.96,26740000.0,1698.0,202170.0
922,12-05-2020,8813.8,1350000.0,189.84,15580000.0,1706.8,198070.0
921,13-05-2020,9298.7,1500000.0,199.58,17470000.0,1716.4,211610.0
920,14-05-2020,9778.4,1770000.0,203.3,20750000.0,1740.9,212910.0
919,15-05-2020,9318.0,1560000.0,194.85,16620000.000000002,1756.3,200180.0
918,18-05-2020,9730.7,1180000.0,214.87,17730000.0,1734.4,271470.0
917,19-05-2020,9773.3,1160000.0,214.51,13960000.0,1745.6,185260.0
916,20-05-2020,9512.3,1150000.0,209.99,12190000.0,1752.1,184460.0
915,21-05-2020,9059.0,1410000.0,198.75,14360000.0,1721.9,238740.0
914,22-05-2020,9169.7,914590.0,207.35,12130000.0,1735.5,196820.0
913,27-05-2020,9199.1,810890.0,208.18,10280000.0,1710.7,137420.0
912,28-05-2020,9572.2,948860.0,220.18,12510000.0,1728.3,164820.0
911,29-05-2020,9424.8,814330.0,220.66,12360000.0,1751.7,150110.0
910,01-06-2020,10189.3,796680.0,247.97,11970000.0,1750.3,146130.0
909,02-06-2020,9527.6,1060000.0,237.94,12690000.0,1734.0,175350.0
908,03-06-2020,9667.2,558120.0,244.52,8150000.0,1704.8,256520.0
907,04-06-2020,9794.4,593660.0,243.37,8750000.0,1727.4,198720.0
906,05-06-2020,9631.2,527050.0,240.23,7750000.0,1683.0,273680.0
905,08-06-2020,9777.9,431040.0,246.18,6550000.0,1705.1,154770.0
904,09-06-2020,9768.8,479550.0,243.82,6860000.0,1721.9,182910.0
903,10-06-2020,9878.8,533550.0,247.78,7630000.0,1720.7,198760.0
902,11-06-2020,9283.2,919300.0,230.71,12400000.0,1739.8,205350.0
901,12-06-2020,9466.6,529280.0,237.54,7340000.0,1737.3,151400.0
900,15-06-2020,9425.4,750900.0,230.93,10180000.0,1727.2,200230.0
899,16-06-2020,9523.5,545470.0,235.36,7030000.0,1736.5,182420.0
898,17-06-2020,9464.6,446450.0,233.88,5940000.0,1735.6,140070.0
897,18-06-2020,9388.1,391670.0,231.34,4960000.0,1731.1,155910.0
896,19-06-2020,9314.0,478490.0,229.11,5560000.0,1753.0,181150.0
895,22-06-2020,9683.7,523320.00000000006,243.25,7930000.0,1766.4,228680.0
894,23-06-2020,9624.6,375490.0,243.2,5160000.0,1782.0,194680.0
893,24-06-2020,9302.0,515780.0,234.75,9130000.0,1775.1,239530.0
892,25-06-2020,9247.5,524450.0,232.56,6480000.0,1770.6,152200.0
891,26-06-2020,9160.0,489840.0,229.67,6960000.0,1780.3,201230.0
890,29-06-2020,9185.4,401120.0,227.87,6800000.0,1781.2,130510.0
889,30-06-2020,9135.4,381730.0,225.63,5600000.0,1800.5,199420.0
888,01-07-2020,9229.9,366780.0,230.95,6310000.0,1779.9,263250.0
887,02-07-2020,9085.1,483100.0,226.42,7280000.0,1790.0,186310.0
886,07-07-2020,9256.0,420550.0,239.25,6260000.0,1809.9,221730.0
885,08-07-2020,9429.9,509940.0,246.99,12980000.0,1820.6,247500.0
884,09-07-2020,9235.7,444270.0,242.02,9020000.0,1803.8,283370.0
883,10-07-2020,9285.1,418470.0,241.26,6840000.0,1801.9,223830.0
882,13-07-2020,9243.6,456870.0,239.73,8320000.0,1814.1,230400.0
881,14-07-2020,9253.4,453830.0,240.5,7070000.0,1813.4,253210.0
880,15-07-2020,9198.7,429840.0,238.62,7350000.0,1813.8,183060.0
879,16-07-2020,9135.3,429040.0,233.65,6630000.0,1800.3,196570.0
878,17-07-2020,9155.8,310920.0,232.75,5880000.0,1810.0,167010.0
877,20-07-2020,9162.4,312980.0,236.1,5360000.0,1817.4,177740.0
876,21-07-2020,9387.3,458990.0,245.53,6290000.0,1843.9,271090.0
875,22-07-2020,9513.7,386000.0,263.28,6680000.0,1865.1,382230.0
874,23-07-2020,9599.6,425660.0,275.34,8790000.0,1890.0,418750.0
873,24-07-2020,9546.4,359160.0,279.33,7170000.0,1897.5,300170.0
872,27-07-2020,11022.8,908990.0,321.8,13730000.0,1931.0,428230.0
871,28-07-2020,10908.5,658370.0,316.96,9910000.0,1944.6,434450.0
870,29-07-2020,11105.9,576830.0,317.82,8720000.0,1953.4,209840.0
869,30-07-2020,11096.2,501140.0,334.87,9070000.0,1966.8,271380.0
868,31-07-2020,11333.4,530950.0,346.51,8690000.0,1985.9,279320.0
867,03-08-2020,11224.4,470240.0,385.8,9920000.0,1986.3,178750.0
866,04-08-2020,11184.7,485790.0,389.62,9840000.0,2021.0,274420.0
865,05-08-2020,11735.1,570830.0,400.79,8740000.0,2049.3,366380.0
864,06-08-2020,11757.1,554850.0,394.83,7920000.0,2069.4,312760.0
863,07-08-2020,11592.0,517000.0,379.57,8340000.0,2028.0,398130.0
862,10-08-2020,11889.2,564110.0,395.53,8010000.0,2039.7,251310.0
861,11-08-2020,11390.4,615900.0,379.01,9440000.0,1946.3,565000.0
860,12-08-2020,11557.2,549590.0,387.12,8590000.0,1949.0,459840.0
859,13-08-2020,11770.9,545670.0,424.31,12040000.0,1970.4,349890.0
858,14-08-2020,11750.8,435440.0,438.03,8670000.0,1949.8,241800.0
857,17-08-2020,12282.6,628410.0,430.56,7830000.0,1998.7,289440.0
856,18-08-2020,11947.6,606790.0,422.16,8180000.0,2013.1,361480.0
855,19-08-2020,11750.2,550260.0,407.44,8440000.0,1970.3,443260.0
854,20-08-2020,11856.9,430930.0,416.05,6230000.0,1946.5,383340.0
853,21-08-2020,11529.2,506380.0,387.99,7620000.0,1947.0,355070.0
852,24-08-2020,11753.5,429130.0,407.7,6690000.0,1939.2,286260.0
851,25-08-2020,11324.8,594070.0,383.2,8279999.999999999,1923.1,274110.0
850,26-08-2020,11462.3,513060.0,385.96,6690000.0,1952.5,342210.0
849,27-08-2020,11327.4,560590.0,383.11,7030000.0,1932.6,467170.0
848,28-08-2020,11527.4,464940.0,395.11,6160000.0,1974.9,334100.0
847,31-08-2020,11644.2,496140.0,433.9,7890000.0,1978.6,245110.0
846,01-09-2020,11914.9,580690.0,475.8,10420000.0,1978.9,304890.0
845,02-09-2020,11413.3,20260000.0,439.08,30140000.0,1944.7,332590.0
844,03-09-2020,10168.8,9650000.0,381.97,33590000.0,1937.8,303030.0
843,04-09-2020,10472.5,12500000.0,385.94,25200000.0,1934.3,304740.0
842,09-09-2020,10224.6,71370.0,351.1,14070000.0,1954.9,227180.0
841,10-09-2020,10339.7,88010.0,367.92,16500000.0,1964.3,271480.0
840,11-09-2020,10390.2,62280.0,373.72,12530000.0,1947.9,205230.0
839,14-09-2020,10675.3,96640.0,376.7,10340000.0,1963.7,200090.0
838,15-09-2020,10785.3,91700.0,364.01,9060000.0,1966.2,239540.0
837,16-09-2020,10949.5,94940.0,364.88,9060000.0,1970.5,298390.0
836,17-09-2020,10941.3,77220.0,388.97,12850000.0,1949.9,273140.0
835,18-09-2020,10933.0,63480.0,384.2,8950000.0,1962.1,176070.0
834,21-09-2020,10416.8,109850.0,341.3,11410000.0,1910.6,386670.0
833,22-09-2020,10531.5,63520.0,344.03,9290000.0,1907.6,282710.0
832,23-09-2020,10237.3,74950.0,319.95,13880000.0,1868.4,411560.0
831,24-09-2020,10739.4,82950.0,349.17,9400000.0,1876.9,345040.0
830,25-09-2020,10688.8,71430.0,351.63,8470000.0,1866.3,230860.0
829,28-09-2020,10693.2,72290.0,354.08,7770000.0,1882.3,235920.0
828,29-09-2020,10840.9,59640.0,359.86,6260000.0,1903.2,217800.0
827,30-09-2020,10776.1,55550.0,359.39,5430000.0,1895.5,259870.0
826,01-10-2020,10620.5,95330.0,353.07,7930000.0,1916.3,262090.0
825,02-10-2020,10572.3,77940.0,345.68,7270000.0,1907.6,212730.0
824,05-10-2020,10789.5,48860.0,353.28,4960000.0,1920.1,177590.0
823,06-10-2020,10602.6,69070.0,340.61,7320000.0,1908.8,219440.0
822,07-10-2020,10670.9,49270.0,341.48,5770000.0,1890.8,188590.0
821,08-10-2020,10924.1,79780.0,350.83,6850000.0,1895.1,185450.0
820,09-10-2020,11054.2,70950.0,365.28,7850000.0,1926.2,229850.0
819,12-10-2020,11533.9,84020.0,386.68,10390000.0,1928.9,157210.0
818,13-10-2020,11423.8,64670.0,381.23,7920000.0,1894.6,267540.0
817,14-10-2020,11420.4,59120.0,379.15,8080000.0,1907.3,188300.0
816,15-10-2020,11503.0,70840.0,377.45,7930000.0,1908.9,213570.0
815,16-10-2020,11322.0,71420.0,365.17,7590000.0,1906.4,146910.0
814,19-10-2020,11753.4,73040.0,379.19,6850000.0,1911.7,159850.0
813,20-10-2020,11913.5,94590.0,368.35,7460000.0,1915.4,163910.0
812,21-10-2020,12808.7,197720.0,391.2,13610000.0,1929.5,201270.0
811,22-10-2020,12974.6,113310.0,414.05,12650000.0,1904.6,215580.0
810,23-10-2020,12934.1,73940.0,408.52,8180000.0,1905.2,172960.0
809,26-10-2020,13061.6,89470.0,394.11,9060000.0,1905.7,166310.0
808,27-10-2020,13657.8,128640.0,403.15,6290000.0,1911.9,153300.0
807,28-10-2020,13278.9,144180.0,388.14,9960000.0,1879.2,297090.0
806,29-10-2020,13457.2,111230.0,386.76,3040000.0,1868.0,225160.0
805,30-10-2020,13559.9,108770.0,382.41,2810000.0,1879.9,213170.0
804,02-11-2020,13561.4,97760.0,383.53,9430000.0,1892.5,164940.0
803,03-11-2020,14019.9,108170.0,387.92,6730000.0,1910.4,171370.0
802,04-11-2020,14145.6,140800.0,402.19,6170000.0,1896.2,293950.0
801,05-11-2020,15587.1,227490.0,416.63,7040000.0,1946.8,297510.0
800,06-11-2020,15577.9,186130.0,455.72,6530000.0,1951.7,246780.0
799,09-11-2020,15327.2,165040.0,444.33,28850000.0,1854.4,496090.0
798,10-11-2020,15303.6,93360.0,450.22,20760000.0,1876.4,264870.0
797,11-11-2020,15695.8,119070.0,463.33,15130000.0,1861.6,215170.0
796,12-11-2020,16294.7,165540.0,462.56,9330000.0,1873.3,209930.0
795,13-11-2020,16324.2,113750.0,476.29,9850000.0,1886.2,162540.0
794,16-11-2020,16715.8,118090.0,460.43,5620000.0,1887.8,222940.0
793,17-11-2020,17662.3,175870.0,481.95,7930000.0,1885.1,160880.0
792,18-11-2020,17774.6,233430.0,478.52,18190000.0,1873.9,209000.0
791,19-11-2020,17803.5,135940.0,471.21,12530000.0,1861.5,222350.0
790,20-11-2020,18675.2,134420.0,509.98,30850000.0,1872.4,186170.0
789,23-11-2020,18379.6,127350.0,609.22,49680000.0,1837.8,319660.0
788,24-11-2020,19152.6,180790.0,605.03,41110000.0,1804.6,367880.0
787,25-11-2020,18723.0,146120.0,569.67,14500000.0,1805.5,205750.0
786,30-11-2020,19698.1,185590.0,615.92,51720000.0,1780.9,242730.0
785,01-12-2020,18770.7,208720.0,585.66,49420000.0,1818.9,203650.0
784,02-12-2020,19218.8,91920.0,598.05,16210000.0,1830.2,185320.0
783,03-12-2020,19433.3,99970.0,616.32,24000000.0,1841.1,180360.0
782,04-12-2020,18658.1,110630.0,567.91,48950000.0,1840.0,171260.0
781,07-12-2020,19170.7,61980.0,591.09,7720000.0,1866.0,209040.0
780,08-12-2020,18326.6,101410.0,555.05,8109999.999999999,1874.9,151790.0
779,09-12-2020,18546.0,129720.0,573.21,9100000.0,1838.5,219590.0
778,10-12-2020,18247.2,85310.0,558.13,19600000.0,1837.4,164800.0
777,11-12-2020,18023.6,111530.0,544.17,30170000.0,1843.6,153800.0
776,14-12-2020,19273.8,67110.0,586.19,1780000.0,1832.1,168490.0
775,15-12-2020,19434.9,98390.0,588.91,1740000.0,1855.3,173610.0
774,16-12-2020,21352.2,199810.0,637.38,3110000.0,1859.1,199680.0
773,17-12-2020,22825.4,310740.0,643.17,3670000.0,1890.4,219870.0
772,18-12-2020,23127.9,131800.0,653.85,2630000.0,1888.9,153230.0
771,21-12-2020,22728.5,154690.0,607.85,1880000.0,1882.8,232050.0
770,22-12-2020,23823.2,130750.0,637.47,2120000.0,1870.3,176020.0
769,23-12-2020,23257.9,178470.0,585.69,2200000.0,1878.1,162540.0
768,24-12-2020,23736.5,104590.0,612.34,1720000.0,1883.2,89410.0
767,28-12-2020,27057.8,126980.0,730.05,2750000.0,1880.4,196760.0
766,29-12-2020,27376.0,119570.0,731.76,1820000.0,1882.9,149270.0
765,30-12-2020,28868.7,159820.0,751.8,1860000.0,1893.4,133660.0
764,31-12-2020,28949.4,136690.0,735.94,1040000.0,1895.1,130630.0
763,04-01-2021,32022.6,255270.0,1042.4,5190000.0,1946.6,273370.0
762,05-01-2021,33991.5,202130.0,1099.52,3250000.0,1954.4,201950.0
761,06-01-2021,36793.2,227560.0,1207.77,3750000.0,1908.6,366610.0
760,07-01-2021,39460.2,249600.0,1224.35,2710000.0,1913.6,199980.0
759,08-01-2021,40599.3,251290.0,1215.73,2710000.0,1835.4,443510.0
758,11-01-2021,35544.3,251040.0,1091.47,4190000.000000001,1850.8,268360.0
757,12-01-2021,34076.1,241930.0,1050.19,3090000.0,1844.2,240660.0
756,13-01-2021,37382.2,209930.0,1128.46,2250000.0,1854.9,225990.0
755,14-01-2021,39175.7,172400.0,1226.17,1550000.0,1851.4,257660.00000000003
754,15-01-2021,36845.8,118420.0,1171.68,2850000.0,1829.9,231110.0
753,20-01-2021,35476.3,153610.0,1377.53,3050000.0,1866.5,274400.0
752,21-01-2021,30842.1,253270.0,1117.33,2760000.0,1865.9,196940.0
751,22-01-2021,33000.5,243090.0,1234.58,2940000.0,1856.2,249720.0
750,25-01-2021,32252.3,142430.0,1317.9,2770000.0,1855.2,211980.0
749,26-01-2021,32502.1,139840.0,1366.27,2560000.0,1850.9,170260.0
748,27-01-2021,30404.0,194350.0,1247.62,2900000.0,1844.9,195540.0
747,28-01-2021,33374.8,167390.0,1328.47,814310.0,1841.2,277590.0
746,29-01-2021,34301.8,297730.0,1379.3,3330000.0,1850.3,276170.0
745,01-02-2021,33515.7,126320.0,1373.4,1650000.0,1863.9,242050.0
744,02-02-2021,35485.2,120850.0,1511.36,2730000.0,1833.4,236000.0
743,03-02-2021,37646.8,131030.0,1664.34,2270000.0,1835.1,137230.0
742,04-02-2021,36982.1,151440.0,1594.0,2340000.0,1791.2,279620.0
741,05-02-2021,38297.6,100600.0,1719.2,1800000.0,1813.0,205760.0
740,08-02-2021,46395.7,248470.0,1750.18,2170000.0,1834.2,177560.0
739,09-02-2021,46508.6,193870.0,1770.63,1940000.0,1837.5,154390.0
738,10-02-2021,44836.0,151830.0,1742.09,2010000.0,1842.7,176440.0
737,11-02-2021,47990.7,145770.0,1786.35,1560000.0,1826.8,147020.0
736,12-02-2021,47371.7,133730.0,1841.02,1750000.0,1823.2,171900.0
735,17-02-2021,52079.2,140030.0,1847.95,1690000.0,1772.8,257340.0
734,18-02-2021,51582.2,94350.0,1934.16,881870.0,1775.0,224770.0
733,19-02-2021,55906.6,139430.0,1955.59,1780000.0,1777.4,251780.0
732,22-02-2021,54111.8,244950.0,1777.28,2680000.0,1808.4,221200.0
731,23-02-2021,48911.2,315070.0,1578.11,3600000.0,1805.9,191150.0
730,24-02-2021,49697.5,153750.0,1623.71,2190000.0,1797.9,224060.0
729,25-02-2021,46928.5,83220.0,1476.15,1750000.0,1775.4,316250.0
728,26-02-2021,46345.6,189410.0,1445.44,2130000.0,1728.8,362550.0
727,01-03-2021,49595.5,137520.0,1570.03,1920000.0,1723.0,241920.0
726,02-03-2021,48424.2,102100.0,1488.62,1740000.0,1733.6,235960.0
725,03-03-2021,50395.1,44930.0,1571.05,1170000.0,1715.8,255650.0
724,04-03-2021,48428.0,9560.0,1538.61,1700000.0,1700.7,277450.0
723,05-03-2021,48792.5,113640.0,1530.29,1670000.0,1698.5,269330.0
722,08-03-2021,52311.0,68140.0,1831.49,1970000.0,1678.0,273910.0
721,09-03-2021,54879.0,114060.0,1869.1,1580000.0,1716.9,248950.0
720,10-03-2021,55851.9,140960.0,1794.14,1660000.0,1721.8,226890.0
719,11-03-2021,57799.5,129630.0,1825.79,1580000.0,1722.6,215340.0
718,12-03-2021,57265.1,116960.0,1766.9,1520000.0,1719.8,232210.0
717,15-03-2021,55791.3,117710.0,1792.38,1700000.0,1729.2,163050.0
716,16-03-2021,56889.7,128510.0,1804.85,1810000.0,1730.9,173890.0
715,17-03-2021,58913.5,118260.0,1823.35,1500000.0,1727.1,220550.0
714,18-03-2021,57656.0,102620.0,1776.08,1530000.0,1732.5,251760.0
713,19-03-2021,58088.0,83980.0,1809.64,1200000.0,1741.7,213280.0
712,22-03-2021,54158.3,95530.0,1682.37,1580000.0,1738.1,196310.0
711,23-03-2021,54452.5,84840.0,1667.9,1460000.0,1725.1,226200.0
710,24-03-2021,52325.4,137910.0,1582.38,1880000.0,1733.2,186520.0
709,25-03-2021,51322.3,143350.0,1586.54,1540000.0,1725.1,226210.0
708,26-03-2021,55036.1,100300.0,1698.6,1640000.0,1732.3,172940.0
707,29-03-2021,57616.2,107910.0,1816.69,1940000.0,1712.2,135460.0
706,30-03-2021,58771.3,86210.0,1841.01,3030000.0,1686.0,225870.0
705,31-03-2021,58763.7,98060.0,1917.99,2590000.0,1715.6,210770.0
704,01-04-2021,58718.3,69040.0,1967.96,2080000.0,1728.4,170430.0
703,05-04-2021,58993.4,54130.0,2106.41,2310000.0,1728.8,101750.0
702,06-04-2021,57996.3,77150.0,2111.53,1930000.0,1743.0,152600.0
701,07-04-2021,55948.7,110690.0,1961.46,2300000.0,1741.6,122800.0
700,08-04-2021,58077.4,64780.0,2079.92,1730000.0,1758.2,144570.0
699,09-04-2021,58118.7,59220.0,2066.93,2470000.0,1744.8,171400.0
698,12-04-2021,59863.8,81880.0,2137.81,2160000.0,1732.7,125360.0
697,13-04-2021,63540.9,126560.0,2299.93,2380000.0,1747.6,175590.0
696,14-04-2021,62980.4,130430.0,2431.56,2110000.0,1736.3,145260.0
695,15-04-2021,63216.0,76970.0,2514.22,1910000.0,1766.8,198140.0
694,16-04-2021,61379.7,136850.0,2423.18,2080000.0,1780.2,173500.0
693,19-04-2021,55646.1,117510.0,2160.63,1900000.0,1770.6,180730.0
692,20-04-2021,56483.2,115490.0,2332.14,1860000.0,1778.4,169040.0
691,21-04-2021,53820.2,100260.0,2360.81,2100000.0,1793.1,173970.0
690,22-04-2021,51729.5,168130.0,2401.1,3170000.0,1782.0,163750.0
689,23-04-2021,51143.6,214460.0,2367.31,3460000.0,1777.8,175850.0
688,26-04-2021,54020.5,129760.0,2533.12,1790000.0,1780.1,143360.0
687,27-04-2021,55036.5,84080.0,2665.24,1450000.0,1778.8,147950.0
686,28-04-2021,54841.4,86960.0,2746.54,1740000.0,1773.9,198580.0
685,29-04-2021,53560.8,83900.0,2757.36,1650000.0,1768.3,231520.0
684,30-04-2021,57720.3,103740.0,2772.78,1520000.0,1767.7,167290.0
683,03-05-2021,57169.8,89240.0,3429.37,2320000.0,1791.8,204540.0
682,04-05-2021,53741.5,132330.0,3286.71,2740000.0,1776.0,246590.0
681,05-05-2021,57441.3,119820.0,3522.76,1870000.0,1784.3,178810.0
680,06-05-2021,56405.4,109020.0,3489.52,1510000.0,1815.7,287630.0
679,07-05-2021,57337.2,110010.0,3481.22,1350000.0,1831.3,367700.0
678,10-05-2021,55848.9,142610.0,3947.9,2700000.0,1837.6,269710.0
677,11-05-2021,56695.7,96470.0,4167.78,1270000.0,1836.1,311100.0
676,12-05-2021,49384.2,160740.0,3811.77,2780000.0,1822.8,339210.0
675,13-05-2021,49704.6,236710.0,3719.62,3210000.0,1824.0,249930.0
674,14-05-2021,49839.8,118840.0,4075.38,2060000.0,1838.1,224380.0
673,17-05-2021,43541.3,274760.0,3279.68,2850000.0,1867.6,267710.0
672,18-05-2021,42897.3,154960.0,3377.55,2300000.0,1868.0,229020.0
671,19-05-2021,36720.5,607100.0,2435.69,6420000.0,1881.5,398210.0
670,20-05-2021,40717.2,269750.0,2777.55,4330000.0,1881.9,223570.0
669,21-05-2021,37297.4,315500.0,2433.11,4230000.0,1876.7,234290.0
668,24-05-2021,38750.6,244880.0,2646.79,3240000.0,1884.5,183310.0
667,25-05-2021,38378.3,163010.0,2705.09,3280000.0,1898.0,316670.0
666,26-05-2021,39249.2,153800.0,2884.66,2660000.0,1901.2,170530.0
665,27-05-2021,38417.3,122930.0,2735.88,2390000.0,1895.7,35790.0
664,28-05-2021,35662.5,199580.0,2414.29,3260000.0,1905.3,198140.0
663,02-06-2021,37555.8,96890.0,2706.1,2600000.0,1909.9,166040.0
662,03-06-2021,39187.3,106440.0,2853.35,1090000.0,1873.3,278580.0
661,04-06-2021,36851.3,127710.0,2686.5,2470000.0,1892.0,228830.0
660,07-06-2021,33578.0,119500.0,2592.63,3010000.0,1898.8,146020.0
659,08-06-2021,33382.9,193540.0,2510.65,75180.0,1894.4,173600.0
658,09-06-2021,37332.2,209820.0,2606.23,2320000.0,1895.5,147330.0
657,10-06-2021,36649.4,154320.0,2469.97,1290000.0,1896.4,250550.0
656,11-06-2021,37314.6,109150.0,2351.45,587180.0,1879.6,220460.0
655,14-06-2021,40529.4,157350.0,2581.48,1790000.0,1865.9,242300.0
654,15-06-2021,40156.1,117550.0,2543.83,1950000.0,1856.4,155340.0
653,16-06-2021,38336.0,123520.0,2367.28,1370000.0,1861.4,234100.0
652,17-06-2021,38052.0,109580.0,2371.62,1060000.0,1774.8,385890.0
651,18-06-2021,35749.4,102840.0,2229.53,778790.0,1769.0,264610.0
650,21-06-2021,31692.0,256870.0,1891.18,2690000.0,1782.9,195520.0
649,22-06-2021,32496.4,309650.0,1876.66,2840000.0,1777.4,172750.0
648,23-06-2021,33674.3,173340.0,1968.39,1770000.0,1783.4,179270.0
647,24-06-2021,34665.8,119250.0,1989.14,1640000.0,1776.7,152230.0
646,25-06-2021,31594.0,193430.0,1810.57,1650000.0,1777.8,161200.0
645,28-06-2021,34475.9,112000.0,2083.09,2190000.0,1780.7,160790.0
644,29-06-2021,35834.7,97270.0,2158.71,898060.0,1763.6,239910.0
643,30-06-2021,35026.9,107070.0,2273.84,1900000.0,1771.6,177890.0
642,01-07-2021,33543.6,27410.0,2109.11,1710000.0,1776.8,171440.0
641,02-07-2021,33813.4,78930.0,2154.78,1390000.0,1783.3,205860.0
640,07-07-2021,33867.8,72030.0,2316.57,1320000.0,1802.1,171080.0
639,08-07-2021,32866.3,108090.0,2120.22,1820000.0,1800.2,249340.0
638,09-07-2021,33797.4,67140.0,2145.89,1420000.0,1810.6,185580.0
637,12-07-2021,33113.0,63240.0,2035.09,540100.0,1805.9,201420.0
636,13-07-2021,32728.1,60040.0,1940.72,717850.0,1809.9,242180.0
635,14-07-2021,32820.7,69560.0,1994.64,1050000.0,1825.0,229880.0
634,15-07-2021,31840.5,76950.0,1917.21,645060.0,1829.0,175610.0
633,16-07-2021,31394.0,70480.0,1878.2,619620.0,1815.0,184660.0
632,19-07-2021,30837.2,77480.0,1818.07,802780.0,1809.2,249680.0
631,20-07-2021,29793.8,97460.0,1786.07,1200000.0,1811.4,221140.0
630,21-07-2021,32131.4,118340.0,1994.49,1510000.0,1803.4,218640.0
629,22-07-2021,32298.9,64870.00000000001,2024.58,1020000.0,1805.4,193320.0
628,23-07-2021,33603.3,66150.0,2123.61,961670.0,1801.8,236760.0
627,26-07-2021,37276.6,177630.0,2229.53,1890000.0,1799.2,204550.0
626,27-07-2021,39452.0,100240.0,2300.22,1250000.0,1799.8,177040.0
625,28-07-2021,40003.2,148920.0,2299.11,968940.0,1799.7,209780.0
624,29-07-2021,40001.4,75300.0,2380.93,642750.0,1835.8,212070.0
623,30-07-2021,42203.4,98450.0,2460.95,1030000.0,1817.2,157140.0
622,02-08-2021,39168.4,74810.0,2608.04,970670.0,1822.2,159760.0
621,03-08-2021,38130.3,260.0,2506.65,158450.0,1814.1,103450.0
620,04-08-2021,39736.9,79220.0,2725.29,1230000.0,1814.5,244680.0
619,05-08-2021,40867.2,130600.0,2827.21,1650000.0,1808.9,169840.0
618,06-08-2021,42795.4,111930.0,2889.43,1060000.0,1763.1,323150.0
617,09-08-2021,46284.3,117080.0,3162.93,1440000.0,1726.5,289540.0
616,10-08-2021,45593.8,80550.0,3140.71,1120000.0,1731.7,182560.0
615,11-08-2021,45564.3,75430.0,3163.66,950120.0,1753.3,185440.0
614,12-08-2021,44403.4,81070.0,3043.61,965630.0,1751.8,137120.0
613,13-08-2021,47809.1,75270.0,3322.43,795540.0,1778.2,144810.0
612,16-08-2021,45996.3,2410.0,3147.65,859090.0,1789.8,137700.0
611,17-08-2021,44691.6,84140.0,3014.58,1060000.0,1787.8,144820.0
610,18-08-2021,44723.8,22360.0,3016.91,750740.0,1784.4,132730.0
609,19-08-2021,46755.9,77920.0,3184.82,844130.0,1783.1,151250.0
608,20-08-2021,49324.0,83190.0,3284.21,739320.0,1784.0,107970.0
607,23-08-2021,49539.7,75370.0,3319.49,1090000.0,1806.3,156320.0
606,24-08-2021,47714.7,74260.0,3173.26,988820.0,1808.5,114790.0
605,25-08-2021,48994.5,63540.0,3228.15,923130.0,1791.0,163460.0
604,26-08-2021,46831.6,73790.0,3093.54,118440.0,1795.2,134530.0
603,27-08-2021,49064.3,62470.0,3273.58,839540.0,1819.5,203640.0
602,30-08-2021,46992.7,61680.0,3225.67,966580.0,1812.2,104880.0
601,31-08-2021,47130.4,71480.0,3430.74,1520000.0,1818.1,170390.0
600,01-09-2021,48819.4,74380.0,3832.73,1480000.0,1816.0,140120.0
599,02-09-2021,49274.3,80210.0,3786.19,928700.0,1811.5,113030.0
598,03-09-2021,49999.0,88080.0,3936.29,1200000.0,1833.7,184980.0
597,08-09-2021,46061.4,100480.0,3495.1,780680.0,1793.5,161260.0
596,09-09-2021,46385.6,73630.0,3423.51,1090000.0,1800.0,154130.0
595,10-09-2021,44842.8,75620.0,3207.27,1210000.0,1792.1,136250.0
594,13-09-2021,44949.5,96150.0,3284.52,1340000.0,1794.4,114310.0
593,14-09-2021,47077.5,65330.0,3428.87,720340.0,1807.1,197950.0
592,15-09-2021,48130.6,63400.0,3611.9,790270.0,1794.8,139300.0
591,16-09-2021,47748.0,60910.0,3569.43,195790.0,1756.7,255270.0
590,17-09-2021,47282.8,50160.0,3398.65,748100.0,1751.4,183250.0
589,20-09-2021,42870.6,77960.0,2976.05,1720000.0,1763.8,152450.0
588,21-09-2021,40651.3,142550.0,2761.52,1790000.0,1778.2,141620.0
587,22-09-2021,43551.6,93980.0,3077.78,1190000.0,1778.8,172350.0
586,23-09-2021,44869.2,74540.0,3152.92,841540.0,1749.8,225460.0
585,24-09-2021,42819.9,128880.0,2928.57,1740000.0,1751.7,151550.0
584,27-09-2021,42172.6,54120.0,2926.24,865300.0,1752.0,137570.0
583,28-09-2021,41022.3,60010.0,2807.28,896280.0,1737.5,215840.0
582,29-09-2021,41536.8,48210.0,2851.5,728860.0,1722.9,177390.0
581,30-09-2021,43823.3,64319.99999999999,3000.59,968230.0,1757.0,246370.0
580,01-10-2021,48146.0,94660.0,3309.13,1140000.0,1758.4,151200.0
579,04-10-2021,49227.3,66920.0,3382.9,826830.0,1767.6,166180.0
578,05-10-2021,51469.3,76630.0,3517.26,663880.0,1760.9,151420.0
577,06-10-2021,55323.2,116260.0,3575.41,1050000.0,1761.8,159220.0
576,07-10-2021,53783.9,75680.0,3586.0,826290.0,1759.2,146410.0
575,08-10-2021,53914.7,64050.0,3559.42,681740.0,1757.4,240370.0
574,11-10-2021,57477.3,73840.0,3545.06,683240.0,1755.7,114770.0
573,12-10-2021,56015.9,74850.0,3489.9,609890.0,1759.3,168110.0
572,13-10-2021,57380.1,73620.0,3607.28,557180.0,1794.7,299040.0
571,14-10-2021,57345.8,59840.0,3790.41,697090.0,1797.9,164650.0
570,15-10-2021,61672.5,121480.0,3866.9,721140.0,1768.3,202630.0
569,18-10-2021,62056.3,80150.0,3747.6,578210.0,1765.7,152740.0
568,19-10-2021,64278.5,80160.0,3876.78,488600.0,1770.5,166970.0
567,20-10-2021,65979.1,79870.0,4159.89,752030.0,1784.9,174080.0
566,21-10-2021,62210.2,105380.0,4054.16,1140000.0,1781.9,138730.0
565,22-10-2021,60690.3,75690.0,3970.94,654770.0,1796.3,312810.0
564,25-10-2021,63067.0,51060.0,4219.92,481410.0,1806.8,153590.0
563,26-10-2021,60310.8,57130.0,4129.51,559290.0,1793.4,197930.0
562,27-10-2021,58438.1,88110.0,3921.93,1070000.0,1798.8,182800.0
561,28-10-2021,60582.5,88470.0,4284.9,865800.0,1802.6,220880.0
560,29-10-2021,62242.8,63390.0,4413.7,781570.0,1783.9,254510.0
559,01-11-2021,60915.3,61210.0,4320.85,574260.0,1795.8,143330.0
558,02-11-2021,63221.7,65260.00000000001,4586.06,630260.0,1789.4,145790.0
557,03-11-2021,62918.5,61050.0,4602.21,634680.0,1763.9,257430.0
556,04-11-2021,61412.6,49910.0,4535.11,495860.0,1793.5,222610.0
555,05-11-2021,60974.3,44460.0,4475.0,409750.0,1816.8,299620.0
554,08-11-2021,67527.9,81080.0,4808.38,673210.0,1828.0,200410.0
553,09-11-2021,66904.4,66130.0,4731.83,437410.0,1830.8,224410.0
552,10-11-2021,64932.6,96210.0,4634.03,761900.0,1848.3,352790.0
551,11-11-2021,64806.7,50370.0,4720.87,418610.0,1863.9,205310.0
550,12-11-2021,64134.5,63270.0,4667.31,634590.0,1868.5,201360.0
549,15-11-2021,63597.9,53530.0,4562.98,495960.0,1866.6,221210.0
548,16-11-2021,60089.1,115360.0,4208.16,1120000.0,1854.1,220430.0
547,17-11-2021,60367.8,73930.0,4290.88,664940.0,1870.2,172420.0
546,18-11-2021,56955.3,100370.0,4001.87,792380.0,1861.4,186060.0
545,19-11-2021,58083.4,74440.0,4295.43,571960.0,1851.6,234080.0
544,22-11-2021,56308.8,76450.0,4086.95,717080.0,1806.3,352860.0
543,23-11-2021,57573.2,72480.0,4340.23,684350.0,1783.8,311350.0
542,24-11-2021,57171.7,56680.0,4273.54,595960.0,1784.3,203240.0
541,29-11-2021,57794.8,58650.0,4443.22,532660.0,1785.2,151370.0
540,30-11-2021,56882.9,73660.0,4628.9,973460.0,1776.5,242860.0
539,01-12-2021,57210.3,66750.0,4583.28,669180.0,1784.3,180340.0
538,02-12-2021,56496.0,54940.0,4512.9,608070.0,1762.7,172720.0
537,03-12-2021,53631.5,89200.0,4219.3,942770.0,1783.9,175180.0
536,06-12-2021,50562.1,89680.0,4353.31,993790.0,1779.5,104480.0
535,07-12-2021,50595.2,56290.0,4307.08,550780.0,1784.7,129890.0
534,08-12-2021,50473.9,55590.0,4435.74,574330.0,1785.5,109690.0
533,09-12-2021,47596.6,58690.0,4107.69,642170.0,1776.7,123970.0
532,10-12-2021,47137.2,68060.0,3903.48,798120.0,1784.8,142000.0
531,13-12-2021,46703.6,80370.0,3781.94,891670.0,1788.3,106060.0
530,14-12-2021,48366.5,62540.0,3861.55,577610.0,1772.3,153250.0
529,15-12-2021,48871.5,80280.0,4019.24,821220.0,1764.5,161100.0
528,16-12-2021,47628.2,48200.0,3956.62,512120.0,1798.2,167780.0
527,17-12-2021,46172.2,67500.0,3878.29,654900.0,1804.9,156610.0
526,20-12-2021,46895.2,57530.0,3938.8,531110.0,1794.6,105390.0
525,21-12-2021,48902.0,57880.0,4016.59,496710.0,1788.7,134150.0
524,22-12-2021,48599.7,40890.0,3979.54,426430.0,1802.2,110410.0
523,23-12-2021,50801.0,56240.0,4110.14,573180.0,1811.7,104840.0
522,27-12-2021,50678.2,43900.0,4036.24,313320.0,1808.8,84230.0
521,28-12-2021,47545.2,74390.0,3791.69,527230.0,1810.9,100540.0
520,29-12-2021,46461.7,63920.0,3627.93,456030.0,1805.8,138690.0
519,30-12-2021,47123.3,60960.0,3709.57,355720.0,1814.1,113430.0
518,31-12-2021,46219.5,58180.0,3677.85,405650.0,1828.6,106600.0
517,03-01-2022,46430.2,41060.0,3764.24,338510.0,1800.1,168310.0
516,04-01-2022,45837.3,55590.0,3789.52,415810.0,1814.6,167710.0
515,05-01-2022,43425.9,83740.0,3535.86,582710.0,1825.1,173340.0
514,06-01-2022,43097.5,63080.0,3407.77,701890.0,1789.2,238640.0
513,07-01-2022,41546.7,88360.0,3195.31,979250.0,1797.4,238930.0
512,10-01-2022,41832.2,85500.0,3085.43,804380.0,1798.8,173040.0
511,11-01-2022,42733.2,61780.0,3237.89,505210.0,1818.5,184150.0
510,12-01-2022,43901.0,53950.0,3370.89,530960.0,1827.3,192980.0
509,13-01-2022,42560.0,53420.0,3238.03,462810.0,1821.4,215520.0
508,14-01-2022,43073.3,50500.0,3307.9,415180.0,1816.5,174940.0
507,19-01-2022,41677.8,53770.0,3083.65,459810.0,1843.2,318490.0
506,20-01-2022,40715.9,65280.0,3004.72,481080.0,1842.6,233860.0
505,21-01-2022,36475.5,155800.0,2571.29,1420000.0,1831.8,225250.0
504,24-01-2022,36686.3,153770.0,2441.01,1560000.0,1841.7,244330.0
503,25-01-2022,36950.6,79680.0,2458.07,656030.0,1852.5,197800.0
502,26-01-2022,36800.4,107870.0,2461.41,1050000.0,1829.7,270030.0
501,27-01-2022,37164.3,83520.0,2424.66,774540.0,1793.1,196040.0
500,28-01-2022,37745.1,69450.0,2545.95,634500.0,1786.6,217150.0
499,31-01-2022,38498.6,61270.0,2686.82,601730.0,1796.4,139420.0
498,01-02-2022,38709.7,55200.0,2787.16,521740.0,1801.5,128880.0
497,02-02-2022,36890.2,53740.0,2681.0,602400.0,1810.3,123020.0
496,03-02-2022,37287.8,50350.0,2692.8,549270.0,1804.1,173720.0
495,04-02-2022,41567.6,95490.0,2994.99,908750.0,1807.8,177710.0
494,07-02-2022,43833.9,76600.0,3140.18,568420.0,1821.8,139810.0
493,08-02-2022,44038.2,92880.0,3115.88,664450.0,1827.9,142410.0
492,09-02-2022,44388.9,50920.0,3243.62,477820.0,1836.6,136720.0
491,10-02-2022,43521.0,89690.0,3071.83,742540.0,1837.4,227460.0
490,11-02-2022,42388.4,69950.0,2927.63,607930.0,1842.1,239090.0
489,14-02-2022,42550.3,53600.0,2929.31,477240.0,1869.4,231020.0
488,15-02-2022,44544.4,56340.0,3182.27,540040.0,1856.2,214880.0
487,16-02-2022,43883.6,41400.0,3118.9,416700.0,1871.5,141490.0
486,17-02-2022,40552.8,72630.0,2894.03,661980.0,1902.0,268550.0
485,18-02-2022,40000.1,64959.99999999999,2779.56,623190.0,1899.8,161750.0
484,23-02-2022,37224.6,64840.0,2578.15,636500.0,1910.4,154840.0
483,24-02-2022,38339.2,180470.0,2596.52,1850000.0,1926.3,423050.0
482,25-02-2022,39209.6,83780.0,2767.53,828870.0,1887.6,229780.0
481,28-02-2022,43188.2,108070.0,2922.5,899190.0,1900.7,249270.0
480,01-03-2022,44420.3,90670.0,2975.81,828620.0,1943.8,224000.0
479,02-03-2022,43912.8,80820.0,2947.14,740370.0,1922.3,227980.0
478,03-03-2022,42463.0,74110.0,2834.91,521360.0,1935.9,180210.0
477,04-03-2022,39142.7,3210000000.0,2622.15,1500000000.0,1966.6,241530.0
476,07-03-2022,38024.8,3020000000.0,2492.53,1580000000.0,1995.9,372190.0
475,08-03-2022,38744.8,2670000000.0,2577.21,1440000000.0,2043.3,447650.0
474,09-03-2022,41929.0,3600000000.0,2726.94,1520000000.0,1988.2,360350.0
473,10-03-2022,39416.3,3620000000.0,2606.5,1460000000.0,2000.4,303270.0
472,11-03-2022,38730.2,2790000000.0,2556.96,1280000000.0,1985.0,262090.0
471,14-03-2022,39671.1,2330000000.0,2589.3,991820000.0,1960.8,162200.0
470,15-03-2022,39285.7,2250000000.0,2617.43,1190000000.0,1929.7,220370.0
469,16-03-2022,41118.7,4470000000.0,2773.94,1790000000.0,1909.2,195460.0
468,17-03-2022,40914.8,1900000000.0,2812.29,1060000000.0,1943.2,149830.0
467,18-03-2022,41767.8,2310000000.0,2939.76,1590000000.0,1929.3,150880.0
466,21-03-2022,41022.0,406620000.0,2891.63,546610.0,1929.5,146410.0
465,22-03-2022,42373.0,537060000.0,2969.64,716470.0,1921.5,153280.0
464,23-03-2022,42912.0,433960000.0,3036.12,536630.0,1937.3,153310.0
463,24-03-2022,44013.0,491660000.0,3109.25,699580.0,1962.2,181200.0
462,25-03-2022,44331.0,494090000.0,3103.51,583250.0,1954.2,147900.0
461,28-03-2022,47105.0,610270000.0,3329.38,628910.0,1939.8,181370.0
460,29-03-2022,47449.0,478820000.0,3401.89,570030.0,1912.2,128050.0
459,30-03-2022,47075.0,467760000.0,3385.64,425380.0,1939.0,136040.0
458,31-03-2022,45525.0,520000000.0,3282.35,545440.0,1954.0,155300.0
457,01-04-2022,46297.0,632930000.0,3456.18,649920.0,1923.7,135150.0
456,04-04-2022,46629.0,446120000.0,3520.41,547680.0,1934.0,108440.0
455,05-04-2022,45506.0,421110000.0,3406.78,500270.0,1927.5,147260.0
454,06-04-2022,43173.0,649520000.0,3169.58,950590.0,1923.1,153970.0
453,07-04-2022,43448.0,390850000.0,3228.84,569390.0,1937.8,122810.0
452,08-04-2022,42275.0,467830000.0,3193.93,654820.0,1945.6,142500.0
451,11-04-2022,39497.0,608380000.0,2978.29,876670.0,1948.2,184390.0
450,12-04-2022,40078.0,468270000.0,3027.25,790540.0,1976.1,172390.0
449,13-04-2022,41133.0,406700000.0,3116.92,563890.0,1984.7,132030.0
448,14-04-2022,39936.0,294290000.0,3021.93,546540.0,1974.9,139420.0
447,18-04-2022,40803.0,484260000.0,3055.64,681760.0,1986.4,138130.0
446,19-04-2022,41503.0,268280000.0,3102.01,427140.0,1959.0,181440.0
445,20-04-2022,41368.0,382840000.0,3076.38,512720.0,1955.6,139510.0
444,21-04-2022,40482.0,493050000.0,2983.95,675440.0,1948.2,154920.0
443,22-04-2022,39709.0,421300000.0,2963.0,544890.0,1934.3,176680.0
442,25-04-2022,40427.0,654600000.0,3006.04,807690.0,1896.0,231490.0
441,26-04-2022,38113.0,681470000.0,2810.42,694460.0,1904.1,166200.0
440,27-04-2022,39243.0,426830000.0,2888.99,602240.0,1888.7,178200.0
439,28-04-2022,39748.0,542390000.0,2937.01,726030.0,1891.3,170910.0
438,29-04-2022,38581.0,382900000.0,2816.66,629560.0,1911.7,177140.0
437,02-05-2022,38514.0,580790000.0,2856.01,617740.0,1863.6,193830.0
436,03-05-2022,37718.0,367210000.0,2781.47,447800.0,1870.6,167430.0
435,04-05-2022,39688.0,691490000.0,2940.7,662070.0,1868.8,161480.0
434,05-05-2022,36544.0,1040000000.0,2747.46,899820.0,1875.7,218390.0
433,06-05-2022,36009.0,752840000.0,2692.88,881180.0,1882.8,194280.0
432,09-05-2022,30095.0,268090.0,2229.1,1930000.0,1858.6,218820.0
431,10-05-2022,31007.5,235610.0,2342.3,1950000.0,1841.0,260810.0
430,11-05-2022,29068.2,296900.0,2080.79,2700000.0,1853.7,243560.0
429,12-05-2022,28976.0,309480.0,1955.36,2840000.0,1824.6,255610.0
428,13-05-2022,29284.4,141230.0,2009.53,1340000.0,1808.2,179480.0
427,16-05-2022,29849.0,100250.0,2022.93,950850.0,1814.0,159490.0
426,17-05-2022,30437.5,79630.0,2091.14,736630.0,1818.9,137290.0
425,18-05-2022,28683.7,92030.0,1912.12,751820.0,1815.9,150350.0
424,19-05-2022,30305.9,101380.0,2019.34,858970.0,1841.2,175240.0
423,20-05-2022,29178.6,98780.0,1959.85,699690.0,1842.1,143050.0
422,23-05-2022,29093.3,92100.0,1972.93,738090.0,1847.8,163270.0
421,24-05-2022,29648.7,79420.0,1979.35,620410.0,1865.4,174760.0
420,25-05-2022,29540.6,78850.0,1942.91,639930.0,1846.3,182820.0
419,26-05-2022,29203.5,126710.0,1793.42,1420000.0,1847.6,123360.0
418,27-05-2022,28601.2,116410.0,1724.3,1570000.0,1857.3,123760.0
417,01-06-2022,29798.5,135090.0,1818.07,1290000.0,1848.7,158040.0
416,02-06-2022,30455.5,81400.0,1834.64,975530.0,1871.4,127470.0
415,03-06-2022,29700.9,72130.0,1775.29,884530.0,1850.2,115340.0
414,06-06-2022,31367.6,94010.0,1859.99,939370.0,1843.7,103180.0
413,07-06-2022,31128.8,140320.0,1813.72,1640000.0,1852.1,119210.0
412,08-06-2022,30201.6,87960.0,1793.0,1090000.0,1856.5,114140.0
411,09-06-2022,30097.8,61720.0,1788.06,625760.0,1852.8,131290.0
410,10-06-2022,29083.3,104260.0,1663.02,1130000.0,1875.5,267200.0
409,13-06-2022,22448.0,379260.0,1206.67,4390000.0,1831.8,252540.0
408,14-06-2022,22157.3,251010.0,1210.84,3270000.0,1813.5,165150.0
407,15-06-2022,22577.9,280410.0,1237.92,3730000.0,1819.6,203420.0
406,16-06-2022,20386.6,144000.0,1068.49,1760000.0,1849.9,180890.0
405,17-06-2022,20444.6,136270.0,1086.47,1450000.0,1840.6,141720.0
404,22-06-2022,19965.8,125940.0,1049.02,1580000.0,1838.4,149550.0
403,23-06-2022,21100.7,110700.0,1144.19,1570000.0,1829.8,167070.0
402,24-06-2022,21226.9,104560.0,1225.03,1660000.0,1830.3,139720.0
401,27-06-2022,20730.2,84690.0,1190.84,1070000.0,1824.8,143820.0
400,28-06-2022,20278.0,83830.0,1143.97,1320000.0,1821.2,111400.0
399,29-06-2022,20111.3,98970.0,1099.51,1540000.0,1817.5,155540.0
398,30-06-2022,19926.6,127730.0,1069.05,1710000.0,1807.3,208900.0
397,01-07-2022,19262.9,150180.0,1058.94,1890000.0,1801.5,249490.0
396,06-07-2022,20561.1,105240.0,1186.45,1420000.0,1736.5,258820.0
395,07-07-2022,21637.8,115810.0,1238.15,1180000.0,1739.7,151260.0
394,08-07-2022,21611.2,439900.0,1216.33,1450000.0,1742.3,189180.0
393,11-07-2022,19963.2,160200.0,1096.43,1340000.0,1731.7,171900.0
392,12-07-2022,19330.9,167910.0,1038.56,1490000.0,1724.8,255170.0
391,13-07-2022,20250.0,249380.0,1115.83,2480000.0,1735.5,300550.0
390,14-07-2022,20586.0,205280.0,1192.75,1860000.0,1705.8,266350.0
389,15-07-2022,20825.1,164670.0,1231.03,1740000.0,1703.6,176800.0
388,18-07-2022,22525.8,279720.0,1584.77,2370000.0,1710.2,157540.0
387,19-07-2022,23410.2,308910.0,1543.5,2180000.0,1710.7,131770.0
386,20-07-2022,23215.2,281310.0,1520.64,1650000.0,1700.2,174470.0
385,21-07-2022,23153.0,217080.0,1575.68,1550000.0,1713.4,248880.0
384,22-07-2022,22675.2,197540.0,1534.85,1430000.0,1727.4,200620.0
383,25-07-2022,21301.9,206930.0,1438.52,1650000.0,1719.1,160720.0
382,26-07-2022,21248.7,201570.0,1450.7,1420000.0,1717.7,147370.0
381,27-07-2022,22958.3,242660.0,1636.01,1800000.0,1719.1,144870.0
380,28-07-2022,23850.0,268320.0,1726.01,1870000.0,1769.2,192860.0
379,29-07-2022,23774.3,221660.0,1720.77,1440000.0,1781.8,136890.0
378,01-08-2022,23271.2,162330.0,1630.1,959530.0,1787.7,133740.0
377,02-08-2022,22988.6,177300.0,1631.48,1250000.0,1789.7,174170.0
376,03-08-2022,22820.8,174660.0,1618.08,906080.0,1776.4,151730.0
375,04-08-2022,22612.1,181190.0,1606.94,881560.0,1806.9,153290.0
374,05-08-2022,23308.2,208900.0,1737.71,1210000.0,1791.2,168900.0
373,08-08-2022,23816.3,197940.0,1778.42,951020.0,1805.2,103680.0
372,09-08-2022,23146.7,169620.0,1702.8,960580.0,1812.3,120510.0
371,10-08-2022,23962.9,243610.0,1853.46,1520000.0,1813.7,154590.0
370,11-08-2022,23935.3,285360.0,1880.28,1310000.0,1807.2,121260.0
369,12-08-2022,24398.7,194960.0,1957.63,834690.0,1815.5,118650.0
368,15-08-2022,24101.7,279280.0,1900.25,1090000.0,1798.1,137770.0
367,16-08-2022,23856.8,201700.0,1876.7,725780.0,1789.7,94400.0
366,17-08-2022,23338.0,239530.0,1834.18,1100000.0,1776.7,137830.0
365,18-08-2022,23203.6,160970.0,1846.51,675270.0,1771.2,124320.0
364,19-08-2022,20831.3,339470.0,1609.48,1590000.0,1762.9,138700.0
363,22-08-2022,21416.3,251830.0,1626.75,1040000.0,1748.4,142860.0
362,23-08-2022,21517.2,228650.0,1664.89,1050000.0,1761.2,145260.0
361,24-08-2022,21365.2,202400.0,1656.64,827200.0,1761.5,112650.0
360,25-08-2022,21565.4,190150.0,1695.37,677670.0,1771.4,117570.0
359,26-08-2022,20249.9,322160.0,1508.08,1340000.0,1749.8,176900.0
358,29-08-2022,20295.8,248040.0,1552.6,931760.0,1749.7,156220.0
357,30-08-2022,19792.6,308410.0,1523.34,1140000.0,1736.3,130660.0
356,31-08-2022,20043.9,318170.0,1555.12,1070000.0,1726.2,176730.0
355,01-09-2022,20126.1,275080.0,1585.48,823900.0,1709.3,198620.0
354,02-09-2022,19952.7,272220.0,1575.34,1040000.0,1722.6,174680.0
353,07-09-2022,19281.5,319100.0,1629.51,976590.0,1727.8,173620.0
352,08-09-2022,19317.4,291430.0,1634.85,772840.0,1720.2,184180.0
351,09-09-2022,21365.2,480370.0,1718.81,969870.0,1728.6,154710.0
350,12-09-2022,22395.3,431980.0,1716.42,727780.0,1740.6,154370.0
349,13-09-2022,20175.5,485320.0,1574.47,1300000.0,1717.4,232700.0
348,14-09-2022,20222.5,374220.0,1637.92,858280.0,1709.1,163290.0
347,15-09-2022,19701.7,358420.0,1472.64,1660000.0,1677.3,268090.0
346,16-09-2022,19802.4,315590.0,1434.01,829010.0,1683.5,217230.0
345,19-09-2022,19538.9,423430.0,1376.0,1110000.0,1678.2,141170.0
344,20-09-2022,18872.4,361180.0,1323.33,765140.0,1671.1,143930.0
343,21-09-2022,18489.0,446850.0,1247.74,1390000.0,1675.7,227940.0
342,22-09-2022,19404.0,448630.0,1326.44,1110000.0,1681.1,241280.0
341,23-09-2022,19293.5,431150.0,1327.96,1160000.0,1655.6,243050.0
340,26-09-2022,19225.7,516030.0,1337.06,1050000.0,1633.4,219860.0
339,27-09-2022,19081.0,660120.0,1328.23,1000000.0,1636.2,197060.0
338,28-09-2022,19411.0,581190.0,1337.37,1080000.0,1670.0,279820.0
337,29-09-2022,19593.0,449570.0,1336.08,871660.0,1668.6,201960.0
336,30-09-2022,19423.0,490290.0,1328.73,866630.0,1672.0,179990.0
335,03-10-2022,19628.3,333030.0,1323.41,604190.0,1702.0,215490.0
334,04-10-2022,20340.2,368170.0,1361.48,550050.0,1730.5,205080.0
333,05-10-2022,20157.5,352760.0,1352.07,564420.0,1720.8,173220.0
332,06-10-2022,19956.7,370600.0,1352.27,680650.0,1720.8,139440.0
331,07-10-2022,19531.3,263500.0,1330.99,574760.0,1709.3,157450.0
330,10-10-2022,19134.6,243770.0,1290.04,451440.0,1675.2,157150.0
329,11-10-2022,19059.1,288570.0,1279.97,498630.0,1686.0,171810.0
328,12-10-2022,19154.8,242180.0,1294.57,418570.0,1677.5,131770.0
327,13-10-2022,19379.8,455130.0,1287.34,1090000.0,1677.0,237010.0
326,14-10-2022,19181.8,400450.0,1296.74,734030.0,1648.9,183170.0
325,17-10-2022,19548.2,248400.0,1331.12,498150.0,1664.0,148890.0
324,18-10-2022,19328.2,290070.0,1310.81,625850.0,1655.8,163170.0
323,19-10-2022,19123.9,209280.0,1285.32,406740.0,1634.2,179250.0
322,20-10-2022,19042.9,253200.0,1282.87,483190.0,1636.8,163730.0
321,21-10-2022,19162.6,294660.0,1299.76,525540.0,1656.3,271100.0
320,24-10-2022,19331.5,286940.0,1343.88,665580.0,1654.1,171020.0
319,25-10-2022,20082.7,371540.0,1459.6,1280000.0,1658.0,182800.0
318,26-10-2022,20769.5,427990.0,1566.16,1430000.0,1669.2,186930.0
317,27-10-2022,20292.9,365490.0,1514.19,1020000.0,1665.6,189290.0
316,28-10-2022,20594.4,318900.0,1554.47,966350.0,1644.8,196360.0
315,31-10-2022,20496.3,327470.0,1572.89,938650.0,1640.7,128410.0
314,01-11-2022,20483.5,302720.0,1579.64,593310.0,1649.7,197980.0
313,02-11-2022,20154.4,420230.0,1519.04,1140000.0,1650.0,220930.0
312,03-11-2022,20206.4,347230.0,1531.08,631900.0,1630.9,254700.0
311,04-11-2022,21145.9,499500.0,1645.01,1070000.0,1676.6,293520.0
310,07-11-2022,20589.0,414240.0,1567.57,719300.0,1680.5,187590.0
309,08-11-2022,18527.4,865100.0,1335.25,2870000.0,1716.0,297620.0
308,09-11-2022,15886.9,869570.0,1100.84,2920000.0,1713.7,239650.0
307,10-11-2022,17589.1,720740.0,1299.15,2190000.0,1753.7,305720.0
306,11-11-2022,17049.9,466350.0,1288.63,1450000.0,1769.4,227040.0
305,14-11-2022,16613.7,442460.0,1242.64,1010000.0,1776.9,191350.0
304,15-11-2022,16895.1,337150.0,1253.45,686180.0,1776.8,283020.0
303,16-11-2022,16540.5,295730.0,1206.16,705310.0,1775.8,200760.0
302,17-11-2022,16691.2,257000.0,1205.17,567610.0,1763.0,169100.0
301,18-11-2022,16638.3,241960.0,1207.31,388690.0,1754.4,137330.0
300,21-11-2022,15776.2,372150.0,1107.46,981810.0,1739.6,166080.0
299,22-11-2022,16212.9,287210.0,1139.74,815180.0,1739.9,153090.0
298,23-11-2022,16623.9,305080.0,1185.79,688960.0,1745.6,167770.0
297,25-11-2022,16512.3,204070.0,1198.12,426960.0,1754.0,134300.0
296,28-11-2022,16211.7,284840.0,1167.73,518170.0,1740.3,132770.0
295,29-11-2022,16440.4,271580.0,1216.55,549930.0,1763.7,127320.0
294,30-11-2022,17163.9,348220.0,1294.41,858510.0,1759.9,192240.0
293,01-12-2022,16972.0,266140.0,1276.05,453590.0,1815.2,226150.0
292,02-12-2022,17093.6,227010.0,1295.69,393370.0,1809.6,183720.0
291,05-12-2022,16966.5,268720.0,1259.56,430540.0,1781.3,179820.0
290,06-12-2022,17089.3,246190.0,1271.26,342160.0,1782.4,127860.0
289,07-12-2022,16835.2,244360.0,1231.04,422120.0,1798.0,155570.0
288,08-12-2022,17225.7,261640.0,1280.29,447070.0,1801.5,116270.0
287,09-12-2022,17125.7,260840.0,1262.86,437550.0,1810.7,150940.0
286,12-12-2022,17210.4,249390.0,1275.02,395620.0,1792.3,107780.0
285,13-12-2022,17778.6,328710.0,1320.76,717710.0,1825.5,230910.0
284,14-12-2022,17796.4,318980.0,1307.3,614310.0,1818.7,143800.0
283,15-12-2022,17356.1,263440.0,1266.32,446340.0,1787.8,185320.0
282,16-12-2022,16629.6,303560.0,1166.7,829230.0,1800.2,128750.0
281,19-12-2022,16441.3,207930.0,1167.8,337020.0,1797.7,86090.0
280,20-12-2022,16902.8,284570.0,1217.2,497610.0,1825.4,197500.0
279,21-12-2022,16831.8,174340.0,1213.85,269180.0,1825.4,110180.0
278,22-12-2022,16820.6,198280.0,1217.57,383630.0,1795.3,175770.0
277,23-12-2022,16779.1,184120.0,1220.03,301170.0,1804.2,105460.0
276,27-12-2022,16706.1,192180.0,1211.6,290020.0,1823.1,159620.0
275,28-12-2022,16546.2,217960.0,1189.98,407450.0,1815.8,118080.0
274,29-12-2022,16636.4,181470.0,1200.84,272590.0,1826.0,105990.0
273,30-12-2022,16607.2,192760.0,1199.8,285770.0,1826.2,107500.0
272,03-01-2023,16674.2,178730.0,1214.57,219980.0,1846.1,212270.0
271,04-01-2023,16852.1,247390.0,1256.92,504280.0,1859.0,198350.0
270,05-01-2023,16829.8,178960.0,1250.95,289490.0,1840.6,188600.0
269,06-01-2023,16950.9,233470.0,1269.14,369540.0,1869.7,215370.0
268,09-01-2023,17180.1,301240.0,1320.51,629220.0,1877.8,204550.0
267,10-01-2023,17439.1,247140.0,1335.13,487240.0,1876.5,170510.0
266,11-01-2023,17942.3,291530.0,1389.84,509990.0,1878.9,222250.0
265,12-01-2023,18851.3,522010.0,1416.08,960620.0,1898.8,265170.0
264,13-01-2023,19927.0,426670.0,1450.86,552050.0,1921.7,247880.0
263,17-01-2023,21137.1,310040.0,1564.67,536730.0,1907.2,710.0
262,18-01-2023,20670.6,388670.0,1511.31,801710.0,1907.0,218970.0
261,19-01-2023,21081.2,275760.0,1551.62,329040.0,1923.9,214250.0
260,20-01-2023,22677.2,373740.0,1659.98,472150.0,1928.2,165270.0
259,23-01-2023,22915.5,327850.0,1626.53,436570.0,1936.2,970.0
258,24-01-2023,22632.5,334170.0,1556.15,493470.0,1943.1,1080.0
257,25-01-2023,23055.1,388180.0,1611.2,681590.0,1950.3,1270.0
256,26-01-2023,23016.0,320970.0,1602.55,552260.0,1937.6,2100.0
255,27-01-2023,23074.6,310360.0,1597.6,533750.0,1936.6,2330.0
254,30-01-2023,22832.2,339620.0,1566.5,630550.0,1922.9,27220.0
253,31-01-2023,23125.1,289380.0,1585.27,368940.0,1929.5,1910.0
252,01-02-2023,23725.6,333180.0,1642.1,505440.0,1927.8,2290.0
251,02-02-2023,23427.6,382860.0,1641.71,685270.0,1916.3,750.0
250,03-02-2023,23431.2,349360.0,1663.79,489790.0,1862.9,990.0
249,06-02-2023,22761.8,278580.0,1613.72,401030.0,1866.2,420.0
248,07-02-2023,23251.7,318980.0,1671.4,481910.0,1871.7,300.0
247,08-02-2023,22964.6,289120.0,1650.99,447570.0,1877.4,230.0
246,09-02-2023,21792.5,425440.0,1545.35,702210.0,1866.2,220.0
245,10-02-2023,21635.0,352790.0,1513.82,523330.00000000006,1862.8,30.0
244,13-02-2023,21772.6,312040.0,1505.84,681850.0,1851.9,570.0
243,14-02-2023,22198.5,378390.0,1555.46,705280.0,1854.0,660.0
242,15-02-2023,24327.9,401530.0,1675.43,627070.0,1834.2,370.0
241,16-02-2023,23539.6,484500.0,1640.66,894270.0,1842.0,220.0
240,17-02-2023,24573.5,523850.0,1693.96,617210.0,1840.4,40.0
239,21-02-2023,24450.7,395970.0,1659.41,554520.0,1842.5,210170.0
238,22-02-2023,24186.6,400240.0,1643.39,560400.0,1833.3,570.0
237,23-02-2023,23936.3,417460.0,1650.52,529750.0,1818.8,650.0
236,24-02-2023,23191.5,367990.0,1608.24,548070.0,1809.2,400.0
235,27-02-2023,23494.1,297650.0,1633.66,458530.0,1824.9,130430.0
234,28-02-2023,23130.5,275100.0,1604.69,411490.0,1836.7,184510.0
233,01-03-2023,23642.2,328770.0,1666.09,497120.0,1845.4,182580.0
232,02-03-2023,23465.4,249260.0,1647.38,440630.0,1840.5,139760.0
231,03-03-2023,22354.4,344630.0,1568.89,783740.0,1854.6,158960.0
230,06-03-2023,22410.0,215310.0,1565.84,322160.0,1854.6,136220.0
229,07-03-2023,22197.8,304750.0,1561.78,460100.0,1820.0,248230.0
228,08-03-2023,21710.8,316510.0,1533.04,478440.0,1818.6,208290.0
227,09-03-2023,20361.8,468760.0,1438.5,764770.0,1834.6,228470.0
226,10-03-2023,20156.7,655270.0,1426.75,1010000.0,1867.2,345810.0
225,13-03-2023,24114.4,733630.0,1673.93,1300000.0,1916.5,452330.0
224,14-03-2023,24699.7,753060.0,1700.15,1360000.0,1910.9,261280.0
223,15-03-2023,24282.7,614310.0,1649.65,1020000.0,1948.1,84730.0
222,16-03-2023,25004.1,462580.0,1673.85,660140.0,1939.7,34770.0
221,17-03-2023,27391.8,674960.0,1789.38,975130.0,1990.2,67460.0
220,20-03-2023,27720.5,503900.0,1732.31,716260.0,1999.7,69060.0
219,21-03-2023,28114.0,438780.0,1803.54,779810.0,1958.3,65170.0
218,22-03-2023,27261.7,262030.0,1734.48,933240.0,1966.6,60530.0
217,23-03-2023,28310.7,158460.0,1814.08,767730.0,2013.3,74550.0
216,24-03-2023,27462.2,110360.0,1749.26,602300.0,2001.7,118690.0
215,27-03-2023,27129.8,107240.0,1714.65,607000.0,1971.5,107040.0
214,28-03-2023,27262.2,94160.0,1772.63,561330.0,1973.5,183580.0
213,29-03-2023,28350.4,109320.0,1793.27,564930.0,1966.9,88560.0
212,30-03-2023,28029.5,122510.0,1793.59,607740.0,1980.3,10120.0
211,31-03-2023,28473.7,98440.0,1821.62,579010.0,1969.0,960.0
210,03-04-2023,27802.1,98000.0,1810.77,657580.0,1983.9,740.0
209,04-04-2023,28164.4,64060.0,1870.52,658370.0,2022.2,810.0
208,05-04-2023,28173.5,77320.0,1908.96,583840.0,2020.9,530.0
207,06-04-2023,28036.7,51290.0,1872.35,420800.0,2011.9,490.0
206,10-04-2023,29641.0,85730.0,1910.36,457410.0,1989.1,650.0
205,11-04-2023,30209.6,89380.0,1889.86,428260.0,2004.8,70.0
204,12-04-2023,29886.4,78690.0,1916.58,669430.0,2010.9,170.0
203,13-04-2023,30387.4,65870.0,2012.11,721560.0,2041.3,1040.0
202,14-04-2023,30472.5,98380.0,2099.98,957030.0,2002.2,720.0
201,17-04-2023,29434.9,71900.0,2074.74,448140.0,1994.2,550.0
200,18-04-2023,30382.2,76580.0,2103.34,437100.0,2010.3,220.0
199,19-04-2023,28813.7,111270.0,1935.97,855360.0,1998.0,920.0
198,20-04-2023,28240.5,95450.0,1942.72,665650.0,2009.8,420.0
197,21-04-2023,27264.8,98720.0,1849.81,769940.0,1981.3,620.0
196,24-04-2023,27509.3,66740.0,1841.88,480280.0,1990.6,540.0
195,25-04-2023,28298.8,65310.0,1865.95,491980.0,1995.1,850.0
194,26-04-2023,28424.6,164310.0,1866.05,958230.0,1986.9,620.0
193,27-04-2023,29475.9,121630.0,1908.81,771480.0,1999.0,203900.0
192,28-04-2023,29321.8,69880.0,1891.14,408450.0,1999.1,172450.0
191,01-05-2023,28077.6,84360.0,1830.75,475920.0,1992.2,173020.0
190,02-05-2023,28669.1,65330.0,1869.74,391270.0,2023.3,245640.0
189,03-05-2023,29023.6,81220.0,1904.74,489660.0,2037.0,229670.0
188,04-05-2023,28842.1,53800.0,1877.06,372690.0,2055.7,311000.0
187,05-05-2023,29513.2,74520.0,1993.33,589050.0,2024.8,283300.0
186,08-05-2023,27670.5,85720.0,1847.48,667820.0,2033.2,182210.0
185,09-05-2023,27634.9,49750.0,1846.56,318790.0,2042.9,199700.0
184,10-05-2023,27603.3,91450.0,1840.92,685110.0,2037.1,260810.0
183,11-05-2023,26983.5,62850.0,1794.71,548420.0,2020.5,296980.0
182,12-05-2023,26799.2,87490.0,1807.31,598870.0,2019.8,220500.0
181,15-05-2023,27183.9,53270.0,1817.11,405840.0,2018.0,0.0
180,16-05-2023,27035.3,45290.0,1823.98,325770.0,1988.4,50.0
179,17-05-2023,27403.1,58140.0,1821.73,376260.0,1980.7,10.0
178,18-05-2023,26828.0,63390.0,1800.99,311240.0,1956.5,20.0
177,19-05-2023,26882.9,36670.0,1812.32,253500.0,1978.7,110.0
176,22-05-2023,26847.3,35560.0,1817.19,250270.0,1974.8,10.0
175,23-05-2023,27220.7,50890.0,1854.08,428050.0,1972.4,0.0
174,24-05-2023,26328.4,72650.0,1799.91,441640.0,1962.8,190.0
173,25-05-2023,26475.8,50170.0,1805.69,370600.0,1943.1,0.0
172,26-05-2023,26711.5,45880.0,1827.8,290890.0,1963.1,130070.0
171,30-05-2023,27698.2,45190.0,1900.59,288670.0,1977.1,264370.0
170,31-05-2023,27216.1,63080.0,1873.63,337870.0,1982.1,207750.0
169,01-06-2023,26819.0,51980.0,1861.77,286980.0,1995.5,176910.0
168,02-06-2023,27244.7,49370.0,1907.1,329160.0,1969.6,209690.0
167,05-06-2023,25747.4,85420.0,1811.2,588610.0,1974.3,179990.0
166,06-06-2023,27230.2,88610.0,1884.17,518570.00000000006,1981.5,136000.0
165,07-06-2023,26342.5,77480.0,1832.1,454830.0,1958.4,189530.0
164,08-06-2023,26501.1,39950.0,1845.68,202780.0,1978.6,191840.0
163,09-06-2023,26479.3,38960.0,1840.41,215710.0,1977.2,130410.0
162,12-06-2023,25906.8,40750.0,1742.6,320470.0,1969.7,122540.0
161,13-06-2023,25929.4,56240.0,1739.6,303230.0,1958.6,198400.0
160,14-06-2023,25129.5,60820.0,1650.96,451130.0,1968.9,199710.0
159,15-06-2023,25591.3,68380.0,1666.96,397400.0,1961.8,820.0
158,16-06-2023,26341.3,69240.0,1717.92,333350.0,1962.2,620.0
157,20-06-2023,28307.7,100550.0,1791.61,359770.0,1938.9,740.0
156,21-06-2023,29996.9,143490.0,1889.87,653630.0,1936.1,810.0
155,22-06-2023,29890.5,79220.0,1872.32,438750.0,1915.0,370.0
154,23-06-2023,30679.4,98850.0,1891.97,428030.0,1921.0,750.0
153,26-06-2023,30267.0,58710.0,1859.0,479760.0,1925.1,770.0
152,27-06-2023,30689.1,55820.0,1889.51,386050.0,1915.1,230.0
151,28-06-2023,30078.6,51060.0,1827.95,356710.0,1913.4,630.0
150,29-06-2023,30445.7,49570.0,1851.92,256220.00000000003,1917.9,205250.0
149,30-06-2023,30472.9,118650.0,1933.8,765420.0,1929.4,180690.0
148,03-07-2023,31151.3,56490.0,1955.56,346330.0,1929.5,152960.0
147,05-07-2023,30512.8,43230.0,1910.43,284340.0,1927.1,245930.0
146,06-07-2023,29913.1,90810.0,1848.36,483000.0,1915.4,231510.0
145,07-07-2023,30346.4,46420.0,1870.92,249820.0,1932.5,214270.0
144,10-07-2023,30415.3,55240.0,1880.42,264830.0,1931.0,208090.0
143,11-07-2023,30623.3,39840.0,1878.33,191470.0,1937.1,189370.0
142,12-07-2023,30387.3,54060.0,1871.86,280910.0,1961.7,270870.0
141,13-07-2023,31466.1,99810.0,2004.77,588530.0,1963.8,241220.0
140,14-07-2023,30317.4,82420.0,1938.05,530860.0,1964.4,209310.0
139,17-07-2023,30139.7,42840.0,1911.24,293540.0,1956.4,165830.0
138,18-07-2023,29866.8,42400.0,1897.58,233000.0,1980.8,264090.0
137,19-07-2023,29909.7,34960.0,1888.65,244920.0,1980.8,159410.0
136,20-07-2023,29801.0,50330.0,1891.23,321920.0,1970.9,189930.0
135,21-07-2023,29903.1,32590.000000000004,1891.75,176390.0,1966.6,156540.0
134,24-07-2023,29178.1,55730.0,1850.04,297130.0,1981.6,6440.0
133,25-07-2023,29228.6,29050.0,1857.67,161060.0,1983.1,8630.0
132,26-07-2023,29352.2,44330.0,1872.0,286610.0,1989.7,11940.0
131,27-07-2023,29222.7,30420.0,1861.32,176210.0,1965.3,16910.0
130,28-07-2023,29315.0,31420.0,1874.23,148920.0,1999.9,159600.0
129,31-07-2023,29232.4,31840.0,1856.17,177970.0,2009.2,139960.0
128,01-08-2023,29712.2,64010.00000000001,1874.21,386290.0,1978.8,167760.0
127,02-08-2023,29173.7,67410.0,1840.21,272700.0,1975.0,169660.0
126,03-08-2023,29189.3,36080.0,1835.98,182560.0,1968.8,141350.0
125,04-08-2023,29105.5,31430.0,1830.24,199600.0,1976.1,156420.0
124,07-08-2023,29204.2,41190.0,1829.11,243920.0,1970.0,104410.0
123,08-08-2023,29777.4,62570.0,1856.24,253390.0,1959.9,142340.0
122,09-08-2023,29578.0,49670.0,1855.36,203580.0,1950.6,139260.0
121,10-08-2023,29449.0,32000.0,1852.46,134210.0,1948.9,168260.0
120,11-08-2023,29420.8,27710.0,1848.88,120550.0,1946.6,122320.0
119,14-08-2023,29426.7,39300.0,1845.51,158110.0,1944.0,120980.0
118,15-08-2023,29195.3,33810.0,1828.98,196600.0,1935.2,167150.0
117,16-08-2023,28726.3,43710.0,1807.81,217470.0,1928.3,128610.0
116,17-08-2023,26635.7,132920.0,1683.89,876700.0,1915.2,152330.0
115,18-08-2023,26053.2,93050.0,1661.26,572900.0,1916.5,114740.0
114,21-08-2023,26126.0,41100.0,1667.6,265910.0,1923.0,138110.0
113,22-08-2023,26039.9,47720.0,1634.29,424510.0,1926.0,131090.0
112,23-08-2023,26436.2,60960.0,1679.93,399710.0,1948.1,170040.0
111,24-08-2023,26177.0,41040.0,1660.89,246620.0,1947.1,137390.0
110,25-08-2023,26057.2,39960.0,1653.74,250860.0,1939.9,166990.0
109,28-08-2023,26118.9,28840.0,1653.22,229390.0,1946.8,115550.0
108,29-08-2023,27723.9,98320.0,1729.69,528630.0,1965.1,174220.0
107,30-08-2023,27298.8,46540.0,1705.22,218440.0,1973.0,142380.0
106,31-08-2023,25937.3,69110.0,1645.82,355270.0,1965.9,133710.0
105,01-09-2023,25803.2,58080.0,1629.0,319190.0,1967.1,160730.0
104,05-09-2023,25790.2,28400.0,1634.46,219790.0,1952.6,192790.0
103,06-09-2023,25758.0,37780.0,1633.18,240730.0,1944.2,148780.0
102,07-09-2023,26249.8,39770.0,1648.09,243550.0,1942.5,117170.0
101,08-09-2023,25909.5,41010.0,1636.45,236380.0,1942.7,138690.0
100,11-09-2023,25166.4,56320.0,1551.89,444950.0,1947.2,131080.0
99,12-09-2023,25834.5,78710.0,1592.5,354590.0,1935.1,161990.0
98,13-09-2023,26223.0,42580.0,1607.63,238310.0,1932.5,161000.0
97,14-09-2023,26524.7,53820.0,1626.49,293640.0,1932.8,201740.0
96,15-09-2023,26601.0,36470.0,1641.31,194290.0,1946.2,199770.0
95,18-09-2023,26763.5,63350.0,1636.92,302350.0,1953.4,138030.0
94,19-09-2023,27209.2,52170.0,1643.08,201840.0,1953.7,131100.0
93,20-09-2023,27125.0,47230.0,1622.28,253880.0,1967.1,220980.0
92,21-09-2023,26570.0,47810.0,1584.03,264250.0,1939.6,225910.0
91,22-09-2023,26581.9,28790.0,1593.1,135120.0,1945.6,139930.0
90,25-09-2023,26302.7,38200.0,1588.62,191410.0,1936.6,164260.0
89,26-09-2023,26218.9,26410.0,1594.04,141610.0,1919.8,212260.0
88,27-09-2023,26366.1,50800.0,1598.49,307590.0,1890.9,238530.0
87,28-09-2023,27022.6,64560.0,1652.89,354030.0,1878.6,231420.0
86,29-09-2023,26909.8,42240.0,1667.72,273450.0,1866.1,245130.0
85,02-10-2023,27505.3,84300.0,1662.79,412810.0,1847.2,202150.0
84,03-10-2023,27428.4,44060.0,1656.88,216110.0,1841.5,216780.0
83,04-10-2023,27790.9,40930.0,1647.05,243080.0,1834.8,195050.0
82,05-10-2023,27410.3,46260.0,1611.58,253050.0,1831.8,172460.0
81,06-10-2023,27936.9,52510.0,1645.62,238240.0,1845.2,231020.0
80,09-10-2023,27581.4,44810.0,1579.74,372110.0,1864.3,187800.0
79,10-10-2023,27391.0,34320.0,1567.6,255410.0,1875.3,157340.0
78,11-10-2023,26876.6,55780.0,1566.88,279010.0,1887.3,169960.0
77,12-10-2023,26761.1,32750.0,1539.7,260590.0,1883.0,163480.0
76,13-10-2023,26863.5,33660.0,1552.17,208910.0,1941.5,312990.0
75,16-10-2023,28509.7,119180.0,1599.48,452690.0,1934.3,182820.0
74,17-10-2023,28403.6,53420.0,1564.99,250220.0,1935.7,165060.0
73,18-10-2023,28321.7,45010.0,1563.43,199430.0,1968.3,270050.0
72,19-10-2023,28723.0,50100.0,1566.79,238420.0,1980.5,264820.0
71,20-10-2023,29674.5,82680.0,1603.89,343610.0,1994.4,450.0
70,23-10-2023,33041.8,133460.0,1763.75,672280.0,1978.2,450.0
69,24-10-2023,33917.0,159080.0,1784.88,750210.0,1976.8,1230.0
68,25-10-2023,34496.8,75810.0,1787.0,389390.0,1985.5,160.0
67,26-10-2023,34153.7,56620.0,1803.13,471170.0,1987.9,200.0
66,27-10-2023,33901.8,47330.0,1779.54,298240.0,1989.0,370.0
65,30-10-2023,34477.9,45200.0,1809.05,304470.0,2005.6,181340.0
64,31-10-2023,34650.6,43400.0,1815.13,279110.0,1994.3,214780.0
63,01-11-2023,35423.8,71660.0,1846.6,509010.0,1987.5,197630.0
62,02-11-2023,34931.4,63660.0,1800.27,398430.0,1993.5,158650.0
61,03-11-2023,34718.7,54540.0,1832.29,337000.0,1999.2,222190.0
60,06-11-2023,35042.0,29810.0,1900.98,359000.0,1988.6,146280.0
59,07-11-2023,35426.1,53490.0,1885.97,370100.0,1973.5,218950.0
58,08-11-2023,35636.9,46330.0,1889.29,265080.0,1957.8,189360.0
57,09-11-2023,36700.5,115560.0,2120.16,1210000.0,1969.8,214080.0
56,10-11-2023,37303.0,59560.0,2077.78,640310.0,1937.7,229640.0
55,13-11-2023,36478.3,44550.0,2054.18,578440.0,1950.2,183700.0
54,14-11-2023,35549.3,63560.0,1979.1,521220.0,1966.5,180740.0
53,15-11-2023,37874.9,75510.0,2058.93,455570.0,1964.3,142920.0
52,16-11-2023,36161.2,66920.0,1961.76,585120.0,1987.3,186810.0
51,17-11-2023,36595.4,51370.0,1960.8,430920.0,1984.7,133120.0
50,20-11-2023,37454.1,51800.0,2021.49,455230.0,1990.7,310.0
49,21-11-2023,35813.6,71070.0,1934.62,527410.0,2012.0,670.0
48,22-11-2023,37410.8,64810.0,2063.05,506350.0,2003.4,670.0
47,24-11-2023,37717.3,65830.0,2080.62,460970.0,2013.7,520.0
46,27-11-2023,37248.6,45240.0,2027.51,354280.0,2023.1,1060.0
45,28-11-2023,37823.3,57500.0,2048.47,312940.0,2050.5,1860.0
44,29-11-2023,37855.5,49340.0,2028.99,269970.0,2067.1,197790.0
43,30-11-2023,37712.9,33530.0,2051.56,252490.0,2057.2,151920.0
42,01-12-2023,38688.2,62500.0,2087.21,402510.0,2089.7,241620.0
41,04-12-2023,41987.8,104210.0,2243.54,601450.0,2042.2,378220.0
40,05-12-2023,44076.2,96840.0,2293.34,561410.0,2036.3,209550.0
39,06-12-2023,43776.3,72520.0,2233.45,431570.0,2047.9,154220.0
38,07-12-2023,43289.7,63090.0,2355.8,518610.0,2046.4,173980.0
37,08-12-2023,44175.5,58440.0,2358.42,397410.0,2014.5,237290.0
36,11-12-2023,41256.1,105190.0,2225.34,678030.0,1993.7,160070.0
35,12-12-2023,41487.0,57040.0,2203.49,377050.0,1983.9,570.0
34,13-12-2023,42884.5,63110.0,2260.18,436640.0,1988.1,2220.0
33,14-12-2023,43025.9,59150.0,2315.64,461600.0,2035.2,560.0
32,15-12-2023,41929.0,45280.0,2220.41,349630.0,2026.0,630.0
31,18-12-2023,42659.7,61580.0,2218.8,388260.0,2030.9,250.0
30,19-12-2023,42259.3,55290.0,2177.44,400940.0,2042.6,470.0
29,20-12-2023,43662.8,70190.0,2202.19,440350.0,2038.1,260.0
28,21-12-2023,43865.9,48960.0,2239.62,471460.0,2041.8,540.0
27,22-12-2023,43968.9,44500.0,2324.23,620730.0,2059.6,440.0
26,26-12-2023,42513.3,56030.0,2230.74,429500.0,2060.4,290.0
25,27-12-2023,43446.5,50100.0,2378.63,577270.0,2083.4,590.0
24,28-12-2023,42581.1,49840.0,2344.47,626910.0,2083.5,129540.0
23,29-12-2023,42072.4,60980.0,2299.24,475370.0,2071.8,105720.0
22,02-01-2024,44943.7,97840.0,2355.27,491560.0,2073.4,157560.0
21,03-01-2024,42836.1,117650.0,2209.49,852010.0,2042.8,221680.0
20,04-01-2024,44157.0,68050.0,2267.27,467010.0,2050.0,130260.0
19,05-01-2024,44156.9,68070.0,2268.12,426010.0,2049.8,214680.0
18,08-01-2024,46962.2,103090.0,2330.98,565230.0,2033.5,220990.0
17,09-01-2024,46129.0,100090.0,2344.67,588190.0,2033.0,218750.0
16,10-01-2024,46629.3,131480.0,2581.79,1120000.0,2037.5,130.0
15,11-01-2024,46348.2,131040.0,2618.08,889360.0,2028.9,360.0
14,12-01-2024,42835.9,136920.0,2523.98,931960.0,2061.1,560.0
13,16-01-2024,43145.5,63930.0,2588.64,395070.0,2039.7,480.0
12,17-01-2024,42768.7,50440.0,2531.26,380900.0,2015.9,180.0
11,18-01-2024,41292.7,70350.0,2469.77,467220.0,2031.1,350.0
10,19-01-2024,41648.0,72640.0,2491.81,443420.0,2038.5,300.0
9,22-01-2024,39556.4,85100.0,2313.64,560840.0,2031.5,330.0
8,23-01-2024,39888.8,82670.0,2243.74,750520.0,2035.2,370.0
7,24-01-2024,40086.0,58640.0,2234.64,373250.0,2025.4,800.0
6,25-01-2024,39935.7,46300.0,2217.71,344110.0,2027.1,460.0
5,26-01-2024,41811.3,69470.0,2267.55,377790.0,2026.6,410.0
4,29-01-2024,43299.8,45230.0,2317.79,318840.0,2034.9,1780.0
3,30-01-2024,42946.2,55130.0,2343.11,387120.0,2050.9,214590.0
2,31-01-2024,42580.5,56480.0,2283.14,408790.0,2067.4,238370.0
1,01-02-2024,43081.4,47690.0,2304.28,323610.0,2071.1,260920.00000000003
0,02-02-2024,43194.7,42650.0,2309.28,246890.0,2053.7,
