,Date,Copper_Price,Copper_Vol.,Platinum_Price,Platinum_Vol.,Silver_Price,Silver_Vol.
0,2019-02-04,2.7975,490.0,822.5,90.0,15.886,60370.0
1,2019-02-05,2.8205,90.0,821.35,90.0,15.836,44220.0
2,2019-02-06,2.84,100.0,807.1,90.0,15.701,53180.0
3,2019-02-07,2.832,320.0,800.8,90.0,15.713,58370.0
4,2019-02-08,2.814,270.0,802.2,90.0,15.809,52060.0
5,2019-02-11,2.793,100.0,789.75,90.0,15.74,10.0
6,2019-02-12,2.775,50.0,793.55,90.0,15.69,60670.0
7,2019-02-13,2.776,50.0,788.4,90.0,15.652,77480.0
8,2019-02-14,2.7785,190.0,788.75,90.0,15.528,80460.0
9,2019-02-15,2.8025,150.0,808.55,90.0,15.743,71500.0
10,2019-02-19,2.8775,180.0,821.4,90.0,16.013,180.0
11,2019-02-20,2.92,360.0,830.4,90.0,16.177,114100.0
12,2019-02-21,2.8975,640.0,826.9,90.0,15.801,101000.0
13,2019-02-22,2.949,680.0,845.45,90.0,15.914,68140.0
14,2019-02-25,2.947,710.0,856.8,90.0,15.83,66890.0
15,2019-02-26,2.948,930.0,863.1,90.0,15.832,60810.0
16,2019-02-27,2.9625,73980.0,871.85,90.0,15.766,69160.0
17,2019-02-28,2.948,70210.0,874.1,90.0,15.634,65410.0
18,2019-03-01,2.932,75970.0,862.2,90.0,15.256,102860.0
19,2019-03-04,2.909,70590.0,840.6,90.0,15.105,90700.0
20,2019-03-05,2.9335,61970.0,839.1,90.0,15.105,67840.0
21,2019-03-06,2.9185,51450.0,829.7,90.0,15.085,56770.0
22,2019-03-07,2.9105,59930.0,816.5,90.0,15.04,61270.0
23,2019-03-08,2.8935,66540.0,818.85,90.0,15.349,73170.0
24,2019-03-11,2.901,43180.0,820.65,90.0,15.274,47790.0
25,2019-03-12,2.9285,68210.0,835.9,90.0,15.413,53980.0
26,2019-03-13,2.9355,49400.0,842.05,90.0,15.456,46360.0
27,2019-03-14,2.8915,68740.0,825.4,90.0,15.171,69840.0
28,2019-03-15,2.906,71260.0,831.8,90.0,15.324,58860.0
29,2019-03-18,2.909,60300.0,836.2,90.0,15.322,44450.0
30,2019-03-19,2.923,63280.0,851.7,90.0,15.372,39610.0
31,2019-03-20,2.921,60260.0,868.5,90.0,15.318,65900.0
32,2019-03-21,2.906,92470.0,860.35,90.0,15.437,72410.0
33,2019-03-22,2.8425,103690.0,847.95,90.0,15.407,53660.0
34,2019-03-25,2.8565,68370.0,866.6,90.0,15.567,50180.0
35,2019-03-26,2.854,62770.0,865.3,90.0,15.429,53100.0
36,2019-03-27,2.863,58230.0,859.9,90.0,15.298,58950.0
37,2019-03-28,2.877,160.0,849.25,90.0,14.973,86590.0
38,2019-03-29,2.9395,270.0,853.4,90.0,15.11,72200.0
39,2019-04-01,2.9285,450.0,855.7,90.0,15.099,66020.0
40,2019-04-02,2.9105,410.0,856.0,90.0,15.061,69930.0
41,2019-04-03,2.9525,350.0,875.5,90.0,15.102,59920.0
42,2019-04-04,2.915,250.0,902.05,90.0,15.084,74190.0
43,2019-04-05,2.9,210.0,905.65,90.0,15.086,66860.0
44,2019-04-08,2.937,160.0,910.05,90.0,15.216,55230.0
45,2019-04-09,2.9385,400.0,891.6,90.0,15.211,61100.0
46,2019-04-10,2.9305,110.0,907.95,90.0,15.244,63270.0
47,2019-04-11,2.892,360.0,897.4,90.0,14.867,106240.0
48,2019-04-12,2.9495,770.0,895.35,90.0,14.963,70740.0
49,2019-04-15,2.9385,660.0,891.65,90.0,14.975,76160.0
50,2019-04-16,2.9345,770.0,885.2,90.0,14.915,71050.0
51,2019-04-17,2.97,450.0,892.7,90.0,14.939,78510.0
52,2019-04-18,2.923,450.0,907.4,90.0,14.955,59160.0
53,2019-04-22,2.905,330.0,904.85,90.0,14.975,46630.0
54,2019-04-23,2.898,410.0,893.1,90.0,14.791,86030.0
55,2019-04-24,2.9135,860.0,888.6,90.0,14.916,84040.0
56,2019-04-25,2.865,560.0,890.65,90.0,14.879,68610.0
57,2019-04-26,2.8915,1040.0,902.8,90.0,15.088,52260.0
58,2019-04-29,2.897,70620.0,901.6,90.0,14.933,65250.0
59,2019-04-30,2.904,64720.0,891.4,90.0,14.984,62080.0
60,2019-05-01,2.8015,112250.0,872.2,90.0,14.729,85720.0
61,2019-05-02,2.7795,81050.0,853.65,90.0,14.617,64590.0
62,2019-05-03,2.819,80320.0,874.7,90.0,14.978,84550.0
63,2019-05-06,2.8295,89110.0,884.95,90.0,14.927,64550.0
64,2019-05-07,2.7855,103410.0,873.15,90.0,14.926,55910.0
65,2019-05-08,2.7745,94120.0,864.4,90.0,14.862,53110.0
66,2019-05-09,2.7715,89880.0,854.0,90.0,14.773,59560.0
67,2019-05-10,2.7745,91460.0,867.75,90.0,14.79,45820.0
68,2019-05-13,2.719,78970.0,860.85,90.0,14.777,63990.0
69,2019-05-14,2.725,62620.0,859.7,90.0,14.812,47640.0
70,2019-05-15,2.743,68130.0,846.8,90.0,14.812,43230.0
71,2019-05-16,2.748,60330.0,835.3,90.0,14.539,69180.0
72,2019-05-17,2.7385,55660.0,819.55,90.0,14.388,63190.0
73,2019-05-20,2.726,47180.0,816.5,90.0,14.445,44600.0
74,2019-05-21,2.715,60840.0,817.5,90.0,14.41,47470.0
75,2019-05-22,2.678,65880.0,803.5,90.0,14.449,36910.0
76,2019-05-23,2.6805,70820.0,801.15,90.0,14.613,68450.0
77,2019-05-24,2.6995,54240.0,805.5,90.0,14.555,40680.0
78,2019-05-28,2.696,63390.0,800.2,90.0,14.32,105610.0
79,2019-05-29,2.664,60700.0,792.2,90.0,14.411,72670.0
80,2019-05-30,2.6565,410.0,791.65,90.0,14.491,58640.0
81,2019-05-31,2.6405,520.0,792.8,90.0,14.567,88360.0
82,2019-06-03,2.651,210.0,823.05,90.0,14.74,112120.0
83,2019-06-04,2.67,290.0,820.75,90.0,14.769,96390.0
84,2019-06-05,2.6245,910.0,806.65,90.0,14.791,132020.0
85,2019-06-06,2.6515,240.0,803.25,90.0,14.905,80740.0
86,2019-06-07,2.6295,430.0,806.15,90.0,15.031,104800.0
87,2019-06-10,2.6625,360.0,807.75,90.0,14.639,94690.0
88,2019-06-11,2.673,460.0,815.2,90.0,14.74,79800.0
89,2019-06-12,2.655,410.0,811.35,90.0,14.753,71980.0
90,2019-06-13,2.658,550.0,812.7,90.0,14.892,76050.0
91,2019-06-14,2.631,400.0,803.6,90.0,14.803,115810.0
92,2019-06-17,2.6455,690.0,792.65,90.0,14.829,64269.99999999999
93,2019-06-18,2.7025,570.0,803.4,90.0,14.993,106330.0
94,2019-06-19,2.6805,210.0,812.55,90.0,14.958,88340.0
95,2019-06-20,2.7125,560.0,810.25,90.0,15.492,203970.0
96,2019-06-21,2.7055,1060.0,809.45,90.0,15.29,143030.0
97,2019-06-24,2.7065,1480.0,820.05,90.0,15.377,115900.0
98,2019-06-25,2.7365,1130.0,811.25,90.0,15.3,142470.0
99,2019-06-26,2.7155,900.0,821.45,90.0,15.294,93660.0
100,2019-06-27,2.7165,70430.0,821.95,90.0,15.294,74820.0
101,2019-06-28,2.7135,53970.0,839.6,90.0,15.341,57100.0
102,2019-07-01,2.688,86270.0,835.75,90.0,15.193,70000.0
103,2019-07-02,2.664,66390.0,837.75,90.0,15.238,71310.0
104,2019-07-03,2.683,52690.0,843.85,90.0,15.336,66800.0
105,2019-07-05,2.661,69030.0,813.8,90.0,15.001,109250.0
106,2019-07-08,2.659,58270.0,816.6,90.0,15.05,47620.0
107,2019-07-09,2.625,78230.0,813.6,90.0,15.147,49640.0
108,2019-07-10,2.694,86280.0,831.4,90.0,15.226,73720.0
109,2019-07-11,2.6875,62900.0,827.4,90.0,15.146,60630.0
110,2019-07-12,2.694,57600.0,834.25,90.0,15.236,49160.0
111,2019-07-15,2.711,60290.0,845.7,90.0,15.365,67640.0
112,2019-07-16,2.7,67460.0,844.2,90.0,15.678,128870.0
113,2019-07-17,2.716,54350.0,848.85,90.0,15.971,111240.0
114,2019-07-18,2.71,51680.0,854.3,90.0,16.198,149090.0
115,2019-07-19,2.7525,132640.0,849.45,90.0,16.195,173870.0
116,2019-07-22,2.722,66570.0,850.9,90.0,16.411,98270.0
117,2019-07-23,2.7,65120.00000000001,859.9,90.0,16.476,111410.0
118,2019-07-24,2.712,50450.0,880.95,90.0,16.626,84630.0
119,2019-07-25,2.7035,63420.0,871.3,90.0,16.411,121090.0
120,2019-07-26,2.685,58820.0,868.6,90.0,16.397,80580.0
121,2019-07-29,2.7175,55520.0,883.1,90.0,16.44,62060.0
122,2019-07-30,2.683,290.0,878.8,90.0,16.558,57740.0
123,2019-07-31,2.6715,860.0,868.6,90.0,16.405,107090.0
124,2019-08-01,2.6705,330.0,856.85,90.0,16.18,122900.0
125,2019-08-02,2.5775,690.0,848.2,90.0,16.27,100150.0
126,2019-08-05,2.549,590.0,860.5,90.0,16.393,114330.0
127,2019-08-06,2.5615,790.0,855.55,90.0,16.445,71820.0
128,2019-08-07,2.575,410.0,868.85,90.0,17.196,174980.0
129,2019-08-08,2.6105,170.0,870.7,90.0,16.936,124040.0
130,2019-08-09,2.5925,570.0,864.35,90.0,16.931,98620.0
131,2019-08-12,2.588,710.0,862.15,90.0,17.071,83990.0
132,2019-08-13,2.6335,500.0,857.8,90.0,16.985,182990.0
133,2019-08-14,2.5955,290.0,848.65,90.0,17.28,116020.0
134,2019-08-15,2.5985,290.0,842.75,90.0,17.214,96520.0
135,2019-08-16,2.5985,110.0,851.4,90.0,17.122,71920.0
136,2019-08-19,2.605,140.0,853.1,90.0,16.94,80550.0
137,2019-08-20,2.5815,190.0,850.15,90.0,17.148,72360.0
138,2019-08-21,2.589,530.0,855.95,90.0,17.151,70320.0
139,2019-08-22,2.5615,480.0,860.8,90.0,17.04,70970.0
140,2019-08-23,2.5345,280.0,860.25,90.0,17.413,112350.0
141,2019-08-26,2.5465,1240.0,858.75,90.0,17.641,108830.0
142,2019-08-27,2.55,1230.0,870.3,90.0,18.153,107650.0
143,2019-08-28,2.559,2100.0,901.8,90.0,18.318,97740.0
144,2019-08-29,2.5735,2560.0,920.75,90.0,18.323,161560.0
145,2019-08-30,2.547,330.0,936.6,90.0,18.342,115420.0
146,2019-09-03,2.5235,770.0,964.5,90.0,19.186,60.0
147,2019-09-04,2.59,650.0,991.3,90.0,19.547,156690.0
148,2019-09-05,2.6365,670.0,962.2,90.0,18.807,194130.0
149,2019-09-06,2.6285,290.0,953.3,90.0,18.119,221800.0
150,2019-09-09,2.6215,240.0,946.1,90.0,18.167,135350.0
151,2019-09-10,2.6225,150.0,934.85,90.0,18.186,116630.0
152,2019-09-11,2.609,140.0,948.15,90.0,18.17,84660.0
153,2019-09-12,2.635,540.0,952.25,90.0,18.177,99700.0
154,2019-09-13,2.6935,230.0,950.65,90.0,17.569,106470.0
155,2019-09-16,2.634,880.0,938.2,90.0,18.026,108430.0
156,2019-09-17,2.6215,240.0,940.5,90.0,18.14,88430.0
157,2019-09-18,2.6075,130.0,925.3,90.0,17.919,100530.0
158,2019-09-19,2.603,220.0,940.25,90.0,17.884,65970.0
159,2019-09-20,2.6015,290.0,947.3,90.0,17.849,59130.0
160,2019-09-23,2.6065,230.0,959.25,90.0,18.711,129340.0
161,2019-09-24,2.6015,480.0,957.05,90.0,18.628,132630.0
162,2019-09-25,2.606,510.0,928.3,90.0,18.073,132580.0
163,2019-09-26,2.571,800.0,932.8,90.0,17.912,110040.0
164,2019-09-27,2.5975,59060.0,929.6,90.0,17.652,134220.0
165,2019-09-30,2.5785,50070.0,892.15,90.0,16.998,96150.0
166,2019-10-01,2.5605,74860.0,884.35,90.0,17.302,82420.0
167,2019-10-02,2.5705,62200.0,893.9,90.0,17.683,70480.0
168,2019-10-03,2.5535,51490.0,894.45,90.0,17.676,70000.0
169,2019-10-04,2.5625,48820.0,885.45,90.0,17.625,59580.0
170,2019-10-07,2.577,49610.0,881.85,90.0,17.54,35220.0
171,2019-10-08,2.5685,62320.0,899.05,90.0,17.7,91070.0
172,2019-10-09,2.568,46710.0,895.95,90.0,17.81,67680.0
173,2019-10-10,2.6135,76150.0,904.25,90.0,17.602,93950.0
174,2019-10-11,2.628,71340.0,901.0,90.0,17.544,102670.0
175,2019-10-14,2.634,58730.0,898.6,90.0,17.71,48680.0
176,2019-10-15,2.614,53710.0,888.55,90.0,17.384,71960.0
177,2019-10-16,2.5895,54260.0,889.85,90.0,17.427,80640.0
178,2019-10-17,2.5975,53900.0,891.7,90.0,17.612,62370.0
179,2019-10-18,2.636,71810.0,896.5,90.0,17.578,48120.0
180,2019-10-21,2.6465,54490.0,891.6,90.0,17.602,76350.0
181,2019-10-22,2.633,46140.0,896.7,90.0,17.5,56640.0
182,2019-10-23,2.6715,75680.0,922.2,90.0,17.58,51190.0
183,2019-10-24,2.668,61060.0,927.2,90.0,17.804,76010.0
184,2019-10-25,2.6755,57340.0,930.55,90.0,17.926,133990.0
185,2019-10-28,2.683,49120.0,920.35,90.0,17.876,81920.0
186,2019-10-29,2.6915,52040.0,924.6,90.0,17.831,78570.0
187,2019-10-30,2.6905,110.0,928.05,90.0,17.867,84390.0
188,2019-10-31,2.6425,320.0,936.3,90.0,18.067,103410.0
189,2019-11-01,2.6575,410.0,954.65,90.0,18.052,89930.0
190,2019-11-04,2.6755,350.0,939.3,90.0,18.066,78100.0
191,2019-11-05,2.705,700.0,932.25,90.0,17.568,141970.0
192,2019-11-06,2.6695,310.0,932.3,90.0,17.598,101430.0
193,2019-11-07,2.732,590.0,914.2,90.0,17.01,166410.0
194,2019-11-08,2.686,740.0,889.7,90.0,16.823,135570.0
195,2019-11-11,2.668,250.0,877.2,90.0,16.802,90420.0
196,2019-11-12,2.65,470.0,874.05,90.0,16.692,93980.0
197,2019-11-13,2.6435,760.0,876.1,90.0,16.913,99840.0
198,2019-11-14,2.6265,760.0,882.85,90.0,17.028,79010.0
199,2019-11-15,2.6425,420.0,892.4,90.0,16.948,66800.0
200,2019-11-18,2.6245,1030.0,897.1,90.0,17.0,94060.0
201,2019-11-19,2.659,910.0,912.4,90.0,17.118,94710.0
202,2019-11-20,2.652,1150.0,919.8,90.0,17.115,98370.0
203,2019-11-21,2.6275,810.0,917.5,90.0,17.065,95170.0
204,2019-11-22,2.6515,510.0,893.75,90.0,17.0,78640.0
205,2019-11-25,2.6535,710.0,898.45,90.0,16.886,69120.0
206,2019-11-26,2.686,1480.0,909.8,90.0,17.045,84260.0
207,2019-11-27,2.6905,660.0,899.5,90.0,16.912,26890.0
208,2019-11-29,2.656,240.0,898.1,90.0,17.06,71950.0
209,2019-12-02,2.6455,110.0,900.4,90.0,16.966,71950.0
210,2019-12-03,2.618,80.0,912.0,90.0,17.248,90110.0
211,2019-12-04,2.6545,190.0,900.05,90.0,16.916,112990.0
212,2019-12-05,2.6585,330.0,898.7,90.0,17.059,69270.0
213,2019-12-06,2.7205,110.0,897.9,90.0,16.596,110180.0
214,2019-12-09,2.754,380.0,896.25,90.0,16.642,53510.0
215,2019-12-10,2.7615,260.0,918.65,90.0,16.702,50200.0
216,2019-12-11,2.7855,290.0,941.4,90.0,16.849,62670.0
217,2019-12-12,2.7925,240.0,945.5,90.0,16.949,113420.0
218,2019-12-13,2.7775,450.0,930.6,90.0,17.012,77900.0
219,2019-12-16,2.809,2320.0,931.15,90.0,17.113,48650.0
220,2019-12-17,2.8125,480.0,929.05,90.0,17.072,45740.0
221,2019-12-18,2.811,620.0,935.8,90.0,17.049,47190.0
222,2019-12-19,2.8265,480.0,936.4,90.0,17.154,47390.0
223,2019-12-20,2.805,210.0,912.15,90.0,17.224,65650.0
224,2019-12-23,2.8095,380.0,932.5,90.0,17.499,65080.0
225,2019-12-24,2.8265,160.0,945.6,90.0,17.853,64680.00000000001
226,2019-12-26,2.8475,140.0,949.1,90.0,17.99,89080.0
227,2019-12-27,2.8275,180.0,947.35,90.0,17.943,70180.0
228,2019-12-30,2.8335,46910.0,964.75,90.0,18.001,62950.0
229,2019-12-31,2.797,42720.0,971.9,90.0,17.921,62110.0
230,2020-01-02,2.825,72460.0,986.9,90.0,18.046,90110.0
231,2020-01-03,2.787,74750.0,988.55,90.0,18.151,110020.0
232,2020-01-06,2.79,59570.0,969.35,90.0,18.179,136410.0
233,2020-01-07,2.7935,59470.0,977.75,90.0,18.393,111960.0
234,2020-01-08,2.812,77700.0,961.0,90.0,18.167,180480.0
235,2020-01-09,2.802,53120.0,973.6,90.0,17.936,101360.0
236,2020-01-10,2.8135,60790.0,984.3,90.0,18.105,80660.0
237,2020-01-13,2.861,73100.0,980.6,90.0,17.996,59330.0
238,2020-01-14,2.8735,74970.0,989.25,90.0,17.742,84390.0
239,2020-01-15,2.866,55200.0,1031.5,90.0,17.988,73760.0
240,2020-01-16,2.847,73550.0,1015.3,90.0,17.939,58310.0
241,2020-01-17,2.8455,59520.0,1027.05,90.0,18.073,69180.0
242,2020-01-21,2.7935,103870.0,1000.8,90.0,17.808,135960.0
243,2020-01-22,2.765,71190.0,1022.6,90.0,17.828,57760.0
244,2020-01-23,2.726,88850.0,1009.05,90.0,17.829,69270.0
245,2020-01-24,2.684,72570.0,1010.25,90.0,18.113,68050.0
246,2020-01-27,2.5965,118990.0,991.3,90.0,18.056,67720.0
247,2020-01-28,2.5795,100470.0,990.7,90.0,17.458,110540.0
248,2020-01-29,2.554,87190.0,982.5,90.0,17.487,63160.0
249,2020-01-30,2.5275,140.0,981.85,90.0,17.992,96960.0
250,2020-01-31,2.52,470.0,962.65,90.0,18.012,63340.0
251,2020-02-03,2.5105,540.0,971.3,90.0,17.67,83120.0
252,2020-02-04,2.5455,650.0,966.65,90.0,17.561,59680.0
253,2020-02-05,2.5785,370.0,984.2,90.0,17.602,59860.0
254,2020-02-06,2.5965,500.0,968.9,90.0,17.818,60510.0
255,2020-02-07,2.557,360.0,970.15,90.0,17.692,68870.0
256,2020-02-10,2.5545,220.0,965.45,90.0,17.785,57050.0
257,2020-02-11,2.5875,230.0,971.75,90.0,17.597,70840.0
258,2020-02-12,2.6055,830.0,963.95,90.0,17.497,73620.0
259,2020-02-13,2.6175,310.0,972.0,90.0,17.619,69820.0
260,2020-02-14,2.604,310.0,967.4,90.0,17.734,56240.0
261,2020-02-18,2.6085,260.0,995.8,90.0,18.192,560.0
262,2020-02-19,2.6105,610.0,1010.85,90.0,18.311,93640.0
263,2020-02-20,2.5925,780.0,986.05,90.0,18.319,98110.0
264,2020-02-21,2.6125,640.0,976.75,90.0,18.53,114900.0
265,2020-02-24,2.5815,610.0,966.15,90.0,18.876,140490.0
266,2020-02-25,2.5805,650.0,935.7,90.0,18.191,153700.0
267,2020-02-26,2.5735,1250.0,911.4,90.0,17.834,96320.0
268,2020-02-27,2.5715,110450.0,903.65,90.0,17.735,122380.0
269,2020-02-28,2.54,130450.0,866.35,90.0,16.457,221540.0
270,2020-03-02,2.595,106890.0,868.8,90.0,16.739,104980.0
271,2020-03-03,2.573,100560.0,878.25,90.0,17.188,114570.0
272,2020-03-04,2.586,58220.0,875.7,90.0,17.246,67250.0
273,2020-03-05,2.573,62320.0,872.95,90.0,17.393,53480.0
274,2020-03-06,2.5605,99170.0,904.35,90.0,17.263,94550.0
275,2020-03-09,2.5105,120970.0,872.2,90.0,17.054,128270.0
276,2020-03-10,2.5215,93800.0,873.5,90.0,16.955,76900.0
277,2020-03-11,2.502,74670.0,863.2,90.0,16.776,56850.0
278,2020-03-12,2.4725,116120.0,762.65,90.0,16.005,147260.0
279,2020-03-13,2.464,124910.0,763.3,90.0,14.5,162450.0
280,2020-03-16,2.3925,114110.0,666.15,90.0,12.816,148460.0
281,2020-03-17,2.3135,101650.0,669.0,90.0,12.495,111380.0
282,2020-03-18,2.151,105930.0,642.1,90.0,11.772,122770.0
283,2020-03-19,2.1855,101070.0,595.2,90.0,12.134,77370.0
284,2020-03-20,2.1715,88780.0,611.4,90.0,12.385,81760.0
285,2020-03-23,2.1005,84920.0,665.15,90.0,13.261,74900.0
286,2020-03-24,2.18,91040.0,734.6,90.0,14.257,109940.0
287,2020-03-25,2.204,74580.0,733.6,90.0,14.873,78770.0
288,2020-03-26,2.178,60760.0,741.15,90.0,14.676,52830.0
289,2020-03-27,2.172,54310.0,738.4,90.0,14.534,54390.0
290,2020-03-30,2.1605,190.0,723.7,90.0,14.132,58900.0
291,2020-03-31,2.232,220.0,718.65,90.0,14.156,50960.0
292,2020-04-01,2.179,190.0,719.1,90.0,13.984,44030.0
293,2020-04-02,2.222,160.0,729.15,90.0,14.654,55520.0
294,2020-04-03,2.1955,280.0,724.6,90.0,14.494,38180.0
295,2020-04-06,2.221,200.0,746.45,90.0,15.169,52880.0
296,2020-04-07,2.277,300.0,738.7,90.0,15.48,69750.0
297,2020-04-08,2.2665,450.0,736.45,90.0,15.205,43340.0
298,2020-04-09,2.268,710.0,751.5,90.0,16.053,64319.99999999999
299,2020-04-13,2.3125,1120.0,754.3,90.0,15.537,50160.0
300,2020-04-14,2.338,520.0,819.2,90.0,16.13,63630.0
301,2020-04-15,2.304,330.0,801.45,90.0,15.505,51170.0
302,2020-04-16,2.302,440.0,805.5,90.0,15.622,43470.0
303,2020-04-17,2.354,280.0,791.25,90.0,15.295,41180.0
304,2020-04-20,2.328,1260.0,788.6,90.0,15.614,34450.0
305,2020-04-21,2.249,3150.0,757.9,90.0,14.876,68550.0
306,2020-04-22,2.3015,810.0,768.9,90.0,15.335,42940.0
307,2020-04-23,2.3145,590.0,791.3,90.0,15.357,47870.0
308,2020-04-24,2.3375,850.0,781.25,90.0,15.263,39190.0
309,2020-04-27,2.3475,560.0,776.65,90.0,15.21,30550.0
310,2020-04-28,2.348,1190.0,794.3,90.0,15.171,28280.0
311,2020-04-29,2.3705,46810.0,810.65,90.0,15.315,42100.0
312,2020-04-30,2.344,52270.0,805.5,90.0,14.973,66670.0
313,2020-05-01,2.312,42860.0,778.6,90.0,14.938,32190.0
314,2020-05-04,2.3125,30430.0,780.3,90.0,14.796,37060.0
315,2020-05-05,2.3325,38370.0,781.55,90.0,15.11,32040.0
316,2020-05-06,2.347,45060.0,764.75,90.0,15.015,38730.0
317,2020-05-07,2.3805,52220.0,781.5,90.0,15.59,49270.0
318,2020-05-08,2.406,34750.0,791.05,90.0,15.778,58810.0
319,2020-05-11,2.38,59010.0,781.0,90.0,15.68,37380.0
320,2020-05-12,2.359,48170.0,768.2,90.0,15.709,35610.0
321,2020-05-13,2.346,43800.0,776.45,90.0,15.671,42560.0
322,2020-05-14,2.346,53810.0,785.6,90.0,16.156,52220.0
323,2020-05-15,2.3305,48380.0,821.45,90.0,17.07,80680.0
324,2020-05-18,2.404,65069.99999999999,862.5,90.0,17.468,91020.0
325,2020-05-19,2.418,59830.0,893.55,90.0,17.901,66690.0
326,2020-05-20,2.46,54340.0,931.75,90.0,18.031,62490.0
327,2020-05-21,2.432,56130.0,869.3,90.0,17.364,74680.0
328,2020-05-22,2.3865,60700.0,886.6,90.0,17.693,51240.0
329,2020-05-27,2.382,73620.0,879.3,90.0,17.757,65069.99999999999
330,2020-05-28,2.4215,80.0,863.45,90.0,17.967,61040.0
331,2020-05-29,2.4345,80.0,873.1,90.0,18.499,64040.00000000001
332,2020-06-01,2.478,110.0,900.3,90.0,18.827,62650.0
333,2020-06-02,2.4985,30.0,872.7,90.0,18.26,78440.0
334,2020-06-03,2.495,50.0,858.15,90.0,17.958,72240.0
335,2020-06-04,2.4965,70.0,866.15,90.0,18.061,56560.0
336,2020-06-05,2.563,150.0,834.5,90.0,17.479,87120.0
337,2020-06-08,2.574,610.0,864.05,90.0,17.893,61180.0
338,2020-06-09,2.607,200.0,859.95,90.0,17.794,54900.0
339,2020-06-10,2.6655,120.0,850.0,90.0,17.796,88220.0
340,2020-06-11,2.5955,110.0,812.55,90.0,17.889,90450.0
341,2020-06-12,2.6105,2170.0,820.4,90.0,17.482,60630.0
342,2020-06-15,2.5785,380.0,831.05,90.0,17.399,75740.0
343,2020-06-16,2.577,780.0,841.25,90.0,17.652,65040.00000000001
344,2020-06-17,2.601,360.0,833.8,90.0,17.775,43100.0
345,2020-06-18,2.6015,530.0,814.7,90.0,17.508,47760.0
346,2020-06-19,2.621,300.0,824.6,90.0,17.847,64569.99999999999
347,2020-06-22,2.6575,170.0,844.5,90.0,17.902,75210.0
348,2020-06-23,2.664,510.0,843.85,90.0,18.063,75910.0
349,2020-06-24,2.654,310.0,796.95,90.0,17.67,71470.0
350,2020-06-25,2.6725,270.0,809.4,90.0,17.895,46320.0
351,2020-06-26,2.6715,900.0,804.0,90.0,18.168,37220.0
352,2020-06-29,2.6925,61500.0,832.3,90.0,18.064,50250.0
353,2020-06-30,2.7285,69030.0,852.6,90.0,18.637,75090.0
354,2020-07-01,2.734,76630.0,836.45,90.0,18.218,86820.0
355,2020-07-02,2.7485,66230.0,827.65,90.0,18.322,49860.0
356,2020-07-07,2.797,62730.0,861.6,90.0,18.699,71670.0
357,2020-07-08,2.824,59180.0,881.7,90.0,19.161,84230.0
358,2020-07-09,2.8385,78980.0,853.55,90.0,18.962,102760.0
359,2020-07-10,2.8975,81460.0,841.5,90.0,19.053,62080.0
360,2020-07-13,2.955,104540.0,849.9,90.0,19.788,85990.0
361,2020-07-14,2.9325,83110.0,843.85,90.0,19.53,73780.0
362,2020-07-15,2.885,86430.0,846.35,90.0,19.761,58390.0
363,2020-07-16,2.9015,71220.0,833.7,90.0,19.573,54370.0
364,2020-07-17,2.9045,49750.0,850.9,90.0,19.764,56420.0
365,2020-07-20,2.9155,59310.0,862.8,90.0,20.192,80320.0
366,2020-07-21,2.958,51620.0,926.85,90.0,21.557,142780.0
367,2020-07-22,2.9245,72710.0,962.4,90.0,23.144,202390.0
368,2020-07-23,2.9385,56700.0,949.55,90.0,22.988,182280.0
369,2020-07-24,2.8925,80310.0,955.35,90.0,22.85,111990.0
370,2020-07-27,2.8975,59870.0,995.9,90.0,24.501,188890.0
371,2020-07-28,2.9175,70940.0,987.65,90.0,24.3,253670.0
372,2020-07-29,2.919,57120.0,959.35,90.0,24.321,138900.0
373,2020-07-30,2.922,310.0,920.55,90.0,23.362,154860.0
374,2020-07-31,2.877,360.0,919.7,90.0,24.216,139820.0
375,2020-08-03,2.9205,40.0,938.0,90.0,24.417,78820.0
376,2020-08-04,2.903,50.0,961.0,200.0,26.028,157040.0
377,2020-08-05,2.925,30.0,994.9,260.0,26.89,212520.0
378,2020-08-06,2.919,290.0,1020.8,820.0,28.4,236120.0
379,2020-08-07,2.802,310.0,977.4,340.0,27.54,283920.0
380,2020-08-10,2.8705,100.0,1009.4,540.0,29.261,242860.0
381,2020-08-11,2.884,100.0,978.4,530.0,26.049,355280.0
382,2020-08-12,2.899,220.0,966.1,450.0,25.979,241930.0
383,2020-08-13,2.816,240.0,989.9,310.0,27.718,245900.0
384,2020-08-14,2.868,90.0,965.8,180.0,26.089,223220.0
385,2020-08-17,2.909,190.0,974.5,570.0,27.667,164740.0
386,2020-08-18,2.9805,470.0,982.1,280.0,28.075,213360.0
387,2020-08-19,3.028,270.0,962.7,240.0,27.34,212260.0
388,2020-08-20,2.981,170.0,933.7,360.0,27.147,153750.0
389,2020-08-21,2.924,400.0,932.8,580.0,26.732,160040.0
390,2020-08-24,2.9325,300.0,931.7,1000.0,26.607,122350.0
391,2020-08-25,2.9415,390.0,941.4,1370.0,26.273,100450.0
392,2020-08-26,2.9685,190.0,947.3,1280.0,27.449,137130.0
393,2020-08-27,2.9755,870.0,930.1,2470.0,27.025,131420.0
394,2020-08-28,3.012,450.0,949.1,2470.0,27.79,103770.0
395,2020-08-31,3.0555,150.0,947.4,1290.0,28.594,91970.0
396,2020-09-01,3.0225,170.0,961.4,1640.0,28.645,115760.0
397,2020-09-02,3.015,120.0,912.3,1760.0,27.395,126390.0
398,2020-09-03,2.9695,90.0,897.0,1710.0,26.875,125570.0
399,2020-09-04,3.056,360.0,905.3,1710.0,26.712,114600.0
400,2020-09-09,3.046,730.0,930.7,2420.0,27.083,60070.0
401,2020-09-10,2.9925,300.0,947.2,1390.0,27.291,86960.0
402,2020-09-11,3.036,300.0,946.0,1930.0,26.857,60570.0
403,2020-09-14,3.065,370.0,965.4,3790.0,27.355,53420.0
404,2020-09-15,3.061,320.0,989.1,2510.0,27.464,60450.0
405,2020-09-16,3.0585,200.0,980.4,1980.0,27.476,63700.0
406,2020-09-17,3.0685,180.0,938.7,4530.0,27.1,95310.0
407,2020-09-18,3.114,160.0,946.1,2260.0,27.129,53090.0
408,2020-09-21,3.0315,210.0,884.7,7650.0,24.387,180810.0
409,2020-09-22,3.06,260.0,866.2,8770.0,24.523,109440.0
410,2020-09-23,2.9925,300.0,850.8,10200.0,23.105,151990.0
411,2020-09-24,2.9675,180.0,845.3,8130.000000000001,23.196,159010.0
412,2020-09-25,2.9715,480.0,849.2,10520.0,23.093,92920.0
413,2020-09-28,2.988,280.0,888.2,12850.0,23.604,78580.0
414,2020-09-29,2.99,67930.0,897.7,12850.0,24.445,79190.0
415,2020-09-30,3.0325,81630.0,909.2,14960.0,23.494,90770.0
416,2020-10-01,2.8655,116110.0,906.0,11850.0,24.254,71450.0
417,2020-10-02,2.9775,112080.0,891.4,9150.0,24.029,66340.0
418,2020-10-05,2.963,56240.0,904.7,8620.0,24.56,50310.0
419,2020-10-06,2.9635,45410.0,870.3,15460.0,23.921,72230.0
420,2020-10-07,3.033,88200.0,866.8,9610.0,23.896,59070.0
421,2020-10-08,3.042,60110.0,864.0,9150.0,23.876,46730.0
422,2020-10-09,3.0825,77720.0,894.3,13460.0,25.108,74750.0
423,2020-10-12,3.064,50420.0,876.3,9340.0,25.271,70140.0
424,2020-10-13,3.0445,60940.0,873.3,10110.0,24.129,94210.0
425,2020-10-14,3.0505,44200.0,863.4,10980.0,24.395,63470.0
426,2020-10-15,3.0855,73520.0,861.3,14530.0,24.224,72420.0
427,2020-10-16,3.0675,49490.0,869.3,10390.0,24.405,50590.0
428,2020-10-19,3.086,53710.0,863.5,9620.0,24.698,63700.0
429,2020-10-20,3.148,78890.0,877.3,12020.0,24.98,57370.0
430,2020-10-21,3.1985,80170.0,893.9,9880.0,25.241,77690.0
431,2020-10-22,3.1535,74340.0,884.0,12520.0,24.709,74440.0
432,2020-10-23,3.129,50620.0,906.7,21360.0,24.675,52730.0
433,2020-10-26,3.0895,74730.0,877.4,16320.0,24.42,68930.0
434,2020-10-27,3.0935,56270.0,886.8,9310.0,24.57,52480.0
435,2020-10-28,3.064,89550.0,875.0,16170.000000000002,23.359,131770.0
436,2020-10-29,3.06,20.0,853.8,210.0,23.36,102570.0
437,2020-10-30,3.0515,260.0,852.4,120.0,23.646,80570.0
438,2020-11-02,3.081,60.0,863.3,570.0,24.033,74900.0
439,2020-11-03,3.0935,110.0,877.8,260.0,24.334,60020.0
440,2020-11-04,3.1095,90.0,873.2,490.0,23.893,101890.0
441,2020-11-05,3.1135,140.0,902.8,110.0,25.191,107650.0
442,2020-11-06,3.157,130.0,902.8,180.0,25.662,114860.0
443,2020-11-09,3.1595,210.0,870.4,500.0,23.701,168830.0
444,2020-11-10,3.1595,150.0,896.3,390.0,24.462,87440.0
445,2020-11-11,3.1375,50.0,871.8,330.0,24.267,76990.0
446,2020-11-12,3.148,130.0,887.6,300.0,24.306,62740.0
447,2020-11-13,3.1805,70.0,900.0,230.0,24.775,60870.0
448,2020-11-16,3.225,250.0,931.3,450.0,24.802,81630.0
449,2020-11-17,3.203,270.0,940.8,630.0,24.651,57850.0
450,2020-11-18,3.2035,460.0,953.7,310.0,24.448,82570.0
451,2020-11-19,3.2085,280.0,954.5,480.0,24.048,94810.0
452,2020-11-20,3.2975,390.0,961.1,1460.0,24.363,76350.0
453,2020-11-23,3.265,630.0,935.9,1750.0,23.633,106430.0
454,2020-11-24,3.3075,550.0,962.8,1550.0,23.3,106070.0
455,2020-11-25,3.318,1030.0,971.3,1210.0,23.362,57050.0
456,2020-11-30,3.4335,160.0,970.5,1210.0,22.593,95290.0
457,2020-12-01,3.48,380.0,1008.3,1770.0,24.09,89390.0
458,2020-12-02,3.4845,140.0,1016.1,1720.0,24.08,76790.0
459,2020-12-03,3.4865,90.0,1042.0,1670.0,24.137,73440.0
460,2020-12-04,3.521,60.0,1076.4,2740.0,24.253,68530.0
461,2020-12-07,3.514,70.0,1053.5,4320.0,24.794,83050.0
462,2020-12-08,3.4965,90.0,1041.0,3340.0,24.736,58830.0
463,2020-12-09,3.5105,100.0,1022.4,3150.0,23.99,84500.0
464,2020-12-10,3.5725,80.0,1031.7,3790.0,24.094,58690.0
465,2020-12-11,3.526,90.0,1026.3,4720.0,24.092,50250.0
466,2020-12-14,3.524,180.0,1020.2,4480.0,24.047,55680.0
467,2020-12-15,3.542,160.0,1044.1,4640.0,24.644,62400.0
468,2020-12-16,3.5575,90.0,1040.7,7980.0,25.052,97980.0
469,2020-12-17,3.6,40.0,1055.8,6370.0,26.181,97950.0
470,2020-12-18,3.63,130.0,1049.0,4480.0,26.033,70350.0
471,2020-12-21,3.5755,110.0,1021.7,16090.0,26.379,133740.0
472,2020-12-22,3.519,440.0,1015.8,10800.0,25.535,108020.0
473,2020-12-23,3.555,110.0,1023.9,8870.0,25.921,65500.0
474,2020-12-24,3.5615,70.0,1035.0,4660.0,25.908,35140.0
475,2020-12-28,3.57,80.0,1049.1,8480.0,26.539,81410.0
476,2020-12-29,3.5535,240.0,1060.7,9220.0,26.217,64310.0
477,2020-12-30,3.549,39010.0,1078.5,9220.0,26.573,47680.0
478,2020-12-31,3.519,42980.0,1079.2,8400.0,26.412,39620.0
479,2021-01-04,3.5545,78590.0,1071.5,26650.0,27.364,113760.0
480,2021-01-05,3.6395,65950.0,1119.6,15800.0,27.64,67460.0
481,2021-01-06,3.6505,93050.0,1110.2,15340.0,27.042,129360.0
482,2021-01-07,3.696,63680.0,1124.6,12160.0,27.261,69490.0
483,2021-01-08,3.6735,106390.0,1071.3,20390.0,24.637,186370.0
484,2021-01-11,3.5645,95190.0,1044.6,18670.0,25.284,106000.0
485,2021-01-12,3.6055,78260.0,1067.8,13030.0,25.435,65920.0
486,2021-01-13,3.617,64870.00000000001,1110.7,13760.0,25.572,58510.0
487,2021-01-14,3.6645,71340.0,1126.4,9130.0,25.802,84240.0
488,2021-01-15,3.602,72980.0,1089.9,13510.0,24.866,106180.0
489,2021-01-20,3.6415,52140.0,1116.4,10770.0,25.766,80820.0
490,2021-01-21,3.6475,54040.0,1128.0,17100.0,25.854,59500.0
491,2021-01-22,3.626,82150.0,1111.6,13140.0,25.556,75210.0
492,2021-01-25,3.6295,63750.0,1104.7,12130.0,25.484,73170.0
493,2021-01-26,3.6195,60310.0,1107.4,8660.0,25.538,52740.0
494,2021-01-27,3.5575,105180.0,1079.0,14020.0,25.389,96670.0
495,2021-01-28,3.58,150.0,1076.5,290.0,25.922,190870.0
496,2021-01-29,3.558,300.0,1083.4,230.0,26.914,187560.0
497,2021-02-01,3.5455,100.0,1140.3,1240.0,29.418,325630.0
498,2021-02-02,3.5245,70.0,1097.8,240.0,26.402,208630.0
499,2021-02-03,3.5655,170.0,1116.9,260.0,26.889,93580.0
500,2021-02-04,3.555,190.0,1105.2,440.0,26.234,104910.0
501,2021-02-05,3.627,90.0,1136.1,260.0,27.019,90320.0
502,2021-02-08,3.6665,110.0,1177.3,330.0,27.576,84380.0
503,2021-02-09,3.719,260.0,1196.6,390.0,27.402,81810.0
504,2021-02-10,3.773,130.0,1249.7,880.0,27.078,71170.0
505,2021-02-11,3.7735,140.0,1249.8,430.0,27.047,62160.0
506,2021-02-12,3.7875,210.0,1261.5,380.0,27.328,53470.0
507,2021-02-17,3.8235,500.0,1261.4,760.0,27.315,73030.0
508,2021-02-18,3.905,510.0,1278.3,490.0,27.078,84300.0
509,2021-02-19,4.077,1060.0,1297.1,1160.0,27.254,96260.0
510,2021-02-22,4.1465,2040.0,1286.4,1410.0,28.085,106240.0
511,2021-02-23,4.185,1410.0,1244.1,1900.0,27.688,104380.0
512,2021-02-24,4.3015,2490.0,1259.2,1600.0,27.859,73500.0
513,2021-02-25,4.2635,167030.0,1235.7,1600.0,27.685,109690.0
514,2021-02-26,4.0925,176040.0,1189.3,720.0,26.44,116750.0
515,2021-03-01,4.113,106830.0,1195.1,1420.0,26.678,71640.0
516,2021-03-02,4.222,125090.0,1218.6,2600.0,26.879,82140.0
517,2021-03-03,4.142,106170.0,1186.6,3720.0,26.387,82460.0
518,2021-03-04,3.9785,172330.0,1139.9,2440.0,25.461,95000.0
519,2021-03-05,4.0755,130260.0,1132.9,1820.0,25.287,79260.0
520,2021-03-08,4.093,112000.0,1156.6,3550.0,25.269,61340.0
521,2021-03-09,4.0085,105190.0,1180.0,2640.0,26.183,69610.0
522,2021-03-10,4.0325,74710.0,1206.6,2730.0,26.13,53390.0
523,2021-03-11,4.139,89650.0,1207.0,3490.0,26.193,55080.0
524,2021-03-12,4.14,68500.0,1204.4,2590.0,25.911,56880.0
525,2021-03-15,4.1405,60220.0,1213.9,2490.0,26.288,48440.0
526,2021-03-16,4.0715,72250.0,1223.4,4690.0,26.003,47610.0
527,2021-03-17,4.119,58920.0,1203.6,3410.0,26.058,55130.0
528,2021-03-18,4.108,67410.0,1221.6,3920.0,26.351,76400.0
529,2021-03-19,4.113,75170.0,1204.1,3780.0,26.321,51790.0
530,2021-03-22,4.1395,58810.0,1188.1,7410.0,25.769,62030.0
531,2021-03-23,4.0795,81750.0,1178.8,6310.0,25.227,63340.0
532,2021-03-24,4.064,73580.0,1184.8,9580.0,25.231,42910.0
533,2021-03-25,3.978,108970.0,1158.5,14910.0,25.047,86470.0
534,2021-03-26,4.068,63830.0,1181.7,11460.0,25.114,42080.0
535,2021-03-29,4.0345,61610.0,1183.4,14980.0,24.771,52990.0
536,2021-03-30,3.982,80.0,1160.6,14980.0,24.137,72660.0
537,2021-03-31,4.0,310.0,1191.5,11560.0,24.532,65790.0
538,2021-04-01,3.994,73100.0,1208.6,7010.0,24.948,63170.0
539,2021-04-05,4.1395,340.0,1209.8,7010.0,24.78,39250.0
540,2021-04-06,4.118,150.0,1240.5,12520.0,25.227,53640.0
541,2021-04-07,4.0575,240.0,1231.9,12650.0,25.247,44350.0
542,2021-04-08,4.099,430.0,1235.4,8230.0,25.585,65650.0
543,2021-04-09,4.0445,370.0,1209.3,13570.0,25.325,60530.0
544,2021-04-12,4.0225,590.0,1174.8,12970.0,24.867,65060.0
545,2021-04-13,4.0365,420.0,1157.1,19640.0,25.426,77440.0
546,2021-04-14,4.1315,500.0,1177.4,13950.0,25.524,56470.0
547,2021-04-15,4.223,730.0,1200.2,12560.0,25.964,72560.0
548,2021-04-16,4.172,280.0,1208.7,8820.0,26.105,58500.0
549,2021-04-19,4.243,520.0,1206.5,10730.0,25.837,68090.0
550,2021-04-20,4.219,450.0,1196.3,13350.0,25.84,70920.0
551,2021-04-21,4.2845,1030.0,1214.7,14030.0,26.57,94210.0
552,2021-04-22,4.278,900.0,1208.5,10380.0,26.18,84130.0
553,2021-04-23,4.34,790.0,1233.1,19040.0,26.075,63840.0
554,2021-04-26,4.443,1660.0,1245.2,11190.0,26.209,59860.0
555,2021-04-27,4.487,1780.0,1249.5,12520.0,26.41,65269.99999999999
556,2021-04-28,4.498,2640.0,1212.2,14600.0,26.085,62060.0
557,2021-04-29,4.4865,92260.0,1201.1,150.0,26.085,81330.0
558,2021-04-30,4.468,74280.0,1208.7,270.0,25.873,55510.0
559,2021-05-03,4.5285,40970.0,1233.6,140.0,26.96,77320.0
560,2021-05-04,4.5215,64430.00000000001,1235.3,360.0,26.558,76950.0
561,2021-05-05,4.524,64610.0,1232.3,200.0,26.522,40710.0
562,2021-05-06,4.6025,79800.0,1260.9,200.0,27.477,90930.0
563,2021-05-07,4.7485,120250.0,1257.9,350.0,27.477,80780.0
564,2021-05-10,4.716,160250.0,1269.0,230.0,27.492,65170.0
565,2021-05-11,4.762,109380.0,1244.8,480.0,27.667,62130.0
566,2021-05-12,4.736,108330.0,1229.2,390.0,27.244,77860.0
567,2021-05-13,4.6905,113720.0,1209.7,460.0,27.059,63630.0
568,2021-05-14,4.6545,115490.0,1226.1,110.0,27.365,58610.0
569,2021-05-17,4.7115,76760.0,1247.9,230.0,28.274,86800.0
570,2021-05-18,4.7255,78110.0,1228.7,350.0,28.333,77210.0
571,2021-05-19,4.5765,142070.0,1205.0,350.0,28.025,109070.0
572,2021-05-20,4.568,102540.0,1208.5,100.0,28.067,55960.0
573,2021-05-21,4.481,105060.0,1173.4,1480.0,27.486,78640.0
574,2021-05-24,4.5255,79530.0,1181.6,1260.0,27.905,51120.0
575,2021-05-25,4.5065,86450.0,1201.0,1580.0,28.056,69310.0
576,2021-05-26,4.5295,65580.0,1201.6,1810.0,27.877,65970.0
577,2021-05-27,4.666,840.0,1183.4,1810.0,27.94,56810.0
578,2021-05-28,4.681,650.0,1186.6,850.0,28.014,66460.0
579,2021-06-02,4.595,190.0,1196.7,2610.0,28.204,53890.0
580,2021-06-03,4.4665,470.0,1166.6,2870.0,27.477,106480.0
581,2021-06-04,4.5315,310.0,1168.5,2260.0,27.896,76800.0
582,2021-06-07,4.5295,290.0,1178.8,2200.0,28.018,63090.0
583,2021-06-08,4.559,250.0,1166.4,2560.0,27.731,70190.0
584,2021-06-09,4.5345,200.0,1155.7,2450.0,28.002,64180.00000000001
585,2021-06-10,4.489,300.0,1150.1,3520.0,28.031,82060.0
586,2021-06-11,4.5415,250.0,1155.0,2260.0,28.146,75340.0
587,2021-06-14,4.531,240.0,1169.2,3030.0,28.039,61120.0
588,2021-06-15,4.3375,780.0,1152.7,4410.0,27.693,63840.0
589,2021-06-16,4.3885,730.0,1145.9,3990.0,27.812,74310.0
590,2021-06-17,4.1825,620.0,1059.1,7770.0,25.856,156970.0
591,2021-06-18,4.1615,270.0,1045.2,7220.0,25.969,88180.0
592,2021-06-21,4.1845,700.0,1054.1,7610.0,26.025,66360.0
593,2021-06-22,4.2245,530.0,1072.9,8830.0,25.857,54120.0
594,2021-06-23,4.3265,740.0,1089.5,10060.0,26.111,66100.0
595,2021-06-24,4.307,290.0,1096.1,8380.0,26.05,53060.0
596,2021-06-25,4.2905,830.0,1105.7,10020.0,26.087,49170.0
597,2021-06-28,4.28,1440.0,1099.2,18910.0,26.223,42310.0
598,2021-06-29,4.2645,68650.0,1070.6,18910.0,25.901,75840.0
599,2021-06-30,4.289,71400.0,1072.9,12690.0,26.194,44640.0
600,2021-07-01,4.236,70960.0,1080.9,12130.0,26.1,54770.0
601,2021-07-02,4.276,52900.0,1087.7,10050.0,26.501,57340.0
602,2021-07-07,4.3225,81230.0,1081.9,10000.0,26.129,50060.0
603,2021-07-08,4.2645,72140.0,1074.5,13860.0,25.987,59520.0
604,2021-07-09,4.3455,81770.0,1095.7,11540.0,26.234,45500.0
605,2021-07-12,4.316,55990.0,1123.0,16950.0,26.239,43370.0
606,2021-07-13,4.307,62160.0,1111.2,11650.0,26.14,50730.0
607,2021-07-14,4.2675,51690.0,1128.1,15410.0,26.271,65099.99999999999
608,2021-07-15,4.323,66980.0,1137.7,13360.0,26.394,35260.0
609,2021-07-16,4.323,45620.0,1108.5,14650.0,25.795,78280.0
610,2021-07-19,4.2015,99000.0,1071.4,17550.0,25.144,86390.0
611,2021-07-20,4.263,63300.0,1065.2,15250.0,24.995,64680.00000000001
612,2021-07-21,4.272,51380.0,1075.3,10330.0,25.255,50530.0
613,2021-07-22,4.3375,57620.0,1090.6,9230.0,25.381,48080.0
614,2021-07-23,4.4,88240.0,1061.4,17580.0,25.233,39880.0
615,2021-07-26,4.585,106740.0,1070.0,11590.0,25.318,40290.0
616,2021-07-27,4.5445,86630.0,1049.5,15270.0,24.649,80910.0
617,2021-07-28,4.482,79780.0,1058.1,9940.0,24.877,54850.0
618,2021-07-29,4.5075,290.0,1070.6,290.0,25.782,70550.0
619,2021-07-30,4.4655,120.0,1051.5,630.0,25.547,43330.0
620,2021-08-02,4.418,590.0,1058.9,190.0,25.575,52010.0
621,2021-08-03,4.3755,220.0,1049.9,350.0,25.582,45850.0
622,2021-08-04,4.3215,170.0,1024.1,330.0,25.461,72930.0
623,2021-08-05,4.334,110.0,1008.4,320.0,25.292,42430.0
624,2021-08-06,4.339,500.0,974.9,440.0,24.326,113950.0
625,2021-08-09,4.282,360.0,973.6,370.0,23.269,118530.0
626,2021-08-10,4.346,80.0,989.2,290.0,23.392,62930.0
627,2021-08-11,4.36,100.0,1017.9,230.0,23.488,70050.0
628,2021-08-12,4.35,120.0,1020.1,200.0,23.116,66980.0
629,2021-08-13,4.3825,110.0,1028.2,140.0,23.779,53760.0
630,2021-08-16,4.32,770.0,1023.1,170.0,23.791,42360.0
631,2021-08-17,4.2015,350.0,996.2,300.0,23.659,42590.0
632,2021-08-18,4.117,390.0,998.6,330.0,23.422,46290.0
633,2021-08-19,4.0405,640.0,972.8,560.0,23.23,51430.0
634,2021-08-20,4.1255,1280.0,995.7,340.0,23.112,55720.0
635,2021-08-23,4.221,470.0,1015.9,240.0,23.656,57340.0
636,2021-08-24,4.26,370.0,1013.0,1390.0,23.894,52170.0
637,2021-08-25,4.27,560.0,996.5,1270.0,23.775,56580.0
638,2021-08-26,4.252,780.0,978.5,1640.0,23.55,55510.0
639,2021-08-27,4.3235,1660.0,1007.4,1410.0,24.11,61300.0
640,2021-08-30,4.371,570.0,1004.9,1410.0,24.006,47980.0
641,2021-08-31,4.37,710.0,1016.9,1270.0,24.006,44560.0
642,2021-09-01,4.274,260.0,1002.4,2180.0,24.221,48670.0
643,2021-09-02,4.2995,120.0,996.9,2050.0,23.918,36860.0
644,2021-09-03,4.331,160.0,1024.5,1810.0,24.802,67190.0
645,2021-09-08,4.2325,280.0,979.1,3450.0,24.056,45430.0
646,2021-09-09,4.284,230.0,977.5,3450.0,24.177,43410.0
647,2021-09-10,4.45,590.0,959.6,3780.0,23.9,39090.0
648,2021-09-13,4.365,450.0,960.2,4010.0,23.796,47760.0
649,2021-09-14,4.319,320.0,941.1,4680.0,23.885,42440.0
650,2021-09-15,4.404,180.0,932.9,4550.0,23.801,32690.0
651,2021-09-16,4.28,140.0,925.6,3400.0,22.794,90200.0
652,2021-09-17,4.2445,310.0,932.6,3960.0,22.337,66390.0
653,2021-09-20,4.1135,300.0,899.4,6430.0,22.204,50980.0
654,2021-09-21,4.126,420.0,950.8,11370.0,22.611,41110.0
655,2021-09-22,4.252,330.0,999.8,13620.0,22.907,51990.0
656,2021-09-23,4.231,220.0,995.4,12720.0,22.679,43740.0
657,2021-09-24,4.2845,500.0,976.3,10150.0,22.425,41670.0
658,2021-09-27,4.291,500.0,977.8,9300.0,22.694,36110.0
659,2021-09-28,4.2485,510.0,961.3,13550.0,22.467,55490.0
660,2021-09-29,4.199,47160.0,947.0,13550.0,21.485,80160.0
661,2021-09-30,4.089,72320.0,962.4,11240.0,22.047,66120.0
662,2021-10-01,4.1885,51970.0,973.6,9770.0,22.536,43510.0
663,2021-10-04,4.2385,45600.0,961.6,13430.0,22.644,35180.0
664,2021-10-05,4.1925,41330.0,959.8,8370.0,22.608,27040.0
665,2021-10-06,4.1475,48580.0,977.2,16800.0,22.532,38890.0
666,2021-10-07,4.2435,41510.0,985.3,11900.0,22.658,41560.0
667,2021-10-08,4.2755,51720.0,1028.2,24540.0,22.705,69580.0
668,2021-10-11,4.3665,60620.0,1006.9,16200.0,22.665,29930.0
669,2021-10-12,4.3255,65220.0,1011.7,10140.0,22.514,42930.0
670,2021-10-13,4.516,104410.0,1024.2,12870.0,23.17,71900.0
671,2021-10-14,4.6315,91560.0,1052.3,19440.0,23.477,54280.0
672,2021-10-15,4.7295,95100.0,1058.9,17880.0,23.349,52250.0
673,2021-10-18,4.7255,76630.0,1037.9,12930.0,23.264,47030.0
674,2021-10-19,4.703,73560.0,1047.1,11810.0,23.883,79070.0
675,2021-10-20,4.7345,71770.0,1052.3,10910.0,24.445,73130.0
676,2021-10-21,4.5585,82450.0,1049.7,12530.0,24.17,58680.0
677,2021-10-22,4.498,88780.0,1052.1,18330.0,24.449,83280.0
678,2021-10-25,4.528,54920.0,1063.8,13510.0,24.592,44830.0
679,2021-10-26,4.486,58890.0,1032.9,17000.0,24.088,61760.0
680,2021-10-27,4.3895,71050.0,1019.3,12290.0,24.191,48090.0
681,2021-10-28,4.4275,190.0,1025.3,100.0,24.12,45960.0
682,2021-10-29,4.359,350.0,1021.7,270.0,23.949,57800.0
683,2021-11-01,4.379,180.0,1068.1,280.0,24.073,37060.0
684,2021-11-02,4.3515,330.0,1040.3,230.0,23.507,63000.0
685,2021-11-03,4.309,210.0,1023.3,120.0,23.231,67160.0
686,2021-11-04,4.309,70.0,1030.3,350.0,23.911,68460.0
687,2021-11-05,4.3355,130.0,1036.9,310.0,24.157,73240.0
688,2021-11-08,4.3945,270.0,1061.1,380.0,24.542,67620.0
689,2021-11-09,4.3725,180.0,1062.4,270.0,24.318,65110.0
690,2021-11-10,4.323,300.0,1077.9,1260.0,24.772,131560.0
691,2021-11-11,4.398,180.0,1095.5,320.0,25.301,82020.0
692,2021-11-12,4.447,280.0,1090.1,270.0,25.346,66390.0
693,2021-11-15,4.4005,370.0,1097.8,300.0,25.105,68480.0
694,2021-11-16,4.3545,370.0,1075.6,550.0,24.944,77000.0
695,2021-11-17,4.268,480.0,1070.1,300.0,25.167,54350.0
696,2021-11-18,4.305,850.0,1057.5,390.0,24.9,63620.0
697,2021-11-19,4.4,1020.0,1037.6,970.0,24.781,67980.0
698,2021-11-22,4.3975,730.0,1016.7,1310.0,24.297,78540.0
699,2021-11-23,4.4235,430.0,966.1,3060.0,23.435,93870.0
700,2021-11-24,4.4645,1610.0,977.4,1740.0,23.496,54620.0
701,2021-11-29,4.3415,420.0,966.4,1830.0,22.852,66860.0
702,2021-11-30,4.2805,240.0,929.2,2880.0,22.815,68030.0
703,2021-12-01,4.247,120.0,936.6,1550.0,22.339,65420.0
704,2021-12-02,4.2995,160.0,934.0,1930.0,22.316,45190.0
705,2021-12-03,4.266,300.0,927.1,3100.0,22.481,54130.0
706,2021-12-06,4.3375,50.0,937.4,2490.0,22.263,41150.0
707,2021-12-07,4.339,40.0,951.0,3100.0,22.523,38830.0
708,2021-12-08,4.3925,180.0,957.0,2750.0,22.432,28910.0
709,2021-12-09,4.332,90.0,938.6,3550.0,22.013,58890.0
710,2021-12-10,4.285,140.0,935.1,3410.0,22.195,43900.0
711,2021-12-13,4.2815,80.0,924.9,5060.0,22.328,31880.0
712,2021-12-14,4.255,60.0,911.0,3410.0,21.924,52450.0
713,2021-12-15,4.1805,220.0,894.1,4100.0,21.545,65040.00000000001
714,2021-12-16,4.3025,280.0,927.1,5580.0,22.485,56370.0
715,2021-12-17,4.2925,160.0,932.9,3490.0,22.533,39310.0
716,2021-12-20,4.29,330.0,922.6,7150.0,22.291,35060.0
717,2021-12-21,4.3425,200.0,924.4,5570.0,22.529,45670.0
718,2021-12-22,4.389,400.0,963.7,9070.0,22.819,35700.0
719,2021-12-23,4.3895,280.0,972.2,9600.0,22.94,33910.0
720,2021-12-27,4.4695,160.0,971.0,11000.0,22.989,39290.0
721,2021-12-28,4.4295,310.0,979.8,11280.0,23.121,42750.0
722,2021-12-29,4.41,810.0,969.7,9890.0,22.858,40030.0
723,2021-12-30,4.3925,35140.0,964.6,9890.0,23.06,30540.0
724,2021-12-31,4.4635,36980.0,966.2,8290.0,23.352,30390.0
725,2022-01-03,4.4215,38420.0,954.0,18490.0,22.81,46320.0
726,2022-01-04,4.475,55940.0,971.2,15040.0,23.056,44910.0
727,2022-01-05,4.4135,51730.0,1001.9,18940.0,23.17,41190.0
728,2022-01-06,4.3545,56250.0,960.7,18490.0,22.19,73890.0
729,2022-01-07,4.41,46400.0,956.5,12720.0,22.409,57760.0
730,2022-01-10,4.352,45320.0,933.6,17860.0,22.462,44530.0
731,2022-01-11,4.429,46660.0,973.2,20750.0,22.812,48870.0
732,2022-01-12,4.5765,106930.0,980.1,13200.0,23.207,55760.0
733,2022-01-13,4.546,62790.0,972.2,10730.0,23.162,53380.0
734,2022-01-14,4.4205,70020.0,964.6,10660.0,22.918,50670.0
735,2022-01-19,4.47,61270.0,1028.4,29810.0,24.231,73900.0
736,2022-01-20,4.5825,73190.0,1050.8,24470.0,24.716,75610.0
737,2022-01-21,4.524,68200.0,1035.1,17760.0,24.32,62050.0
738,2022-01-24,4.4125,79000.0,1020.3,16950.0,23.8,72350.0
739,2022-01-25,4.45,54590.0,1025.5,13820.0,23.896,53180.0
740,2022-01-26,4.515,62130.0,1045.9,25400.0,23.807,55620.0
741,2022-01-27,4.4235,69840.0,1021.8,16430.0,22.676,82120.0
742,2022-01-28,4.3125,460.0,1006.4,360.0,22.301,63810.0
743,2022-01-31,4.3265,170.0,1019.9,200.0,22.393,38420.0
744,2022-02-01,4.4315,180.0,1022.6,240.0,22.595,48400.0
745,2022-02-02,4.4935,220.0,1043.2,170.0,22.707,38340.0
746,2022-02-03,4.472,120.0,1030.3,2330.0,22.375,55030.0
747,2022-02-04,4.49,200.0,1024.6,3130.0,22.475,47760.0
748,2022-02-07,4.4675,320.0,1020.7,1750.0,23.076,58940.0
749,2022-02-08,4.4645,280.0,1036.9,320.0,23.2,52510.0
750,2022-02-09,4.602,310.0,1038.1,860.0,23.341,52980.0
751,2022-02-10,4.658,550.0,1043.0,570.0,23.522,77910.0
752,2022-02-11,4.5085,480.0,1019.6,850.0,23.369,77040.0
753,2022-02-14,4.507,180.0,1028.7,590.0,23.848,57090.0
754,2022-02-15,4.5345,210.0,1020.2,420.0,23.342,61870.0
755,2022-02-16,4.5395,330.0,1062.9,450.0,23.605,47870.0
756,2022-02-17,4.5265,250.0,1091.9,700.0,23.875,60050.0
757,2022-02-18,4.524,190.0,1077.4,1960.0,23.992,52870.0
758,2022-02-23,4.4855,1120.0,1092.4,1510.0,24.553,62690.0
759,2022-02-24,4.458,880.0,1062.4,2020.0,24.687,107560.0
760,2022-02-25,4.485,57820.0,1051.1,2020.0,24.017,67320.0
761,2022-02-28,4.4545,59500.0,1039.8,1250.0,24.366,55280.0
762,2022-03-01,4.5965,69000.0,1052.9,2200.0,25.541,68560.0
763,2022-03-02,4.6655,79620.0,1068.2,1840.0,25.19,69470.0
764,2022-03-03,4.7815,91700.0,1080.9,2610.0,25.212,57470.0
765,2022-03-04,4.9375,97430.0,1116.6,2890.0,25.789,70860.0
766,2022-03-07,4.731,96670.0,1116.0,3860.0,25.72,81500.0
767,2022-03-08,4.71,89600.0,1151.4,5280.0,26.895,127210.0
768,2022-03-09,4.5725,60810.0,1105.8,6750.0,25.816,87110.0
769,2022-03-10,4.6525,45460.0,1092.8,3200.0,26.256,55850.0
770,2022-03-11,4.6255,40580.0,1086.1,3190.0,26.16,51550.0
771,2022-03-14,4.523,50650.0,1050.8,3410.0,25.298,52360.0
772,2022-03-15,4.513,47630.0,1002.6,5800.0,25.158,47790.0
773,2022-03-16,4.6005,46020.0,1007.8,3620.0,24.71,46300.0
774,2022-03-17,4.702,45490.0,1030.8,2830.0,25.616,40140.0
775,2022-03-18,4.7395,39260.0,1036.1,4080.0,25.087,38060.0
776,2022-03-21,4.6885,30.0,1045.3,6120.0,25.313,34840.0
777,2022-03-22,4.6805,20.0,1026.6,4780.0,24.904,45760.0
778,2022-03-23,4.7495,80.0,1023.3,6020.0,25.189,34150.0
779,2022-03-24,4.726,140.0,1033.7,8380.0,25.92,61000.0
780,2022-03-25,4.6855,40.0,1010.7,9750.0,25.615,37910.0
781,2022-03-28,4.712,30.0,993.8,13160.0,25.196,46260.0
782,2022-03-29,4.711,40.0,977.0,15460.0,24.736,76190.0
783,2022-03-30,4.733,40.0,1001.2,15460.0,25.113,38790.0
784,2022-03-31,4.738,40.0,995.8,12680.0,25.133,36610.0
785,2022-04-01,4.6785,30.0,988.6,13260.0,24.654,44250.0
786,2022-04-04,4.7665,120.0,991.0,11330.0,24.59,41510.0
787,2022-04-05,4.7885,140.0,973.1,14480.0,24.534,49220.0
788,2022-04-06,4.7335,110.0,953.1,19690.0,24.458,47180.0
789,2022-04-07,4.704,100.0,958.0,14660.0,24.735,48610.0
790,2022-04-08,4.7365,240.0,975.6,14600.0,24.823,50940.0
791,2022-04-11,4.655,230.0,977.8,11960.0,24.987,76960.0
792,2022-04-12,4.7365,520.0,972.4,13920.0,25.735,74870.0
793,2022-04-13,4.732,210.0,989.6,12280.0,26.03,62660.0
794,2022-04-14,4.7365,220.0,994.2,11020.0,25.7,51610.0
795,2022-04-18,4.8195,120.0,1020.5,12770.0,26.15,52500.0
796,2022-04-19,4.743,230.0,988.7,17800.0,25.391,65300.0
797,2022-04-20,4.6865,350.0,987.0,11640.0,25.271,44950.0
798,2022-04-21,4.734,460.0,967.8,12700.0,24.621,69610.0
799,2022-04-22,4.6235,420.0,927.4,29590.0,24.259,65630.0
800,2022-04-25,4.4975,460.0,905.0,25770.0,23.67,63920.0
801,2022-04-26,4.489,290.0,912.1,17340.0,23.544,45150.0
802,2022-04-27,4.4985,600.0,910.4,19580.0,23.46,37580.0
803,2022-04-28,4.4555,340.0,913.3,430.0,23.181,57590.0
804,2022-04-29,4.4245,540.0,940.5,300.0,23.085,55330.0
805,2022-05-02,4.284,360.0,933.8,230.0,22.584,56210.0
806,2022-05-03,4.3025,320.0,959.2,430.0,22.665,43730.0
807,2022-05-04,4.353,600.0,979.6,1250.0,22.402,58060.0
808,2022-05-05,4.309,370.0,973.4,340.0,22.443,71880.0
809,2022-05-06,4.2935,650.0,956.2,460.0,22.367,59540.0
810,2022-05-09,4.222,1040.0,937.6,670.0,21.82,80200.0
811,2022-05-10,4.1845,1020.0,946.2,790.0,21.424,78500.0
812,2022-05-11,4.2335,940.0,988.6,640.0,21.575,80770.0
813,2022-05-12,4.1265,1060.0,931.6,480.0,20.773,82000.0
814,2022-05-13,4.1955,350.0,931.5,390.0,21.001,58680.0
815,2022-05-16,4.209,700.0,926.9,440.0,21.551,46630.0
816,2022-05-17,4.254,430.0,944.0,350.0,21.75,39230.0
817,2022-05-18,4.1935,650.0,925.0,270.0,21.544,33870.0
818,2022-05-19,4.29,790.0,953.5,490.0,21.908,41280.0
819,2022-05-20,4.2875,380.0,940.9,310.0,21.674,34790.0
820,2022-05-23,4.3555,610.0,951.2,1450.0,21.723,41170.0
821,2022-05-24,4.3215,570.0,944.4,1380.0,22.063,36830.0
822,2022-05-25,4.279,1020.0,930.8,1590.0,21.87,32080.0
823,2022-05-26,4.284,480.0,938.1,1590.0,21.965,29700.0
824,2022-05-27,4.3315,390.0,945.1,1590.0,22.096,38410.0
825,2022-06-01,4.3475,750.0,997.7,2820.0,21.915,51150.0
826,2022-06-02,4.57,570.0,1029.2,1820.0,22.275,35940.0
827,2022-06-03,4.497,330.0,1017.8,2880.0,21.908,37470.0
828,2022-06-06,4.453,2640.0,1031.5,3750.0,22.092,48160.0
829,2022-06-07,4.453,1620.0,1014.9,5250.0,22.178,51450.0
830,2022-06-08,4.459,600.0,1013.6,4440.0,22.094,44940.0
831,2022-06-09,4.396,1030.0,977.9,4490.0,21.817,63620.0
832,2022-06-10,4.318,1340.0,972.9,4500.0,21.931,78780.0
833,2022-06-13,4.2345,1130.0,935.4,5280.0,21.255,88960.0
834,2022-06-14,4.19,1230.0,913.2,6290.0,20.954,59210.0
835,2022-06-15,4.195,1130.0,925.5,5800.0,21.42,70540.0
836,2022-06-16,4.141,1330.0,951.3,5840.0,21.885,52320.0
837,2022-06-17,4.045,880.0,930.8,3160.0,21.587,43900.0
838,2022-06-22,3.967,1720.0,926.1,9760.0,21.421,55920.0
839,2022-06-23,3.7705,870.0,903.7,12400.0,21.042,71940.0
840,2022-06-24,3.7655,1690.0,903.3,14050.0,21.125,72540.0
841,2022-06-27,3.7825,830.0,900.3,16540.0,21.168,48090.0
842,2022-06-28,3.7965,730.0,908.3,15960.0,20.806,42010.0
843,2022-06-29,3.7985,670.0,909.9,15960.0,20.738,53000.0
844,2022-06-30,3.7295,1410.0,895.3,21400.0,20.352,61100.0
845,2022-07-01,3.62,1940.0,871.3,23960.0,19.667,75670.0
846,2022-07-06,3.4125,3750.0,840.9,17800.0,19.159,66250.0
847,2022-07-07,3.577,2670.0,865.8,15780.0,19.188,42480.0
848,2022-07-08,3.5275,1390.0,882.8,15940.0,19.236,43110.0
849,2022-07-11,3.431,1490.0,860.7,14250.0,19.132,38600.0
850,2022-07-12,3.291,2470.0,828.1,17200.0,18.958,53270.0
851,2022-07-13,3.326,2470.0,837.8,16680.0,19.194,63750.0
852,2022-07-14,3.213,2880.0,817.3,16610.0,18.225,82270.0
853,2022-07-15,3.2425,2440.0,830.9,11310.0,18.594,53070.0
854,2022-07-18,3.3575,2290.0,856.0,14190.0,18.84,42250.0
855,2022-07-19,3.3045,1290.0,858.9,12050.0,18.713,36800.0
856,2022-07-20,3.3395,1400.0,846.5,11660.0,18.668,42470.0
857,2022-07-21,3.3105,2080.0,858.7,14430.0,18.719,58420.0
858,2022-07-22,3.3605,1980.0,867.2,12200.0,18.617,47280.0
859,2022-07-25,3.375,3380.0,869.3,10990.0,18.328,43120.0
860,2022-07-26,3.4065,2020.0,864.4,11300.0,18.535,40820.0
861,2022-07-27,3.449,2840.0,877.2,11920.0,18.6,62260.0
862,2022-07-28,3.497,3160.0,878.6,230.0,19.868,86520.0
863,2022-07-29,3.5875,3050.0,891.6,280.0,20.197,64590.0
864,2022-08-01,3.559,3380.0,903.5,160.0,20.362,58520.0
865,2022-08-02,3.5335,3490.0,906.4,280.0,20.139,64540.00000000001
866,2022-08-03,3.4845,3220.0,890.1,280.0,19.894,47270.0
867,2022-08-04,3.503,3530.0,926.0,300.0,20.122,49820.0
868,2022-08-05,3.575,4920.0,926.1,380.0,19.842,62130.0
869,2022-08-08,3.6065,4910.0,939.9,240.0,20.614,68070.0
870,2022-08-09,3.6065,4030.000000000001,934.2,240.0,20.482,53850.0
871,2022-08-10,3.6665,4480.0,947.6,320.0,20.742,65019.99999999999
872,2022-08-11,3.7215,4290.0,960.7,570.0,20.349,56530.0
873,2022-08-12,3.6855,2900.0,960.9,160.0,20.698,46590.0
874,2022-08-15,3.634,3710.0,935.1,210.0,20.272,55090.0
875,2022-08-16,3.6375,3430.0,932.0,440.0,20.085,41920.0
876,2022-08-17,3.5965,2950.0,920.0,250.0,19.731,49570.0
877,2022-08-18,3.6405,7070.0,905.9,200.0,19.464,46160.0
878,2022-08-19,3.6765,3750.0,889.4,730.0,19.069,55570.0
879,2022-08-22,3.6565,5280.0,869.4,830.0,18.878,55520.0
880,2022-08-23,3.692,6440.0,877.7,800.0,19.026,52280.0
881,2022-08-24,3.651,5260.0,870.6,1510.0,18.907,42820.0
882,2022-08-25,3.6965,4340.0,878.1,1440.0,19.12,46310.0
883,2022-08-26,3.6985,3540.0,859.7,1550.0,18.746,53720.0
884,2022-08-29,3.614,3440.0,855.8,2760.0,18.557,33390.0
885,2022-08-30,3.556,6690.0,836.6,2760.0,18.287,58000.0
886,2022-08-31,3.517,7330.0,831.6,1900.0,17.882,63460.0
887,2022-09-01,3.405,6880.0,810.1,3070.0,17.666,66960.0
888,2022-09-02,3.409,4850.0,822.3,2790.0,17.881,62960.0
889,2022-09-07,3.4265,4310.0,848.6,3510.0,18.26,49640.0
890,2022-09-08,3.522,7240.0,866.5,5590.0,18.442,53200.0
891,2022-09-09,3.5615,5040.0,877.5,3460.0,18.767,43860.0
892,2022-09-12,3.603,6330.0,904.2,3850.0,19.86,82320.0
893,2022-09-13,3.548,10160.0,883.4,5240.0,19.491,76430.0
894,2022-09-14,3.5135,7530.0,904.5,5520.0,19.569,47430.0
895,2022-09-15,3.48,6620.0,902.2,4020.0,19.269,50660.0
896,2022-09-16,3.505,6990.0,896.1,4900.0,19.381,58150.0
897,2022-09-19,3.5045,5870.0,912.6,4260.0,19.358,44270.0
898,2022-09-20,3.4955,6500.0,914.5,6880.0,19.183,42270.0
899,2022-09-21,3.4585,7530.0,911.7,9170.0,19.48,70730.0
900,2022-09-22,3.4615,5360.0,899.0,9200.0,19.617,63370.0
901,2022-09-23,3.337,11230.0,856.5,14280.0,18.91,82520.0
902,2022-09-26,3.2855,8610.0,844.9,13830.0,18.48,81810.0
903,2022-09-27,3.2755,6290.0,839.7,170.0,18.337,63090.0
904,2022-09-28,3.347,8420.0,865.4,170.0,18.88,83800.0
905,2022-09-29,3.403,8690.0,861.5,170.0,18.712,59250.0
906,2022-09-30,3.394,9960.0,860.9,20630.0,19.039,53860.0
907,2022-10-03,3.3915,8130.000000000001,900.1,20630.0,20.589,98660.0
908,2022-10-04,3.4705,10440.0,933.7,16110.0,21.099,73440.0
909,2022-10-05,3.483,8660.0,914.6,16110.0,20.544,80040.0
910,2022-10-06,3.429,10420.0,921.8,16110.0,20.66,49260.0
911,2022-10-07,3.3685,10200.0,917.9,16110.0,20.255,60630.0
912,2022-10-10,3.4115,8920.0,895.8,16110.0,19.615,59200.0
913,2022-10-11,3.4455,8109.999999999999,899.1,16110.0,19.487,60400.0
914,2022-10-12,3.408,8700.0,881.0,16110.0,18.938,57220.0
915,2022-10-13,3.423,9770.0,896.4,15570.0,18.918,73300.0
916,2022-10-14,3.4045,10900.0,894.9,15570.0,18.071,69610.0
917,2022-10-17,3.401,9660.0,913.6,15570.0,18.719,52190.0
918,2022-10-18,3.351,13630.0,907.3,15570.0,18.6,39820.0
919,2022-10-19,3.311,13420.0,881.1,21960.0,18.359,36440.0
920,2022-10-20,3.4015,15870.0,915.1,21960.0,18.689,57780.0
921,2022-10-21,3.4565,19940.0,933.9,15740.0,19.066,85070.0
922,2022-10-24,3.417,14290.0,926.6,15740.0,19.189,61360.0
923,2022-10-25,3.3845,12760.0,919.7,15740.0,19.349,54440.0
924,2022-10-26,3.5245,21530.0,962.5,19540.0,19.486,55630.0
925,2022-10-27,3.5025,15230.0,967.4,19540.0,19.494,58010.0
926,2022-10-28,3.4135,15710.0,946.4,19540.0,19.147,50430.0
927,2022-10-31,3.3575,15270.0,930.1,19540.0,19.119,35790.0
928,2022-11-01,3.457,14760.0,950.5,19540.0,19.667,74280.0
929,2022-11-02,3.4545,20270.0,950.9,19540.0,19.594,60590.0
930,2022-11-03,3.4165,29770.0,924.1,19540.0,19.43,69420.0
931,2022-11-04,3.6735,45210.0,960.5,19540.0,20.784,101280.0
932,2022-11-07,3.6005,32980.0,989.4,19540.0,20.919,76410.0
933,2022-11-08,3.676,38610.0,1011.95,19540.0,21.502,95950.0
934,2022-11-09,3.691,42770.0,998.1,19540.0,21.327,80560.0
935,2022-11-10,3.7495,36790.0,1047.0,19540.0,21.702,92920.0
936,2022-11-11,3.901,47700.0,1044.75,19540.0,21.667,77860.0
937,2022-11-14,3.8275,38110.0,1033.0,19540.0,22.113,63150.0
938,2022-11-15,3.8195,39810.0,1022.4,19540.0,21.518,94520.0
939,2022-11-16,3.7735,27930.0,1016.2,19540.0,21.524,71720.0
940,2022-11-17,3.694,24880.0,991.5,19540.0,20.975,68300.0
941,2022-11-18,3.6415,28320.0,984.3,0.0,20.997,45480.0
942,2022-11-21,3.576,32410.0,989.95,0.0,20.872,49270.0
943,2022-11-22,3.6165,250.0,1008.7,0.0,21.229,22910.0
944,2022-11-23,3.62,210.0,1009.8,0.0,21.526,20920.0
945,2022-11-25,3.633,180.0,1000.8,18190.0,21.609,30820.0
946,2022-11-28,3.6165,460.0,1012.3,18190.0,21.125,59180.0
947,2022-11-29,3.6395,55240.0,1008.6,18190.0,21.436,46730.0
948,2022-11-30,3.738,81150.0,1039.3,28620.0,21.781,63510.0
949,2022-12-01,3.8175,59940.0,1054.9,25930.0,22.841,73640.0
950,2022-12-02,3.8505,59970.0,1026.6,26410.0,23.25,74940.0
951,2022-12-05,3.795,58790.0,1007.5,17290.0,22.417,72920.0
952,2022-12-06,3.818,53100.0,995.4,16230.0,22.335,49860.0
953,2022-12-07,3.8605,52670.0,1011.5,18890.0,22.922,51540.0
954,2022-12-08,3.8835,50540.0,1014.6,13250.0,23.246,44880.0
955,2022-12-09,3.8785,51880.0,1036.2,21300.0,23.717,53440.0
956,2022-12-12,3.8005,45290.0,1008.0,20370.0,23.403,39130.0
957,2022-12-13,3.842,69130.0,1038.9,23150.0,23.99,74310.0
958,2022-12-14,3.878,50210.0,1038.7,17280.0,24.136,51520.0
959,2022-12-15,3.763,60790.0,1013.2,18870.0,23.305,61900.0
960,2022-12-16,3.7615,46140.0,1000.0,17570.0,23.328,51260.0
961,2022-12-19,3.783,38270.0,987.7,19450.0,23.199,33180.0
962,2022-12-20,3.799,55300.0,1013.0,26550.0,24.271,72520.0
963,2022-12-21,3.81,39350.0,1002.0,15630.0,24.194,36770.0
964,2022-12-22,3.757,44390.0,984.6,20620.0,23.622,46200.0
965,2022-12-23,3.809,38560.0,1029.6,16450.0,23.92,31560.0
966,2022-12-27,3.8405,48120.0,1032.7,21970.0,24.217,45230.0
967,2022-12-28,3.8425,42610.0,1019.8,21970.0,23.84,34290.0
968,2022-12-29,3.8265,40.0,1065.0,21970.0,24.25,36900.0
969,2022-12-30,3.813,10.0,1082.9,21970.0,24.04,40890.0
970,2023-01-03,3.7665,83900.0,1093.3,21970.0,24.236,69960.0
971,2023-01-04,3.7405,80270.0,1092.3,21970.0,23.964,47840.0
972,2023-01-05,3.821,76730.0,1069.6,21970.0,23.424,47840.0
973,2023-01-06,3.911,96750.0,1104.3,21970.0,23.982,47840.0
974,2023-01-09,4.0265,102470.0,1098.6,21970.0,23.871,47840.0
975,2023-01-10,4.0775,72220.0,1088.5,21970.0,23.665,42920.0
976,2023-01-11,4.166,88480.0,1084.3,21970.0,23.481,57030.0
977,2023-01-12,4.1965,96270.0,1084.3,21970.0,23.914,120.0
978,2023-01-13,4.216,69520.0,1072.5,21970.0,24.279,120.0
979,2023-01-17,4.223,113110.0,1046.9,21970.0,23.978,130.0
980,2023-01-18,4.2345,104620.0,1043.7,21970.0,23.569,90.0
981,2023-01-19,4.2315,78540.0,1041.1,21970.0,23.791,70.0
982,2023-01-20,4.2515,59750.0,1047.8,21970.0,23.86,30.0
983,2023-01-23,4.2565,57180.0,1056.3,21970.0,23.481,430.0
984,2023-01-24,4.2485,51170.0,1066.8,21970.0,23.665,580.0
985,2023-01-25,4.2445,51110.0,1046.1,21970.0,23.846,330.0
986,2023-01-26,4.2675,58230.0,1023.0,21970.0,23.937,1350.0
987,2023-01-27,4.2225,63410.0,1016.8,21970.0,23.534,180.0
988,2023-01-30,4.202,63120.0,1020.6,21970.0,23.733,56120.0
989,2023-01-31,4.226,86170.0,1021.1,21970.0,23.836,66630.0
990,2023-02-01,4.111,88150.0,1001.7,23780.0,23.609,65330.0
991,2023-02-02,4.091,82560.0,1032.6,23780.0,23.615,110840.0
992,2023-02-03,4.0565,91470.0,980.3,23780.0,22.405,111870.0
993,2023-02-06,4.035,75840.0,974.6,23780.0,22.237,66940.0
994,2023-02-07,4.0805,90920.0,986.2,26560.0,22.177,72080.0
995,2023-02-08,4.0355,85500.0,987.2,26560.0,22.42,56970.0
996,2023-02-09,4.097,96580.0,964.2,26560.0,22.143,67990.0
997,2023-02-10,4.0165,86480.0,951.8,26560.0,22.075,68260.0
998,2023-02-13,4.0575,74430.0,959.4,26560.0,21.852,48510.0
999,2023-02-14,4.075,93920.0,939.2,26560.0,21.873,73820.0
1000,2023-02-15,4.0105,103170.0,917.8,22360.0,21.572,55510.0
1001,2023-02-16,4.1355,108490.0,931.0,22360.0,21.71,56290.0
1002,2023-02-17,4.1085,68600.0,921.4,22360.0,21.715,67930.0
1003,2023-02-21,4.2255,126190.0,945.55,22360.0,21.89,86910.0
1004,2023-02-22,4.1905,70160.0,953.0,22360.0,21.677,50980.0
1005,2023-02-23,4.059,73180.0,945.2,22360.0,21.306,52990.0
1006,2023-02-24,3.952,83880.0,907.6,22360.0,20.81,51630.0
1007,2023-02-27,4.011,83880.0,941.9,24310.0,20.67,7500.0
1008,2023-02-28,4.0895,71440.0,955.5,20190.0,20.961,510.0
1009,2023-03-01,4.16,87330.0,961.8,24590.0,20.959,580.0
1010,2023-03-02,4.076,63750.0,963.2,15430.0,20.766,120.0
1011,2023-03-03,4.067,63750.0,979.4,21490.0,21.238,120.0
1012,2023-03-06,4.0885,63750.0,978.6,22300.0,20.984,120.0
1013,2023-03-07,3.975,77400.0,936.3,27420.0,20.054,60.0
1014,2023-03-08,4.027,79040.0,940.6,18660.0,20.005,80.0
1015,2023-03-09,4.039,54530.0,949.3,23370.0,20.025,10.0
1016,2023-03-10,4.0305,84980.0,962.2,25700.0,20.375,50.0
1017,2023-03-13,4.0535,133480.0,1004.9,31100.0,21.793,20.0
1018,2023-03-14,4.003,71160.0,997.3,25810.0,21.929,60.0
1019,2023-03-15,3.843,131410.0,970.3,23350.0,21.774,20.0
1020,2023-03-16,3.8645,85380.0,977.1,15650.0,21.588,50.0
1021,2023-03-17,3.8925,72130.0,978.6,23920.0,22.351,60.0
1022,2023-03-20,3.9515,73790.0,996.8,18620.0,22.533,10.0
1023,2023-03-21,3.994,69310.0,976.7,18380.0,22.324,60.0
1024,2023-03-22,4.0445,78060.0,987.0,22180.0,22.675,20.0
1025,2023-03-23,4.1235,79530.0,992.9,16740.0,23.144,20.0
1026,2023-03-24,4.075,85510.0,983.9,16700.0,23.247,20.0
1027,2023-03-27,4.0785,67620.0,982.5,10770.0,23.075,50.0
1028,2023-03-28,4.0855,77250.0,971.9,10770.0,23.345,60.0
1029,2023-03-29,4.0865,74240.0,985.5,10770.0,23.391,190.0
1030,2023-03-30,4.0915,69860.0,1002.4,10770.0,23.989,67100.0
1031,2023-03-31,4.0945,75930.0,1003.1,10770.0,24.156,59670.0
1032,2023-04-03,4.0455,64129.99999999999,996.4,10770.0,24.021,59790.0
1033,2023-04-04,3.971,82160.0,1029.0,10770.0,25.101,80730.0
1034,2023-04-05,3.9865,68500.0,1007.4,10770.0,25.037,66170.0
1035,2023-04-06,4.0155,87260.0,1016.8,10770.0,25.093,49820.0
1036,2023-04-10,3.9765,56660.0,1002.9,11430.0,24.912,47960.0
1037,2023-04-11,4.0195,85660.0,1005.1,19960.0,25.186,54830.0
1038,2023-04-12,4.081,93030.0,1027.5,19960.0,25.458,89020.0
1039,2023-04-13,4.124,92480.0,1065.5,19960.0,25.925,75420.0
1040,2023-04-14,4.1065,101540.0,1054.0,19960.0,25.46,94540.0
1041,2023-04-17,4.066,62390.0,1059.6,14000.0,25.088,64629.99999999999
1042,2023-04-18,4.0965,24780.0,1097.3,21260.0,25.484,14040.0
1043,2023-04-19,4.081,28540.0,1105.7,21260.0,25.59,18980.0
1044,2023-04-20,4.0325,31530.0,1107.6,21260.0,25.595,21430.0
1045,2023-04-21,3.9865,38860.0,1138.7,21260.0,25.28,19880.0
1046,2023-04-24,3.9645,45580.0,1097.7,21260.0,25.524,45730.0
1047,2023-04-25,3.865,83030.0,1098.2,21260.0,25.088,45730.0
1048,2023-04-26,3.8615,73080.0,1106.0,21260.0,25.071,45730.0
1049,2023-04-27,3.884,81380.0,1093.2,21260.0,25.209,45730.0
1050,2023-04-28,3.8905,58930.0,1090.1,21260.0,25.226,45730.0
1051,2023-05-01,3.934,59060.0,1064.7,21260.0,25.23,45730.0
1052,2023-05-02,3.8625,57600.0,1078.3,21260.0,25.619,45730.0
1053,2023-05-03,3.845,51300.0,1061.8,21260.0,25.681,45730.0
1054,2023-05-04,3.863,68250.0,1053.55,21260.0,26.358,45730.0
1055,2023-05-05,3.883,59640.0,1068.3,21260.0,25.93,45730.0
1056,2023-05-08,3.9295,40070.0,1087.7,21260.0,25.834,45730.0
1057,2023-05-09,3.9015,46220.0,1116.0,21260.0,25.898,45730.0
1058,2023-05-10,3.841,59890.0,1119.1,21630.0,25.658,170.0
1059,2023-05-11,3.71,59890.0,1105.0,21630.0,24.424,170.0
1060,2023-05-12,3.7285,59890.0,1067.0,21630.0,24.154,170.0
1061,2023-05-15,3.751,59890.0,1082.8,21630.0,24.175,170.0
1062,2023-05-16,3.667,74940.0,1075.0,21630.0,23.783,180.0
1063,2023-05-17,3.7545,82450.0,1090.7,21630.0,23.789,180.0
1064,2023-05-18,3.6895,60350.0,1066.3,21630.0,23.523,350.0
1065,2023-05-19,3.732,59320.0,1083.8,21630.0,23.948,150.0
1066,2023-05-22,3.685,55950.0,1085.4,21630.0,23.743,280.0
1067,2023-05-23,3.6545,69190.0,1065.7,21630.0,23.509,380.0
1068,2023-05-24,3.5615,102900.0,1037.6,21630.0,23.132,260.0
1069,2023-05-25,3.5825,930.0,1034.4,21630.0,22.803,360.0
1070,2023-05-26,3.6755,660.0,1036.2,21630.0,23.248,280.0
1071,2023-05-30,3.663,88100.0,1021.9,21630.0,23.239,79060.0
1072,2023-05-31,3.637,66580.0,999.0,27040.0,23.587,76730.0
1073,2023-06-01,3.711,85920.0,1010.1,18930.0,23.987,76910.0
1074,2023-06-02,3.7275,82610.0,1003.5,15900.0,23.747,62060.0
1075,2023-06-05,3.768,80760.0,1036.4,26560.0,23.635,47490.0
1076,2023-06-06,3.7685,62020.0,1038.7,16300.0,23.67,44280.0
1077,2023-06-07,3.756,95210.0,1024.6,21210.0,23.529,73330.0
1078,2023-06-08,3.795,87850.0,1013.9,17340.0,24.348,84070.0
1079,2023-06-09,3.789,84550.0,1012.8,19190.0,24.41,63770.0
1080,2023-06-12,3.752,78650.0,995.3,21400.0,24.059,58040.0
1081,2023-06-13,3.831,115300.0,981.9,21770.0,23.822,73640.0
1082,2023-06-14,3.87,89720.0,980.0,21210.0,24.105,61200.0
1083,2023-06-15,3.904,37030.0,991.9,24110.0,23.891,0.0
1084,2023-06-16,3.8985,31740.0,987.3,21280.0,24.076,62350.0
1085,2023-06-20,3.8935,43540.0,968.0,33820.0,23.193,110460.0
1086,2023-06-21,3.9105,46040.0,949.0,28750.0,22.774,78460.0
1087,2023-06-22,3.9005,43050.0,926.5,32810.0,22.436,0.0
1088,2023-06-23,3.8155,44540.0,923.7,20910.0,22.328,53210.0
1089,2023-06-26,3.8045,51830.0,932.9,16770.0,22.805,10.0
1090,2023-06-27,3.7885,51670.0,934.0,16770.0,22.939,0.0
1091,2023-06-28,3.7425,58610.0,924.7,16770.0,22.868,40.0
1092,2023-06-29,3.699,75090.0,906.8,16770.0,22.591,6990.0
1093,2023-06-30,3.7595,58630.0,913.2,16770.0,22.81,70.0
1094,2023-07-03,3.794,48350.0,916.0,16770.0,23.112,70.0
1095,2023-07-05,3.7685,70900.0,925.0,16770.0,23.402,70.0
1096,2023-07-06,3.7345,60470.0,909.7,16770.0,22.89,70.0
1097,2023-07-07,3.782,52200.0,918.5,16770.0,23.289,70.0
1098,2023-07-10,3.7845,46990.0,934.8,16770.0,23.345,70.0
1099,2023-07-11,3.766,64230.00000000001,932.4,16770.0,23.281,70.0
1100,2023-07-12,3.853,77860.0,956.6,16770.0,24.31,70.0
1101,2023-07-13,3.94,103640.0,983.4,16770.0,24.949,70.0
1102,2023-07-14,3.933,78200.0,984.3,16770.0,25.194,70.0
1103,2023-07-17,3.844,79080.0,987.5,16770.0,25.018,70.0
1104,2023-07-18,3.8295,61150.0,994.4,16770.0,25.256,70.0
1105,2023-07-19,3.814,55190.0,984.8,16770.0,25.387,70.0
1106,2023-07-20,3.8345,69440.0,964.1,16770.0,24.992,70.0
1107,2023-07-21,3.818,85940.0,972.2,0.0,24.855,70.0
1108,2023-07-24,3.8555,85940.0,969.5,0.0,24.451,70.0
1109,2023-07-25,3.9155,85940.0,976.6,0.0,24.695,60.0
1110,2023-07-26,3.902,65160.0,972.0,0.0,24.841,70.0
1111,2023-07-27,3.8755,76400.0,945.0,0.0,24.243,100.0
1112,2023-07-28,3.9265,60860.0,943.7,0.0,24.495,38730.0
1113,2023-07-31,4.008,115170.0,958.6,0.0,24.972,45400.0
1114,2023-08-01,3.9085,109740.0,940.4,0.0,24.326,52950.0
1115,2023-08-02,3.8435,89270.0,930.4,0.0,23.872,73950.0
1116,2023-08-03,3.8995,81960.0,921.8,0.0,23.697,63140.0
1117,2023-08-04,3.8675,79910.0,928.5,0.0,23.716,58390.0
1118,2023-08-07,3.835,70870.0,926.9,0.0,23.232,62320.0
1119,2023-08-08,3.7665,138600.0,904.45,0.0,22.807,82660.0
1120,2023-08-09,3.7835,85710.0,892.7,0.0,22.731,69550.0
1121,2023-08-10,3.765,81240.0,914.8,0.0,22.821,75610.0
1122,2023-08-11,3.719,95100.0,914.6,0.0,22.743,52690.0
1123,2023-08-14,3.7255,73510.0,906.8,0.0,22.708,53770.0
1124,2023-08-15,3.6675,83180.0,892.2,0.0,22.656,61480.0
1125,2023-08-16,3.6575,69280.0,891.3,0.0,22.535,46540.0
1126,2023-08-17,3.6915,73410.0,900.15,0.0,22.715,66430.0
1127,2023-08-18,3.706,54520.0,916.25,0.0,22.733,54780.0
1128,2023-08-21,3.7465,90.0,910.4,0.0,23.659,18190.0
1129,2023-08-22,3.7825,110.0,921.4,0.0,23.763,18490.0
1130,2023-08-23,3.8305,180.0,935.1,0.0,24.71,33680.0
1131,2023-08-24,3.7875,180.0,939.9,0.0,24.575,39410.0
1132,2023-08-25,3.779,290.0,945.1,0.0,24.583,32750.0
1133,2023-08-28,3.7855,170.0,969.1,0.0,24.605,32660.0
1134,2023-08-29,3.8295,640.0,983.0,0.0,25.139,51640.0
1135,2023-08-30,3.844,56860.0,983.3,25730.0,25.104,67030.0
1136,2023-08-31,3.822,52790.0,974.4,22610.0,24.812,47180.0
1137,2023-09-01,3.852,81640.0,968.7,22060.0,24.562,61530.0
1138,2023-09-05,3.8485,87970.0,933.5,33150.0,23.873,91770.0
1139,2023-09-06,3.786,68210.0,915.3,25470.0,23.503,67140.0
1140,2023-09-07,3.762,69660.0,909.6,23250.0,23.24,50650.0
1141,2023-09-08,3.7165,66660.0,894.8,26140.0,23.174,52750.0
1142,2023-09-11,3.807,66660.0,902.3,26250.0,23.383,43210.0
1143,2023-09-12,3.792,44010.0,912.8,29480.0,23.402,40980.0
1144,2023-09-13,3.793,53840.0,905.2,24900.0,23.181,49960.0
1145,2023-09-14,3.8215,66850.0,911.1,22770.0,22.994,84600.0
1146,2023-09-15,3.801,56100.0,929.5,31240.0,23.386,67110.0
1147,2023-09-18,3.779,48800.0,938.3,27480.0,23.498,46570.0
1148,2023-09-19,3.747,61430.0,948.4,27700.0,23.456,40410.0
1149,2023-09-20,3.776,50330.0,942.3,29060.0,23.836,57730.0
1150,2023-09-21,3.696,124290.0,924.6,26100.0,23.687,73840.0
1151,2023-09-22,3.696,61880.0,934.1,26100.0,23.844,53720.0
1152,2023-09-25,3.67,54420.0,923.6,26100.0,23.385,55990.0
1153,2023-09-26,3.649,65800.0,914.2,26100.0,23.196,52630.0
1154,2023-09-27,3.6365,64250.0,896.3,26100.0,22.724,66470.0
1155,2023-09-28,3.708,73770.0,915.1,26100.0,22.741,67240.0
1156,2023-09-29,3.7375,82330.0,915.9,26100.0,22.45,112990.0
1157,2023-10-02,3.6415,74920.0,886.8,26100.0,21.421,98270.0
1158,2023-10-03,3.621,69450.0,879.6,26100.0,21.377,82340.0
1159,2023-10-04,3.589,76860.0,874.2,24150.0,21.146,68610.0
1160,2023-10-05,3.552,58690.0,862.5,24150.0,21.019,57840.0
1161,2023-10-06,3.6275,89050.0,881.5,24150.0,21.723,84530.0
1162,2023-10-09,3.646,64060.0,888.8,24150.0,21.924,58310.0
1163,2023-10-10,3.634,57840.0,890.2,24150.0,21.953,43790.0
1164,2023-10-11,3.612,52510.0,893.0,24150.0,22.133,45000.0
1165,2023-10-12,3.591,69710.0,875.8,24150.0,21.959,51300.0
1166,2023-10-13,3.571,64950.0,884.2,23660.0,22.895,76260.0
1167,2023-10-16,3.582,57580.0,899.4,26650.0,22.765,36550.0
1168,2023-10-17,3.5785,86040.0,906.2,26650.0,23.024,48470.0
1169,2023-10-18,3.587,69580.0,894.3,26650.0,23.099,66390.0
1170,2023-10-19,3.601,66120.0,898.2,26650.0,23.031,58630.0
1171,2023-10-20,3.563,83730.0,905.1,26650.0,23.504,80.0
1172,2023-10-23,3.5865,83730.0,905.0,26650.0,23.095,80.0
1173,2023-10-24,3.624,89810.0,891.9,26650.0,22.999,100.0
1174,2023-10-25,3.591,70330.0,912.4,26650.0,22.895,90.0
1175,2023-10-26,3.5845,73830.0,909.0,30.0,22.795,110.0
1176,2023-10-27,3.646,102140.0,901.5,30.0,22.774,70.0
1177,2023-10-30,3.6585,93450.0,939.9,10.0,23.396,60080.0
1178,2023-10-31,3.649,72260.0,944.9,10.0,22.952,54680.0
1179,2023-11-01,3.649,83300.0,934.9,10.0,22.79,54800.0
1180,2023-11-02,3.6725,71370.0,930.6,10.0,22.846,45120.0
1181,2023-11-03,3.6815,81350.0,940.95,10.0,23.285,76960.0
1182,2023-11-06,3.719,84990.0,917.6,10.0,23.234,41670.0
1183,2023-11-07,3.679,108310.0,898.55,10.0,22.589,79030.0
1184,2023-11-08,3.638,96580.0,871.5,10.0,22.728,66630.0
1185,2023-11-09,3.6405,93670.0,864.3,10.0,22.905,74590.0
1186,2023-11-10,3.587,96130.0,845.6,10.0,22.281,63950.0
1187,2023-11-13,3.666,96820.0,863.6,10.0,22.358,64069.99999999999
1188,2023-11-14,3.6835,102760.0,890.7,10.0,23.132,76300.0
1189,2023-11-15,3.7185,85830.0,901.25,10.0,23.538,72280.0
1190,2023-11-16,3.7025,310.0,898.4,10.0,23.933,83270.0
1191,2023-11-17,3.7345,310.0,905.0,10.0,23.852,54400.0
1192,2023-11-20,3.8335,310.0,923.4,10.0,23.959,15880.0
1193,2023-11-21,3.8395,120.0,941.4,20.0,24.221,23430.0
1194,2023-11-22,3.797,150.0,925.8,40.0,24.033,24900.0
1195,2023-11-24,3.8205,190.0,932.4,20.0,24.692,31900.0
1196,2023-11-27,3.789,200.0,918.0,50.0,25.038,55050.0
1197,2023-11-28,3.8285,640.0,944.7,70.0,25.302,63460.0
1198,2023-11-29,3.8255,76390.0,941.4,23080.0,25.443,67400.0
1199,2023-11-30,3.8505,76490.0,935.9,24650.0,25.66,51620.0
1200,2023-12-01,3.9315,106080.0,936.1,23110.0,25.857,70000.0
1201,2023-12-04,3.8355,95060.0,925.1,27280.0,24.907,113760.0
1202,2023-12-05,3.784,96110.0,906.6,28080.0,24.546,76730.0
1203,2023-12-06,3.7345,83430.0,893.7,27700.0,24.228,59370.0
1204,2023-12-07,3.7975,78530.0,912.0,26880.0,24.059,57750.0
1205,2023-12-08,3.8305,89400.0,919.8,25020.0,23.276,87080.0
1206,2023-12-11,3.7805,66610.0,915.7,20160.0,23.058,56900.0
1207,2023-12-12,3.7875,69520.0,931.0,30170.0,23.016,55160.0
1208,2023-12-13,3.7875,62860.0,922.1,32250.0,22.921,81890.0
1209,2023-12-14,3.8925,107540.0,967.9,42830.0,24.386,97580.0
1210,2023-12-15,3.8905,73670.0,952.6,38070.0,24.154,57000.0
1211,2023-12-18,3.852,54990.0,954.3,26230.0,24.107,42680.0
1212,2023-12-19,3.898,84950.0,965.8,25860.0,24.321,37540.0
1213,2023-12-20,3.906,66320.0,974.0,30010.0,24.631,46980.0
1214,2023-12-21,3.9175,70080.0,970.3,26550.0,24.585,46760.0
1215,2023-12-22,3.905,54140.0,981.8,18530.0,24.565,48680.0
1216,2023-12-26,3.902,38000.0,995.6,18530.0,24.396,27810.0
1217,2023-12-27,3.956,,1013.5,18530.0,24.57,80.0
1218,2023-12-28,3.9245,,1023.2,18530.0,24.372,80.0
1219,2023-12-29,3.8915,,1009.2,18530.0,24.025,80.0
1220,2024-01-02,3.8805,,998.3,0.0,23.953,80.0
1221,2024-01-03,3.8615,,987.1,0.0,23.157,80.0
1222,2024-01-04,3.844,,966.3,0.0,23.187,80.0
1223,2024-01-05,3.806,,971.8,0.0,23.315,80.0
1224,2024-01-08,3.81,,959.4,0.0,23.31,80.0
1225,2024-01-09,3.7585,,943.5,0.0,23.091,80.0
1226,2024-01-10,3.781,,929.6,0.0,22.956,80.0
1227,2024-01-11,3.7765,,919.6,0.0,22.595,230.0
1228,2024-01-12,3.7405,,921.1,0.0,23.218,510.0
1229,2024-01-16,3.7665,,904.4,0.0,22.983,180.0
1230,2024-01-17,3.733,,889.6,0.0,22.559,240.0
1231,2024-01-18,3.745,,912.0,0.0,22.699,240.0
1232,2024-01-19,3.7865,,907.0,0.0,22.601,150.0
1233,2024-01-22,3.7635,,903.0,0.0,22.183,910.0
1234,2024-01-23,3.7935,,905.5,0.0,22.354,210.0
1235,2024-01-24,3.886,,914.9,0.0,22.769,640.0
1236,2024-01-25,3.869,,894.5,0.0,22.814,160.0
1237,2024-01-26,3.852,,921.3,0.0,22.758,330.0
1238,2024-01-29,3.879,,938.3,0.0,23.134,330.0
1239,2024-01-30,3.911,,931.7,0.0,23.225,53370.0
1240,2024-01-31,3.906,,932.6,0.0,23.169,66910.0
1241,2024-02-01,3.8535,,922.3,0.0,23.236,85160.0
1242,2024-02-02,3.8215,,901.6,0.0,22.796,
