,Date,Natural_Gas_Price,Natural_Gas_Vol.,Crude_oil_Price,Crude_oil_Vol.
0,04-02-2019,2.66,116490.0,54.56,622470.0
1,05-02-2019,2.662,82250.0,53.66,609760.0
2,06-02-2019,2.662,98330.0,54.01,606720.0
3,07-02-2019,2.551,211790.0,52.64,749010.0
4,08-02-2019,2.583,147880.0,52.72,621000.0
5,11-02-2019,2.642,202420.0,52.41,750240.0
6,12-02-2019,2.688,169230.0,53.1,708310.0
7,13-02-2019,2.575,185480.0,53.9,706550.0
8,14-02-2019,2.573,101560.0,54.41,623550.0
9,15-02-2019,2.625,98410.0,55.59,276910.0
10,19-02-2019,2.662,151750.0,56.09,153730.0
11,20-02-2019,2.636,110140.0,56.92,37680.0
12,21-02-2019,2.697,97900.0,56.96,546200.0
13,22-02-2019,2.717,35120.0,57.26,513440.00000000006
14,25-02-2019,2.836,80150.0,55.48,723010.0
15,26-02-2019,2.855,14320.0,55.5,538920.0
16,27-02-2019,2.799,94050.0,56.94,577230.0
17,28-02-2019,2.812,118340.0,57.22,496680.0
18,01-03-2019,2.859,134660.0,55.8,684190.0
19,04-03-2019,2.857,103660.0,56.59,549400.0
20,05-03-2019,2.884,103060.0,56.56,538400.0
21,06-03-2019,2.841,119630.0,56.22,637680.0
22,07-03-2019,2.866,117000.0,56.66,628820.0
23,08-03-2019,2.865,85880.0,56.07,747360.0
24,11-03-2019,2.772,136890.0,56.79,597160.0
25,12-03-2019,2.784,90020.0,56.87,652800.0
26,13-03-2019,2.82,101210.0,58.26,610620.0
27,14-03-2019,2.855,85280.0,58.61,567600.0
28,15-03-2019,2.795,82710.0,58.52,507390.0
29,18-03-2019,2.85,102230.0,59.09,157240.0
30,19-03-2019,2.874,109750.0,59.03,114820.0
31,20-03-2019,2.82,114170.0,59.83,31130.0
32,21-03-2019,2.821,83790.0,59.98,655380.0
33,22-03-2019,2.753,92640.0,59.04,738840.0
34,25-03-2019,2.755,49170.0,58.82,705400.0
35,26-03-2019,2.74,37150.0,59.94,685990.0
36,27-03-2019,2.713,9640.0,59.41,732150.0
37,28-03-2019,2.712,78720.0,59.3,712210.0
38,29-03-2019,2.662,115410.0,60.14,705560.0
39,01-04-2019,2.708,129460.0,61.59,670810.0
40,02-04-2019,2.684,106550.0,62.58,793230.0
41,03-04-2019,2.677,96800.0,62.46,799670.0
42,04-04-2019,2.643,123660.0,62.1,684970.0
43,05-04-2019,2.664,120320.0,63.08,686860.0
44,08-04-2019,2.708,154200.0,64.4,895770.0
45,09-04-2019,2.699,117350.0,63.98,790680.0
46,10-04-2019,2.7,127470.0,64.61,722220.0
47,11-04-2019,2.664,161210.0,63.58,760500.0
48,12-04-2019,2.66,88010.0,63.89,625590.0
49,15-04-2019,2.59,137630.0,63.4,555860.0
50,16-04-2019,2.572,103430.0,64.05,547470.0
51,17-04-2019,2.517,144890.0,63.76,235380.0
52,18-04-2019,2.49,168000.0,64.0,148240.0
53,22-04-2019,2.524,105450.0,65.7,30140.0
54,23-04-2019,2.455,119950.0,66.3,700600.0
55,24-04-2019,2.462,44970.0,65.89,678390.0
56,25-04-2019,2.514,53340.0,65.21,603000.0
57,26-04-2019,2.566,9990.0,63.3,1000000.0
58,29-04-2019,2.593,92360.0,63.5,654080.0
59,30-04-2019,2.575,94250.0,63.91,750490.0
60,01-05-2019,2.62,105390.0,63.6,676870.0
61,02-05-2019,2.589,120840.0,61.81,914660.0
62,03-05-2019,2.567,89980.0,61.94,646870.0
63,06-05-2019,2.524,95210.0,62.25,768810.0
64,07-05-2019,2.537,115820.0,61.4,842810.0
65,08-05-2019,2.61,167090.0,62.12,791770.0
66,09-05-2019,2.595,123680.0,61.7,769580.0
67,10-05-2019,2.619,132050.0,61.66,786490.0
68,13-05-2019,2.621,116270.0,61.04,1000000.0
69,14-05-2019,2.659,92880.0,61.78,751670.0
70,15-05-2019,2.601,123120.0,62.02,723000.0
71,16-05-2019,2.639,113110.0,62.87,545680.0
72,17-05-2019,2.631,79760.0,62.76,215800.0
73,20-05-2019,2.673,123610.0,63.1,131890.0
74,21-05-2019,2.613,144130.0,62.99,28910.0
75,22-05-2019,2.543,162720.0,61.42,766730.0
76,23-05-2019,2.578,118320.0,57.91,1110000.0
77,24-05-2019,2.598,55430.0,58.63,758100.0
78,28-05-2019,2.582,47430.0,59.14,1020000.0
79,29-05-2019,2.633,8810.0,58.81,1120000.0
80,30-05-2019,2.547,167470.0,56.59,842280.0
81,31-05-2019,2.454,198410.0,53.5,1030000.0
82,03-06-2019,2.403,204390.0,53.25,984310.0
83,04-06-2019,2.416,132770.0,53.48,831630.0
84,05-06-2019,2.378,109980.0,51.68,943190.0
85,06-06-2019,2.324,177940.0,52.59,790070.0
86,07-06-2019,2.337,154550.0,53.99,828130.0
87,10-06-2019,2.357,169930.0,53.26,687150.0
88,11-06-2019,2.399,163810.0,53.27,642940.0
89,12-06-2019,2.386,148270.0,51.14,786110.0
90,13-06-2019,2.325,180140.0,52.28,945020.0
91,14-06-2019,2.387,132410.0,52.51,574230.0
92,17-06-2019,2.386,120280.0,51.93,397870.0
93,18-06-2019,2.328,121400.0,53.9,181640.0
94,19-06-2019,2.276,173670.0,53.76,122840.0
95,20-06-2019,2.185,210070.0,56.65,27880.0
96,21-06-2019,2.186,92240.0,57.43,676050.0
97,24-06-2019,2.303,67650.0,57.9,597160.0
98,25-06-2019,2.308,55010.0,57.83,673140.0
99,26-06-2019,2.291,6630.0,59.38,686820.0
100,27-06-2019,2.324,108700.0,59.43,531410.0
101,28-06-2019,2.308,116430.0,58.47,556100.0
102,01-07-2019,2.267,149170.0,59.09,674890.0
103,02-07-2019,2.24,96730.0,56.25,878940.0
104,03-07-2019,2.29,91190.0,57.34,600130.0
105,05-07-2019,2.418,237740.0,57.51,698020.0
106,08-07-2019,2.403,201730.0,57.66,540860.0
107,09-07-2019,2.425,202650.0,57.83,551870.0
108,10-07-2019,2.444,193980.0,60.43,690660.0
109,11-07-2019,2.416,213620.0,60.2,573020.0
110,12-07-2019,2.453,171930.0,60.21,469030.0
111,15-07-2019,2.408,150760.0,59.58,566820.0
112,16-07-2019,2.306,148940.0,57.62,712540.0
113,17-07-2019,2.304,135140.0,56.78,504430.0
114,18-07-2019,2.287,173290.0,55.3,215360.0
115,19-07-2019,2.251,109060.0,55.63,105220.0
116,22-07-2019,2.312,168620.0,56.22,24300.0
117,23-07-2019,2.3,106900.0,56.77,521880.0
118,24-07-2019,2.22,116590.0,55.88,745250.0
119,25-07-2019,2.244,47530.0,56.02,559280.0
120,26-07-2019,2.169,45840.0,56.2,476790.0
121,29-07-2019,2.141,8760.0,56.87,529740.0
122,30-07-2019,2.137,91720.0,58.05,547400.0
123,31-07-2019,2.233,221830.0,58.58,614000.0
124,01-08-2019,2.202,251300.0,53.95,886750.0
125,02-08-2019,2.121,206340.0,55.66,739810.0
126,05-08-2019,2.07,179230.0,54.69,823840.0
127,06-08-2019,2.111,142250.0,53.63,682790.0
128,07-08-2019,2.083,203420.0,51.09,1060000.0
129,08-08-2019,2.128,191130.0,52.54,724760.0
130,09-08-2019,2.119,171910.0,54.5,726390.0
131,12-08-2019,2.105,167910.0,54.93,611030.0
132,13-08-2019,2.147,199870.0,57.1,783490.0
133,14-08-2019,2.143,127370.0,55.23,718290.0
134,15-08-2019,2.232,206770.0,54.47,527870.0
135,16-08-2019,2.2,111990.0,54.87,168350.0
136,19-08-2019,2.21,144760.0,56.21,113570.0
137,20-08-2019,2.218,107840.0,56.34,47450.0
138,21-08-2019,2.17,193530.0,55.68,704040.0
139,22-08-2019,2.159,113110.0,55.35,621570.0
140,23-08-2019,2.152,81620.0,54.17,807150.0
141,26-08-2019,2.23,52780.0,53.64,679020.0
142,27-08-2019,2.202,63220.0,54.93,596620.0
143,28-08-2019,2.251,8660.0,55.78,674050.0
144,29-08-2019,2.296,200410.0,56.71,630760.0
145,30-08-2019,2.285,124710.0,55.1,708270.0
146,03-09-2019,2.358,221620.0,53.94,970800.0
147,04-09-2019,2.445,218510.0,56.26,682300.0
148,05-09-2019,2.435,229800.0,56.3,712470.0
149,06-09-2019,2.496,201590.0,56.52,714290.0
150,09-09-2019,2.585,276720.0,57.85,646990.0
151,10-09-2019,2.58,259970.00000000003,57.4,755470.0
152,11-09-2019,2.552,211020.0,55.75,858770.0
153,12-09-2019,2.574,218450.0,55.09,845980.0
154,13-09-2019,2.614,184460.0,54.85,599470.0
155,16-09-2019,2.681,197190.0,62.9,1400000.0
156,17-09-2019,2.668,180760.0,59.34,993240.0
157,18-09-2019,2.637,157920.0,58.11,216960.0
158,19-09-2019,2.538,199310.0,58.13,112330.0
159,20-09-2019,2.534,130290.0,58.09,37980.0
160,23-09-2019,2.527,114580.0,58.64,526790.0
161,24-09-2019,2.503,56840.0,57.29,591530.0
162,25-09-2019,2.502,60510.0,56.49,563550.0
163,26-09-2019,2.428,10410.0,56.41,599650.0
164,27-09-2019,2.404,132790.0,55.91,712970.0
165,30-09-2019,2.33,173790.0,54.07,532520.0
166,01-10-2019,2.283,232340.0,53.62,589180.0
167,02-10-2019,2.247,165880.0,52.64,590310.0
168,03-10-2019,2.329,275740.0,52.45,642470.0
169,04-10-2019,2.352,204660.0,52.81,541100.0
170,07-10-2019,2.303,207410.0,52.75,549020.0
171,08-10-2019,2.288,182130.0,52.63,658320.0
172,09-10-2019,2.234,197120.0,52.59,632670.0
173,10-10-2019,2.218,216640.0,53.55,613940.0
174,11-10-2019,2.214,264180.0,54.7,741700.0
175,14-10-2019,2.28,171690.0,53.59,467640.0
176,15-10-2019,2.339,177880.0,52.81,511250.0
177,16-10-2019,2.303,191280.0,53.36,451640.0
178,17-10-2019,2.318,159780.0,53.93,418420.0
179,18-10-2019,2.32,150020.0,53.78,174480.0
180,21-10-2019,2.238,215760.0,53.31,95980.0
181,22-10-2019,2.272,234960.0,54.16,33920.0
182,23-10-2019,2.282,146420.0,55.97,620200.0
183,24-10-2019,2.316,125650.0,56.23,480760.0
184,25-10-2019,2.3,63900.0,56.66,445020.0
185,28-10-2019,2.446,80630.0,55.81,437020.0
186,29-10-2019,2.597,8450.0,55.54,521460.00000000006
187,30-10-2019,2.691,214550.0,55.06,659330.0
188,31-10-2019,2.633,222320.0,54.18,677420.0
189,01-11-2019,2.714,239450.0,56.2,538120.0
190,04-11-2019,2.821,255670.0,56.54,580350.0
191,05-11-2019,2.862,218500.0,57.23,435320.0
192,06-11-2019,2.828,189260.0,56.35,623260.0
193,07-11-2019,2.772,301600.0,57.15,678170.0
194,08-11-2019,2.789,175960.0,57.24,636940.0
195,11-11-2019,2.637,250310.0,56.86,498980.0
196,12-11-2019,2.621,199640.0,56.8,586570.0
197,13-11-2019,2.6,206270.0,57.12,547640.0
198,14-11-2019,2.647,223570.0,56.77,516830.00000000006
199,15-11-2019,2.688,173530.0,57.72,375990.0
200,18-11-2019,2.566,186990.0,57.05,159330.0
201,19-11-2019,2.51,205950.0,55.21,121210.0
202,20-11-2019,2.559,146060.0,57.11,31920.0
203,21-11-2019,2.567,131310.0,58.58,593530.0
204,22-11-2019,2.665,84150.0,57.77,508240.0
205,25-11-2019,2.531,70300.0,58.01,420640.0
206,26-11-2019,2.47,12000.0,58.41,443820.0
207,27-11-2019,2.501,145160.0,58.11,454260.0
208,29-11-2019,2.281,244120.0,55.17,718720.0
209,02-12-2019,2.329,219040.0,55.96,616420.0
210,03-12-2019,2.441,307310.0,56.1,560550.0
211,04-12-2019,2.399,195330.0,58.43,760540.0
212,05-12-2019,2.427,179530.0,58.43,649460.0
213,06-12-2019,2.334,251410.0,59.2,679610.0
214,09-12-2019,2.232,322560.0,59.02,511560.0
215,10-12-2019,2.264,270890.0,59.24,566820.0
216,11-12-2019,2.243,220220.0,58.76,589650.0
217,12-12-2019,2.328,258900.0,59.18,530850.0
218,13-12-2019,2.296,170400.0,60.07,512290.0
219,16-12-2019,2.341,163030.0,60.21,347400.0
220,17-12-2019,2.319,162320.0,60.94,163740.0
221,18-12-2019,2.286,186140.0,60.93,131070.0
222,19-12-2019,2.273,231820.0,61.22,35460.0
223,20-12-2019,2.328,153380.0,60.44,552520.0
224,23-12-2019,2.214,127890.0,60.52,314710.0
225,24-12-2019,2.172,49760.0,61.11,204540.0
226,26-12-2019,2.294,53810.0,61.68,265090.0
227,27-12-2019,2.158,8620.0,61.72,351900.0
228,30-12-2019,2.186,124330.0,61.68,427150.0
229,31-12-2019,2.189,116890.0,61.06,494540.0
230,02-01-2020,2.122,164570.0,61.18,486870.0
231,03-01-2020,2.13,144670.0,63.05,885860.0
232,06-01-2020,2.135,154680.0,63.27,724240.0
233,07-01-2020,2.162,163010.0,62.7,582650.0
234,08-01-2020,2.141,242560.0,59.61,1210000.0
235,09-01-2020,2.166,230030.0,59.56,750930.0
236,10-01-2020,2.202,282650.0,59.04,596190.0
237,13-01-2020,2.182,232950.0,58.08,584000.0
238,14-01-2020,2.187,281850.0,58.23,507710.0
239,15-01-2020,2.12,218920.0,57.81,433170.0
240,16-01-2020,2.077,206420.0,58.52,182870.0
241,17-01-2020,2.003,213280.0,58.54,122560.0
242,21-01-2020,1.895,255720.0,58.34,50180.0
243,22-01-2020,1.905,240000.0,56.74,620120.0
244,23-01-2020,1.926,179790.0,55.59,704000.0
245,24-01-2020,1.893,142190.0,54.19,586200.0
246,27-01-2020,1.902,72170.0,53.14,712880.0
247,28-01-2020,1.934,59300.0,53.48,633960.0
248,29-01-2020,1.877,10050.0,53.33,624980.0
249,30-01-2020,1.829,219700.0,52.14,720120.0
250,31-01-2020,1.841,135680.0,51.56,827910.0
251,03-02-2020,1.819,163790.0,50.11,876040.0
252,04-02-2020,1.872,184040.0,49.61,859360.0
253,05-02-2020,1.861,195460.0,50.75,887950.0
254,06-02-2020,1.862,186210.0,50.95,750660.0
255,07-02-2020,1.858,272130.0,50.32,768350.0
256,10-02-2020,1.766,337230.0,49.57,715890.0
257,11-02-2020,1.788,278430.0,49.94,725730.0
258,12-02-2020,1.844,303310.0,51.17,795260.0
259,13-02-2020,1.826,280380.0,51.42,745400.0
260,14-02-2020,1.837,188950.0,52.05,607340.0
261,18-02-2020,1.981,322720.0,52.05,221770.0
262,19-02-2020,1.955,269980.0,53.29,113680.0
263,20-02-2020,1.92,266250.0,53.78,30670.0
264,21-02-2020,1.905,146810.0,53.38,707560.0
265,24-02-2020,1.827,75200.0,51.43,765520.0
266,25-02-2020,1.847,70530.0,49.9,764990.0
267,26-02-2020,1.821,7700.0,48.73,884480.0
268,27-02-2020,1.752,276100.0,47.09,1010000.0
269,28-02-2020,1.684,218420.0,44.76,1100000.0
270,02-03-2020,1.756,197990.0,46.75,949470.0
271,03-03-2020,1.8,207500.0,47.18,1010000.0
272,04-03-2020,1.827,138210.0,46.78,745860.0
273,05-03-2020,1.772,152640.0,45.9,704590.0
274,06-03-2020,1.708,213510.0,41.28,1280000.0
275,09-03-2020,1.778,291350.0,31.13,1770000.0
276,10-03-2020,1.936,350200.0,34.36,1060000.0
277,11-03-2020,1.878,318550.0,32.98,874650.0
278,12-03-2020,1.841,280150.0,31.5,1030000.0
279,13-03-2020,1.869,222420.0,31.73,743130.0
280,16-03-2020,1.815,167170.0,28.7,698830.0
281,17-03-2020,1.729,163790.0,26.95,545820.0
282,18-03-2020,1.604,216850.0,20.37,309480.0
283,19-03-2020,1.654,189480.0,25.22,136720.0
284,20-03-2020,1.604,160480.0,22.43,29760.0
285,23-03-2020,1.602,138580.0,23.36,852950.0
286,24-03-2020,1.653,92340.0,24.01,659700.0
287,25-03-2020,1.659,42560.0,24.49,618730.0
288,26-03-2020,1.637,48030.0,22.6,633880.0
289,27-03-2020,1.634,6320.0,21.51,603120.0
290,30-03-2020,1.69,102310.0,20.09,758710.0
291,31-03-2020,1.64,142550.0,20.48,660080.0
292,01-04-2020,1.587,143670.0,20.31,703290.0
293,02-04-2020,1.552,165320.0,25.32,1100000.0
294,03-04-2020,1.621,155160.0,28.34,1010000.0
295,06-04-2020,1.731,187960.0,26.08,752710.0
296,07-04-2020,1.852,261930.0,23.63,797710.0
297,08-04-2020,1.783,227400.0,25.09,823550.0
298,09-04-2020,1.733,202180.0,22.76,1120000.0
299,13-04-2020,1.724,196130.0,22.41,775120.0
300,14-04-2020,1.65,198540.0,20.11,785480.0
301,15-04-2020,1.598,152700.0,19.87,544800.0
302,16-04-2020,1.686,235590.0,19.87,350940.0
303,17-04-2020,1.753,196980.0,18.27,240630.0
304,20-04-2020,1.924,229820.0,0.0,247950.0
305,21-04-2020,1.821,283420.0,10.01,18440.0
306,22-04-2020,1.939,162990.0,13.78,1240000.0
307,23-04-2020,1.815,93520.0,16.5,833580.0
308,24-04-2020,1.746,77810.0,16.94,600220.0
309,27-04-2020,1.819,67070.0,12.78,623200.0
310,28-04-2020,1.794,3600.0,12.34,897090.0
311,29-04-2020,1.869,159450.0,15.06,554130.0
312,30-04-2020,1.949,169440.0,18.84,545340.0
313,01-05-2020,1.89,181680.0,19.78,403200.0
314,04-05-2020,1.993,187910.0,20.39,311490.0
315,05-05-2020,2.134,307830.0,24.56,387240.0
316,06-05-2020,1.944,265470.0,23.99,381170.0
317,07-05-2020,1.894,228870.0,23.55,310260.0
318,08-05-2020,1.823,188400.0,24.74,205180.0
319,11-05-2020,1.826,224970.0,24.14,179590.0
320,12-05-2020,1.72,228490.0,25.78,212340.0
321,13-05-2020,1.616,254680.0,25.29,150860.0
322,14-05-2020,1.681,206530.0,27.56,160510.0
323,15-05-2020,1.646,169710.0,29.43,108020.0
324,18-05-2020,1.783,224940.0,31.82,89380.0
325,19-05-2020,1.83,241440.0,32.5,36070.0
326,20-05-2020,1.771,158340.0,33.49,406430.0
327,21-05-2020,1.71,99420.0,33.92,372810.0
328,22-05-2020,1.731,53710.0,33.25,429040.0
329,27-05-2020,1.722,2990.0,32.81,415250.0
330,28-05-2020,1.827,160770.0,33.71,440170.0
331,29-05-2020,1.849,221370.0,35.49,443650.0
332,01-06-2020,1.774,205240.0,35.44,385710.0
333,02-06-2020,1.777,142960.0,36.81,343480.0
334,03-06-2020,1.821,200600.0,37.29,494250.0
335,04-06-2020,1.822,114330.0,37.41,307610.0
336,05-06-2020,1.782,207230.0,39.55,396860.0
337,08-06-2020,1.789,206090.0,38.19,416640.0
338,09-06-2020,1.767,207730.0,38.94,396030.0
339,10-06-2020,1.78,203930.0,39.6,385870.0
340,11-06-2020,1.813,213620.0,36.34,513910.0
341,12-06-2020,1.731,148100.0,36.26,406510.0
342,15-06-2020,1.669,191890.0,37.12,387550.0
343,16-06-2020,1.614,167100.0,38.38,366320.0
344,17-06-2020,1.638,150270.0,37.96,239520.0
345,18-06-2020,1.638,124790.0,38.84,113380.0
346,19-06-2020,1.669,123840.0,39.75,64110.0
347,22-06-2020,1.664,121430.0,40.46,29890.0
348,23-06-2020,1.637,85190.0,40.37,368730.0
349,24-06-2020,1.597,43230.0,38.01,499490.0
350,25-06-2020,1.482,62680.0,38.72,451640.0
351,26-06-2020,1.495,7250.0,38.49,356710.0
352,29-06-2020,1.709,273250.0,39.7,343910.0
353,30-06-2020,1.751,186910.0,39.27,370060.0
354,01-07-2020,1.671,173540.0,39.82,407170.0
355,02-07-2020,1.734,142220.0,40.65,347100.0
356,07-07-2020,1.876,203760.0,40.62,256600.00000000003
357,08-07-2020,1.824,187550.0,40.9,286740.0
358,09-07-2020,1.779,179260.0,39.62,367390.0
359,10-07-2020,1.805,166220.0,40.55,393150.0
360,13-07-2020,1.739,158850.0,40.1,370720.0
361,14-07-2020,1.746,138350.0,40.29,426970.0
362,15-07-2020,1.778,93860.0,41.2,352540.0
363,16-07-2020,1.723,136970.0,40.75,200100.0
364,17-07-2020,1.718,110720.0,40.59,88220.0
365,20-07-2020,1.641,165620.0,40.81,60180.0
366,21-07-2020,1.675,131340.0,41.96,25620.0
367,22-07-2020,1.681,118420.0,41.9,333650.0
368,23-07-2020,1.785,122590.0,41.07,389410.0
369,24-07-2020,1.808,71800.0,41.29,353160.0
370,27-07-2020,1.734,37480.0,41.6,377710.0
371,28-07-2020,1.8,32530.0,41.04,276800.0
372,29-07-2020,1.854,4060.0,41.27,295860.0
373,30-07-2020,1.829,165710.0,39.92,487330.0
374,31-07-2020,1.799,112250.0,40.27,318790.0
375,03-08-2020,2.101,381970.0,41.01,338330.0
376,04-08-2020,2.193,230890.0,41.7,451580.0
377,05-08-2020,2.191,182430.0,42.19,491270.0
378,06-08-2020,2.165,161990.0,41.95,359610.0
379,07-08-2020,2.238,206250.0,41.22,399000.0
380,10-08-2020,2.153,207910.0,41.94,367800.0
381,11-08-2020,2.171,166070.0,41.61,432840.0
382,12-08-2020,2.152,175920.0,42.67,397830.0
383,13-08-2020,2.182,173310.0,42.24,329510.0
384,14-08-2020,2.356,229930.0,42.01,310870.0
385,17-08-2020,2.339,143940.0,42.89,208430.0
386,18-08-2020,2.417,141590.0,42.89,111630.0
387,19-08-2020,2.426,112840.0,42.93,81300.0
388,20-08-2020,2.352,146660.0,42.58,27430.0
389,21-08-2020,2.448,134960.0,42.34,345370.0
390,24-08-2020,2.513,101300.0,42.62,294730.0
391,25-08-2020,2.489,43870.0,43.35,330800.0
392,26-08-2020,2.461,37630.0,43.39,262240.0
393,27-08-2020,2.579,2600.0,43.04,320970.0
394,28-08-2020,2.657,152900.0,42.97,272800.0
395,31-08-2020,2.63,203890.0,42.61,236880.0
396,01-09-2020,2.527,228380.0,42.76,285150.0
397,02-09-2020,2.486,257130.0,41.51,421770.0
398,03-09-2020,2.487,146080.0,41.37,417630.0
399,04-09-2020,2.588,165240.0,39.77,444180.0
400,09-09-2020,2.406,201390.0,38.05,455360.0
401,10-09-2020,2.323,139970.0,37.3,367560.0
402,11-09-2020,2.269,123020.0,37.33,363790.0
403,14-09-2020,2.31,151170.0,37.26,347560.0
404,15-09-2020,2.362,114510.0,38.28,348860.0
405,16-09-2020,2.267,119390.0,40.16,367610.0
406,17-09-2020,2.042,238360.0,40.97,280670.0
407,18-09-2020,2.048,146580.0,41.11,73760.0
408,21-09-2020,1.835,256630.0,39.31,66200.0
409,22-09-2020,1.834,102270.0,39.6,23220.0
410,23-09-2020,2.125,100580.0,39.93,318750.0
411,24-09-2020,2.248,60480.0,40.31,269990.0
412,25-09-2020,2.139,40390.0,40.25,229030.0
413,28-09-2020,2.101,3360.0,40.6,226430.0
414,29-09-2020,2.561,196450.0,39.29,379600.0
415,30-09-2020,2.527,145930.0,40.22,340290.0
416,01-10-2020,2.527,155890.0,38.72,443440.0
417,02-10-2020,2.438,163730.0,37.05,391430.0
418,05-10-2020,2.615,195410.0,39.22,378580.0
419,06-10-2020,2.52,149530.0,40.67,400530.0
420,07-10-2020,2.606,211070.0,39.95,433070.0
421,08-10-2020,2.627,198490.0,41.19,409790.0
422,09-10-2020,2.741,207340.0,40.6,331700.0
423,12-10-2020,2.881,179700.0,39.43,322040.0
424,13-10-2020,2.855,178430.0,40.2,375470.0
425,14-10-2020,2.636,184590.0,41.04,328300.0
426,15-10-2020,2.775,150330.0,40.96,248250.0
427,16-10-2020,2.773,146430.0,40.88,96490.0
428,19-10-2020,2.795,150450.0,40.83,75340.0
429,20-10-2020,2.913,119810.0,41.46,24520.0
430,21-10-2020,3.023,154370.0,40.03,366900.0
431,22-10-2020,3.007,93190.0,40.64,307490.0
432,23-10-2020,2.971,73250.0,39.85,268930.0
433,26-10-2020,3.024,35710.0,38.56,360180.0
434,27-10-2020,3.019,57590.0,39.57,339540.0
435,28-10-2020,2.996,4960.0,37.39,489950.0
436,29-10-2020,3.301,168760.0,36.17,568820.0
437,30-10-2020,3.354,146430.0,35.79,388970.0
438,02-11-2020,3.244,156210.0,36.81,489200.0
439,03-11-2020,3.059,184780.0,37.66,410610.0
440,04-11-2020,3.046,145540.0,39.15,437000.0
441,05-11-2020,2.942,173750.0,38.79,298370.0
442,06-11-2020,2.888,186660.0,37.14,411030.0
443,09-11-2020,2.859,125980.0,40.29,622920.0
444,10-11-2020,2.949,158190.0,41.36,457050.0
445,11-11-2020,3.031,139900.0,41.45,443770.0
446,12-11-2020,2.976,126610.0,41.12,401030.0
447,13-11-2020,2.995,127130.0,40.13,338190.0
448,16-11-2020,2.697,189360.0,41.34,378790.0
449,17-11-2020,2.692,110710.0,41.43,243680.0
450,18-11-2020,2.712,124470.0,41.82,107010.0
451,19-11-2020,2.592,159960.0,41.74,88140.0
452,20-11-2020,2.65,76190.0,42.15,29780.0
453,23-11-2020,2.711,38780.0,43.06,300720.0
454,24-11-2020,2.775,41700.0,44.91,418530.0
455,25-11-2020,2.896,5630.0,45.71,417180.0
456,30-11-2020,2.882,146180.0,45.34,370760.0
457,01-12-2020,2.88,137670.0,44.55,314920.0
458,02-12-2020,2.78,142880.0,45.28,368850.0
459,03-12-2020,2.507,269560.0,45.64,350770.0
460,04-12-2020,2.575,142530.0,46.26,335450.0
461,07-12-2020,2.406,236670.0,45.76,348870.0
462,08-12-2020,2.399,177630.0,45.6,332640.0
463,09-12-2020,2.442,185150.0,45.52,434980.0
464,10-12-2020,2.553,215460.0,46.78,447530.0
465,11-12-2020,2.591,177710.0,46.57,367310.0
466,14-12-2020,2.682,142940.0,46.99,403540.0
467,15-12-2020,2.682,137600.0,47.62,311170.0
468,16-12-2020,2.677,128970.0,47.82,275330.0
469,17-12-2020,2.636,154240.0,48.36,96540.0
470,18-12-2020,2.7,121680.0,49.1,83710.0
471,21-12-2020,2.705,104270.0,47.74,27960.0
472,22-12-2020,2.78,112740.0,47.02,295740.0
473,23-12-2020,2.608,98710.0,48.12,344310.0
474,24-12-2020,2.518,39990.0,48.23,167390.0
475,28-12-2020,2.305,49280.0,47.62,238460.0
476,29-12-2020,2.467,3270.0,48.0,213780.0
477,30-12-2020,2.422,81790.0,48.4,266960.0
478,31-12-2020,2.539,111110.0,48.52,181890.0
479,04-01-2021,2.581,128380.0,47.62,528530.0
480,05-01-2021,2.702,149830.0,49.93,643190.0
481,06-01-2021,2.716,144690.0,50.63,509370.0
482,07-01-2021,2.729,135480.0,50.83,369290.0
483,08-01-2021,2.7,148730.0,52.24,499420.0
484,11-01-2021,2.747,177250.0,52.25,394820.0
485,12-01-2021,2.753,201430.0,53.21,400200.0
486,13-01-2021,2.727,169240.0,52.91,429900.0
487,14-01-2021,2.666,163040.0,53.57,390090.0
488,15-01-2021,2.737,150990.0,52.36,165670.0
489,20-01-2021,2.539,133440.0,53.24,37840.0
490,21-01-2021,2.491,100320.0,53.13,352400.0
491,22-01-2021,2.446,63830.0,52.27,437480.0
492,25-01-2021,2.602,42990.0,52.77,349080.0
493,26-01-2021,2.656,32230.0,52.61,314540.0
494,27-01-2021,2.76,5520.0,52.85,442380.0
495,28-01-2021,2.664,159820.0,52.34,411410.0
496,29-01-2021,2.564,133180.0,52.2,410910.0
497,01-02-2021,2.85,243660.0,53.55,416070.0
498,02-02-2021,2.845,236390.0,54.76,463720.0
499,03-02-2021,2.789,158480.0,55.69,448690.0
500,04-02-2021,2.935,186930.0,56.23,381400.0
501,05-02-2021,2.863,270030.0,56.85,400830.0
502,08-02-2021,2.882,194660.0,57.97,399720.0
503,09-02-2021,2.835,196930.0,58.36,514700.00000000006
504,10-02-2021,2.911,266990.0,58.68,457540.0
505,11-02-2021,2.868,261920.00000000003,58.24,380450.0
506,12-02-2021,2.912,190050.0,59.47,480820.0
507,17-02-2021,3.219,218620.0,61.14,335420.0
508,18-02-2021,3.082,171650.0,60.52,132040.0
509,19-02-2021,3.069,67060.0,59.24,102430.0
510,22-02-2021,2.953,39810.0,61.49,37040.0
511,23-02-2021,2.879,45700.0,61.67,570680.0
512,24-02-2021,2.854,6640.0,63.22,489930.0
513,25-02-2021,2.777,123990.0,63.53,510360.0
514,26-02-2021,2.771,132990.0,61.5,472720.0
515,01-03-2021,2.777,75970.0,60.64,456680.0
516,02-03-2021,2.839,109640.0,59.75,464130.0
517,03-03-2021,2.816,93790.0,61.28,465310.0
518,04-03-2021,2.746,138700.0,63.83,694630.0
519,05-03-2021,2.701,116200.0,66.09,573170.0
520,08-03-2021,2.664,130870.0,65.05,533380.0
521,09-03-2021,2.662,96800.0,64.01,554560.0
522,10-03-2021,2.692,93180.0,64.44,498490.0
523,11-03-2021,2.668,119770.0,66.02,441060.0
524,12-03-2021,2.6,104730.0,65.61,321710.0
525,15-03-2021,2.484,136040.0,65.39,378010.0
526,16-03-2021,2.562,99290.0,64.8,317540.0
527,17-03-2021,2.528,91680.0,64.6,254720.0
528,18-03-2021,2.481,143770.0,60.0,143600.0
529,19-03-2021,2.535,74380.0,61.42,84170.0
530,22-03-2021,2.582,108230.0,61.55,28260.0
531,23-03-2021,2.508,89370.0,57.76,712320.0
532,24-03-2021,2.518,48420.0,61.18,566290.0
533,25-03-2021,2.57,39050.0,58.56,580110.0
534,26-03-2021,2.557,35200.0,60.97,472000.0
535,29-03-2021,2.586,6540.0,61.56,449360.0
536,30-03-2021,2.623,100810.0,60.55,388190.0
537,31-03-2021,2.608,92080.0,59.16,414160.0
538,01-04-2021,2.639,116690.0,61.45,605570.0
539,05-04-2021,2.511,146890.0,58.65,438860.0
540,06-04-2021,2.456,142680.0,59.33,457350.0
541,07-04-2021,2.52,132270.0,59.77,475540.0
542,08-04-2021,2.522,140800.0,59.6,419910.0
543,09-04-2021,2.526,121590.0,59.32,351440.0
544,12-04-2021,2.561,144320.0,59.7,410220.0
545,13-04-2021,2.619,166000.0,60.18,349730.0
546,14-04-2021,2.618,129020.0,63.15,419810.0
547,15-04-2021,2.658,135590.0,63.46,243370.0
548,16-04-2021,2.68,94880.0,63.13,87800.0
549,19-04-2021,2.749,105070.0,63.38,74380.0
550,20-04-2021,2.727,96680.0,62.44,33040.0
551,21-04-2021,2.692,99730.0,61.35,431490.0
552,22-04-2021,2.749,126330.0,61.43,344700.0
553,23-04-2021,2.73,50600.0,62.14,345410.0
554,26-04-2021,2.79,34310.0,61.91,366870.0
555,27-04-2021,2.873,41280.0,62.94,361540.0
556,28-04-2021,2.925,3250.0,63.86,387680.0
557,29-04-2021,2.911,123110.0,65.01,384490.0
558,30-04-2021,2.931,101570.0,63.58,400520.0
559,03-05-2021,2.966,101040.0,64.49,285970.0
560,04-05-2021,2.967,102050.0,65.69,370210.0
561,05-05-2021,2.938,90210.0,65.63,460070.0
562,06-05-2021,2.928,83810.0,64.71,389210.0
563,07-05-2021,2.958,102870.0,64.9,431420.0
564,10-05-2021,2.932,92280.0,64.92,448340.0
565,11-05-2021,2.955,107220.0,65.28,514950.00000000006
566,12-05-2021,2.969,90580.0,66.08,508520.0
567,13-05-2021,2.973,96120.0,63.82,547690.0
568,14-05-2021,2.961,84200.0,65.37,383750.0
569,17-05-2021,3.109,169010.0,66.27,268480.0
570,18-05-2021,3.012,129180.0,65.49,167350.0
571,19-05-2021,2.964,100250.0,63.36,101900.0
572,20-05-2021,2.925,85090.0,62.05,29620.0
573,21-05-2021,2.906,58270.0,63.58,530830.0
574,24-05-2021,2.886,43510.0,66.05,466650.0
575,25-05-2021,2.913,38340.0,66.07,497390.0
576,26-05-2021,2.984,5090.0,66.21,376210.0
577,27-05-2021,2.958,123070.0,66.85,337540.0
578,28-05-2021,2.986,110000.0,66.32,390460.0
579,02-06-2021,3.075,114980.0,68.83,333000.0
580,03-06-2021,3.041,100520.0,68.81,351370.0
581,04-06-2021,3.097,118040.0,69.62,326250.0
582,07-06-2021,3.07,138840.0,69.23,365620.0
583,08-06-2021,3.128,208580.0,70.05,441300.0
584,09-06-2021,3.129,131720.0,69.96,410820.0
585,10-06-2021,3.149,151570.0,70.29,492460.0
586,11-06-2021,3.296,194490.0,70.91,563580.0
587,14-06-2021,3.352,113120.0,70.88,319640.0
588,15-06-2021,3.24,154410.0,72.12,336040.0
589,16-06-2021,3.251,111290.0,72.15,426780.0
590,17-06-2021,3.253,150050.0,71.04,373780.0
591,18-06-2021,3.215,104940.0,71.64,139580.0
592,21-06-2021,3.191,103040.0,73.66,123660.0
593,22-06-2021,3.258,77090.0,73.06,29000.0
594,23-06-2021,3.333,75390.0,73.08,429210.0
595,24-06-2021,3.418,49400.0,73.3,334830.0
596,25-06-2021,3.496,39080.0,74.05,364720.0
597,28-06-2021,3.617,6840.0,72.91,354700.0
598,29-06-2021,3.63,205480.0,72.98,321450.0
599,30-06-2021,3.65,187010.0,73.47,383630.0
600,01-07-2021,3.661,149420.0,75.23,615680.0
601,02-07-2021,3.7,111460.0,75.16,377530.0
602,07-07-2021,3.596,124620.0,72.2,607970.0
603,08-07-2021,3.688,148550.0,72.94,529690.0
604,09-07-2021,3.674,115680.0,74.56,422150.0
605,12-07-2021,3.749,127070.0,74.1,397930.0
606,13-07-2021,3.696,104040.0,75.25,444080.0
607,14-07-2021,3.66,137350.0,73.13,528360.0
608,15-07-2021,3.614,117590.0,71.65,368680.0
609,16-07-2021,3.674,89980.0,71.81,133930.0
610,19-07-2021,3.779,124160.0,66.42,82570.0
611,20-07-2021,3.876,118400.0,67.42,29740.0
612,21-07-2021,3.959,111930.0,70.3,503030.0
613,22-07-2021,4.003,102160.0,71.91,435180.0
614,23-07-2021,4.06,73870.0,72.07,274780.0
615,26-07-2021,4.102,49420.0,71.91,395740.0
616,27-07-2021,3.971,46960.0,71.65,333120.0
617,28-07-2021,4.044,3880.0,72.39,318910.0
618,29-07-2021,4.059,118450.0,73.62,294460.0
619,30-07-2021,3.914,161870.0,73.95,303700.0
620,02-08-2021,3.935,110950.0,71.26,448200.0
621,03-08-2021,4.027,120860.0,70.56,509940.0
622,04-08-2021,4.158,142590.0,68.15,582920.0
623,05-08-2021,4.14,125230.0,69.09,416330.0
624,06-08-2021,4.14,153150.0,68.28,537140.0
625,09-08-2021,4.06,180000.0,66.48,598380.0
626,10-08-2021,4.089,157510.0,68.29,452130.0
627,11-08-2021,4.059,161900.0,69.25,513290.0
628,12-08-2021,3.933,186990.0,69.09,352470.0
629,13-08-2021,3.861,123010.0,68.44,272030.0
630,16-08-2021,3.946,101670.0,67.29,334840.0
631,17-08-2021,3.837,131220.0,66.59,235300.0
632,18-08-2021,3.852,95510.0,65.46,121200.0
633,19-08-2021,3.83,121760.0,63.69,88240.0
634,20-08-2021,3.851,108520.0,62.32,24630.0
635,23-08-2021,3.945,85500.0,65.64,397290.0
636,24-08-2021,3.896,57630.0,67.54,335890.0
637,25-08-2021,3.897,39370.0,68.36,353740.0
638,26-08-2021,4.184,76860.0,67.42,344290.0
639,27-08-2021,4.37,4280.0,68.74,326060.0
640,30-08-2021,4.305,167100.0,69.21,360800.0
641,31-08-2021,4.377,147420.0,68.5,325850.0
642,01-09-2021,4.615,241160.0,68.59,399500.0
643,02-09-2021,4.641,176850.0,69.99,403310.0
644,03-09-2021,4.712,110950.0,69.29,313090.0
645,08-09-2021,4.914,244740.0,69.3,389330.0
646,09-09-2021,5.031,234850.0,68.14,556450.0
647,10-09-2021,4.938,151040.0,69.72,411080.0
648,13-09-2021,5.231,201770.0,70.45,390940.0
649,14-09-2021,5.26,200940.0,70.46,414230.0
650,15-09-2021,5.46,279120.0,72.61,418670.0
651,16-09-2021,5.335,221140.0,72.61,298410.0
652,17-09-2021,5.105,164580.0,71.97,119930.0
653,20-09-2021,4.985,156870.0,70.29,75840.0
654,21-09-2021,4.805,163100.0,70.56,37610.0
655,22-09-2021,4.805,108780.0,72.23,381060.0
656,23-09-2021,4.976,105200.0,73.3,403410.0
657,24-09-2021,5.14,47440.0,73.98,350380.0
658,27-09-2021,5.706,63070.0,75.45,417830.0
659,28-09-2021,5.841,5660.0,75.29,476140.0
660,29-09-2021,5.477,226340.0,74.83,424190.0
661,30-09-2021,5.867,243240.0,75.03,583190.0
662,01-10-2021,5.619,178940.0,75.88,389000.0
663,04-10-2021,5.766,209580.0,77.62,458010.0
664,05-10-2021,6.312,219520.0,78.93,449620.0
665,06-10-2021,5.675,274650.0,77.43,459060.0
666,07-10-2021,5.677,239500.0,78.3,545010.0
667,08-10-2021,5.565,163350.0,79.35,662010.0
668,11-10-2021,5.345,188700.0,80.52,653760.0
669,12-10-2021,5.505,215450.0,80.64,598180.0
670,13-10-2021,5.59,198790.0,80.44,487220.0
671,14-10-2021,5.687,169160.0,81.31,399810.0
672,15-10-2021,5.41,184580.0,82.28,277950.0
673,18-10-2021,4.989,167900.0,82.44,134100.0
674,19-10-2021,5.088,152730.0,82.96,82610.0
675,20-10-2021,5.17,140030.0,83.87,25720.0
676,21-10-2021,5.115,107710.0,82.5,567500.0
677,22-10-2021,5.28,74370.0,83.76,465360.0
678,25-10-2021,5.898,50880.0,83.76,568730.0
679,26-10-2021,5.882,50710.0,84.65,467720.0
680,27-10-2021,6.202,5780.0,82.66,529950.0
681,28-10-2021,5.782,165630.0,82.81,491590.0
682,29-10-2021,5.426,154410.0,83.57,507310.0
683,01-11-2021,5.186,163260.0,84.05,412310.0
684,02-11-2021,5.542,153760.0,83.91,429610.0
685,03-11-2021,5.67,141500.0,80.86,546580.0
686,04-11-2021,5.716,147040.0,78.81,701120.0
687,05-11-2021,5.516,133340.0,81.27,531050.0
688,08-11-2021,5.427,154220.0,81.93,393950.0
689,09-11-2021,4.979,202740.0,84.15,504830.0
690,10-11-2021,4.88,170390.0,81.34,555220.0
691,11-11-2021,5.149,135950.0,81.59,475440.0
692,12-11-2021,4.791,137100.0,80.79,390300.0
693,15-11-2021,5.017,117670.0,80.88,343480.0
694,16-11-2021,5.177,141140.0,80.76,325670.0
695,17-11-2021,4.816,145610.0,78.36,174470.0
696,18-11-2021,4.902,111030.0,79.01,83980.0
697,19-11-2021,5.065,110060.0,76.1,30700.0
698,22-11-2021,4.789,96190.0,76.75,465770.0
699,23-11-2021,4.967,47430.0,78.5,506990.0
700,24-11-2021,5.068,40860.0,78.39,328850.0
701,29-11-2021,4.854,172470.0,69.95,675090.0
702,30-11-2021,4.567,171820.0,66.18,722480.0
703,01-12-2021,4.258,171940.0,65.57,602450.0
704,02-12-2021,4.056,145510.0,66.5,668290.0
705,03-12-2021,4.132,124770.0,66.26,449970.0
706,06-12-2021,3.657,176720.0,69.49,401060.0
707,07-12-2021,3.708,162970.0,72.05,496530.0
708,08-12-2021,3.815,146870.0,72.36,464850.0
709,09-12-2021,3.814,141110.0,70.94,393210.0
710,10-12-2021,3.925,133280.0,71.67,397880.0
711,13-12-2021,3.794,162590.0,71.29,406600.0
712,14-12-2021,3.747,116830.0,70.73,359450.0
713,15-12-2021,3.802,110310.0,70.87,294340.0
714,16-12-2021,3.766,122850.0,72.38,142540.0
715,17-12-2021,3.69,101630.0,70.86,78130.0
716,20-12-2021,3.834,128580.0,68.23,36730.0
717,21-12-2021,3.869,128440.0,71.12,358780.0
718,22-12-2021,3.976,86620.0,72.76,306710.0
719,23-12-2021,3.731,82230.0,73.79,270220.0
720,27-12-2021,4.06,38910.0,75.57,268490.0
721,28-12-2021,4.055,35640.0,75.98,249730.0
722,29-12-2021,4.024,4820.0,76.56,283560.0
723,30-12-2021,3.561,124670.0,76.99,231160.0
724,31-12-2021,3.73,93100.0,75.21,237120.0
725,03-01-2022,3.815,99070.0,76.08,317630.0
726,04-01-2022,3.717,133390.0,76.99,372850.0
727,05-01-2022,3.882,96810.0,77.85,397900.0
728,06-01-2022,3.812,116580.0,79.46,476670.0
729,07-01-2022,3.916,127010.0,78.9,414430.0
730,10-01-2022,4.079,177630.0,78.23,389960.0
731,11-01-2022,4.249,121620.0,81.22,481820.0
732,12-01-2022,4.857,217500.0,82.64,420620.0
733,13-01-2022,4.27,221610.0,82.12,364770.0
734,14-01-2022,4.262,108860.0,83.82,364440.0
735,19-01-2022,4.031,116540.0,86.96,113150.0
736,20-01-2022,3.802,104200.0,86.9,30390.0
737,21-01-2022,3.999,70260.0,85.14,509100.0
738,24-01-2022,4.027,47100.0,83.31,511700.0
739,25-01-2022,4.053,23440.0,85.6,507220.0
740,26-01-2022,4.277,44320.0,87.35,459640.0
741,27-01-2022,4.283,7180.0,86.61,427800.0
742,28-01-2022,4.639,263420.0,86.82,436170.0
743,31-01-2022,4.874,156750.0,88.15,359080.0
744,01-02-2022,4.751,140790.0,88.2,376840.0
745,02-02-2022,5.501,305900.0,88.26,456860.0
746,03-02-2022,4.888,205840.0,90.27,465770.0
747,04-02-2022,4.572,152120.0,92.31,410930.0
748,07-02-2022,4.232,192860.0,91.32,497750.0
749,08-02-2022,4.248,154440.0,89.36,467390.0
750,09-02-2022,4.009,154600.0,89.66,445620.0
751,10-02-2022,3.959,141740.0,89.88,492090.0
752,11-02-2022,3.941,177370.0,93.1,554420.0
753,14-02-2022,4.195,121200.0,95.46,467070.0
754,15-02-2022,4.306,141950.0,92.07,442640.0
755,16-02-2022,4.717,155480.0,93.66,401450.0
756,17-02-2022,4.486,117790.0,91.76,212550.0
757,18-02-2022,4.431,73220.0,91.07,150380.0
758,23-02-2022,4.623,47180.0,92.1,440570.0
759,24-02-2022,4.568,3540.0,92.81,872240.0
760,25-02-2022,4.47,114860.0,91.59,523790.0
761,28-02-2022,4.402,107190.0,95.72,490800.0
762,01-03-2022,4.573,112550.0,103.41,698810.0
763,02-03-2022,4.762,141690.0,110.6,651850.0
764,03-03-2022,4.722,137150.0,107.67,592030.0
765,04-03-2022,5.016,125390.0,115.68,493880.0
766,07-03-2022,4.833,130860.0,119.4,576020.0
767,08-03-2022,4.527,159170.0,123.7,583110.0
768,09-03-2022,4.526,95130.0,108.7,594770.0
769,10-03-2022,4.631,81810.0,106.02,437920.0
770,11-03-2022,4.725,84510.0,109.33,368190.0
771,14-03-2022,4.658,73960.0,103.01,344180.0
772,15-03-2022,4.568,86940.0,96.44,401690.0
773,16-03-2022,4.748,80520.0,95.04,293950.0
774,17-03-2022,4.99,93840.0,102.98,210760.0
775,18-03-2022,4.863,67270.0,104.7,74250.0
776,21-03-2022,4.9,75460.0,112.12,77220.0
777,22-03-2022,5.187,122750.0,111.76,22940.0
778,23-03-2022,5.232,74540.0,114.93,289180.0
779,24-03-2022,5.401,84230.0,112.34,307240.0
780,25-03-2022,5.571,29470.0,113.9,320300.0
781,28-03-2022,5.508,33910.0,105.96,372250.0
782,29-03-2022,5.336,2270.0,104.24,387200.0
783,30-03-2022,5.605,117850.0,107.82,284540.0
784,31-03-2022,5.642,159720.0,100.28,450850.0
785,01-04-2022,5.72,178520.0,99.27,324780.0
786,04-04-2022,5.712,137180.0,103.28,288130.0
787,05-04-2022,6.032,158220.0,101.96,280280.0
788,06-04-2022,6.029,166720.0,96.23,366040.0
789,07-04-2022,6.359,199510.0,96.03,367320.0
790,08-04-2022,6.278,188340.0,98.26,310080.0
791,11-04-2022,6.643,177960.0,94.29,315870.0
792,12-04-2022,6.68,234250.0,100.6,329040.0
793,13-04-2022,6.997,210550.0,104.25,312500.0
794,14-04-2022,7.3,214220.0,106.95,244950.0
795,18-04-2022,7.82,191080.0,108.21,68490.0
796,19-04-2022,7.176,237000.0,102.56,71790.0
797,20-04-2022,6.937,157960.0,102.75,17020.0
798,21-04-2022,6.957,145260.0,103.79,280320.0
799,22-04-2022,6.534,80600.0,102.07,246120.0
800,25-04-2022,6.669,32520.000000000004,98.54,328150.0
801,26-04-2022,6.85,41410.0,101.7,351850.0
802,27-04-2022,7.339,139570.0,102.02,278780.0
803,28-04-2022,6.888,139570.0,105.36,312060.0
804,29-04-2022,7.244,109240.0,104.69,294390.0
805,02-05-2022,7.475,110920.0,105.17,261880.0
806,03-05-2022,7.954,153340.0,102.41,239270.0
807,04-05-2022,8.415,132320.0,107.81,272910.0
808,05-05-2022,8.783,160160.0,108.26,286920.0
809,06-05-2022,8.043,168300.0,109.77,294280.0
810,09-05-2022,7.026,202620.0,103.09,368180.0
811,10-05-2022,7.385,185460.0,99.76,389750.0
812,11-05-2022,7.64,120930.0,105.71,382700.0
813,12-05-2022,7.739,107060.0,106.13,323550.0
814,13-05-2022,7.663,85040.0,110.49,240990.0
815,16-05-2022,7.956,93520.0,114.2,289130.0
816,17-05-2022,8.304,76670.0,112.4,252630.0
817,18-05-2022,8.368,80720.0,109.59,103670.0
818,19-05-2022,8.308,90580.0,112.21,68510.0
819,20-05-2022,8.083,85460.0,113.23,20000.0
820,23-05-2022,8.744,65550.0,110.29,215620.0
821,24-05-2022,8.796,31660.0,109.77,224790.0
822,25-05-2022,8.971,37390.0,110.33,191370.0
823,26-05-2022,8.908,1470.0,114.09,234750.0
824,27-05-2022,8.727,107090.0,115.07,217280.0
825,01-06-2022,8.696,111960.0,115.26,290530.0
826,02-06-2022,8.485,119010.0,116.87,327600.0
827,03-06-2022,8.523,75230.0,118.87,240830.0
828,06-06-2022,9.322,129100.0,118.5,246830.0
829,07-06-2022,9.293,140030.0,119.41,341690.0
830,08-06-2022,8.699,250300.0,122.11,340590.0
831,09-06-2022,8.963,244480.0,121.51,293300.0
832,10-06-2022,8.85,134610.0,120.67,352910.0
833,13-06-2022,8.609,167560.0,120.93,372400.0
834,14-06-2022,7.189,273720.0,118.93,366320.0
835,15-06-2022,7.42,123590.0,115.31,301750.0
836,16-06-2022,7.464,137430.0,117.59,162540.0
837,17-06-2022,6.944,103760.0,109.56,103150.0
838,22-06-2022,6.858,92470.0,106.19,432720.0
839,23-06-2022,6.239,78030.0,104.27,346360.0
840,24-06-2022,6.22,26570.0,107.62,321590.0
841,27-06-2022,6.501,33100.0,109.57,282910.0
842,28-06-2022,6.551,2460.0,111.76,306750.0
843,29-06-2022,6.498,82210.0,109.78,322060.0
844,30-06-2022,5.424,182580.0,105.76,362890.0
845,01-07-2022,5.73,106970.0,108.43,305340.0
846,06-07-2022,5.51,73510.0,98.53,444110.0
847,07-07-2022,6.297,127670.0,102.73,379860.0
848,08-07-2022,6.034,70940.0,104.79,327460.0
849,11-07-2022,6.319,70940.0,104.09,348570.0
850,12-07-2022,6.021,73230.0,95.84,398550.0
851,13-07-2022,6.589,67360.0,96.3,347190.0
852,14-07-2022,6.511,69080.0,95.78,387530.0
853,15-07-2022,6.926,49320.0,97.59,240770.0
854,18-07-2022,7.382,52890.0,102.6,84670.0
855,19-07-2022,7.15,58010.0,104.22,63150.0
856,20-07-2022,7.899,75270.0,102.26,28960.0
857,21-07-2022,7.815,84550.0,96.35,318910.0
858,22-07-2022,8.195,86580.0,94.7,307570.0
859,25-07-2022,8.571,79050.0,96.7,279000.0
860,26-07-2022,8.825,146560.0,94.98,310040.0
861,27-07-2022,8.554,105220.0,97.26,321900.0
862,28-07-2022,8.134,89240.0,96.42,318400.0
863,29-07-2022,8.229,77770.0,98.62,349370.0
864,01-08-2022,8.283,104020.0,93.89,365290.0
865,02-08-2022,7.706,106080.0,94.42,328540.0
866,03-08-2022,8.266,134210.0,90.66,395100.0
867,04-08-2022,8.122,102540.0,88.54,334930.0
868,05-08-2022,8.064,111700.0,89.01,350020.0
869,08-08-2022,7.589,117790.0,90.76,340160.0
870,09-08-2022,7.833,88510.0,90.5,347050.0
871,10-08-2022,8.202,111810.0,91.93,383770.0
872,11-08-2022,8.874,141750.0,94.34,341230.0
873,12-08-2022,8.768,68130.0,92.09,264950.0
874,15-08-2022,8.728,80220.0,89.41,275440.0
875,16-08-2022,9.329,104090.0,86.53,305370.0
876,17-08-2022,9.244,88680.0,88.11,230350.0
877,18-08-2022,9.188,112100.0,90.5,80030.0
878,19-08-2022,9.336,69810.0,90.77,58710.0
879,22-08-2022,9.647,60480.0,90.23,24870.0
880,23-08-2022,9.155,86530.0,93.74,285610.0
881,24-08-2022,9.3,72190.0,94.89,320390.0
882,25-08-2022,9.375,25830.0,92.52,279880.0
883,26-08-2022,9.296,33980.0,93.06,288390.0
884,29-08-2022,9.353,1200.0,97.01,283460.0
885,30-08-2022,9.042,76600.0,91.64,386270.0
886,31-08-2022,9.127,86290.0,89.55,344150.0
887,01-09-2022,9.262,94240.0,86.61,305110.0
888,02-09-2022,8.786,103170.0,86.87,277530.0
889,07-09-2022,7.842,127190.0,81.94,380780.0
890,08-09-2022,7.954,90500.0,83.54,342760.0
891,09-09-2022,7.996,90500.0,86.79,305190.0
892,12-09-2022,8.249,106170.0,87.78,275100.0
893,13-09-2022,8.284,108830.0,87.31,348000.0
894,14-09-2022,9.114,137210.0,88.48,335380.0
895,15-09-2022,8.324,127210.0,85.1,235360.0
896,16-09-2022,7.764,96570.0,85.11,87830.0
897,19-09-2022,7.752,87550.0,85.73,59630.0
898,20-09-2022,7.772,42910.0,84.45,26230.0
899,21-09-2022,7.827,60250.0,82.94,339680.0
900,22-09-2022,7.193,94310.0,83.49,303490.0
901,23-09-2022,6.992,123600.0,78.74,334270.0
902,26-09-2022,7.014,81080.0,76.71,280930.0
903,27-09-2022,6.76,130920.0,78.5,283610.0
904,28-09-2022,6.868,1870.0,82.15,324680.0
905,29-09-2022,6.874,85720.0,81.23,286130.0
906,30-09-2022,6.766,97370.0,79.49,253150.0
907,03-10-2022,6.47,104480.0,83.63,287170.0
908,04-10-2022,6.837,121680.0,86.52,302550.0
909,05-10-2022,6.93,80870.0,87.76,329790.0
910,06-10-2022,6.972,109940.0,88.45,235300.0
911,07-10-2022,6.748,124710.0,92.64,429160.0
912,10-10-2022,6.435,114240.0,91.13,289510.0
913,11-10-2022,6.596,106890.0,89.35,333160.0
914,12-10-2022,6.435,112380.0,87.27,332270.0
915,13-10-2022,6.741,131390.0,89.11,298030.0
916,14-10-2022,6.453,96730.0,85.61,237030.0
917,17-10-2022,5.999,132420.0,85.46,172020.0
918,18-10-2022,5.745,102090.0,82.82,97300.0
919,19-10-2022,5.462,107160.0,85.55,71310.0
920,20-10-2022,5.358,104220.0,85.98,18180.0
921,21-10-2022,4.959,101730.0,85.05,272800.0
922,24-10-2022,5.199,69670.0,84.58,250730.0
923,25-10-2022,5.613,39950.0,85.32,240440.0
924,26-10-2022,5.606,36780.0,87.91,287180.0
925,27-10-2022,5.186,1730.0,89.08,292560.0
926,28-10-2022,5.684,84710.0,87.9,263400.0
927,31-10-2022,6.355,128750.0,86.53,285340.0
928,01-11-2022,5.714,136650.0,88.37,274320.0
929,02-11-2022,6.268,104850.0,90.0,280960.0
930,03-11-2022,5.975,98530.0,88.17,239820.0
931,04-11-2022,6.4,117250.0,92.61,354060.0
932,07-11-2022,6.944,171260.0,91.79,322420.0
933,08-11-2022,6.138,146540.0,88.91,344220.0
934,09-11-2022,5.865,134650.0,85.83,388300.0
935,10-11-2022,6.239,101640.0,86.47,340010.0
936,11-11-2022,5.879,110490.0,88.96,301660.0
937,14-11-2022,5.933,110910.0,85.87,315450.0
938,15-11-2022,6.034,76930.0,86.92,331710.0
939,16-11-2022,6.2,112920.0,85.59,225670.0
940,17-11-2022,6.369,106770.0,81.64,138480.0
941,18-11-2022,6.303,102560.0,80.08,96580.0
942,21-11-2022,6.776,107820.0,79.73,21980.0
943,22-11-2022,6.779,73120.0,80.95,269620.0
944,23-11-2022,7.308,59050.0,77.94,379150.0
945,25-11-2022,7.024,35510.0,76.28,266450.0
946,28-11-2022,6.712,3650.0,77.24,405030.0
947,29-11-2022,7.235,101680.0,78.2,381870.0
948,30-11-2022,6.93,107310.0,80.56,139840.0
949,01-12-2022,6.738,94560.0,81.33,139840.0
950,02-12-2022,6.169,29960.0,80.3,139840.0
951,05-12-2022,5.484,48480.0,77.4,139840.0
952,06-12-2022,5.378,42690.0,74.47,139840.0
953,07-12-2022,5.617,67440.0,72.58,139840.0
954,08-12-2022,5.82,49950.0,72.06,139840.0
955,09-12-2022,6.082,48190.0,71.5,139840.0
956,12-12-2022,6.416,62490.0,73.44,139840.0
957,13-12-2022,6.733,55830.0,75.19,139840.0
958,14-12-2022,6.22,52190.0,77.27,139840.0
959,15-12-2022,6.589,63690.0,76.25,139840.0
960,16-12-2022,6.303,48450.0,74.45,139840.0
961,19-12-2022,5.71,65660.0,75.89,139840.0
962,20-12-2022,5.216,77840.0,76.23,139840.0
963,21-12-2022,5.238,55520.0,78.24,139840.0
964,22-12-2022,4.928,82270.0,78.45,139840.0
965,23-12-2022,4.98,87380.0,79.34,139840.0
966,27-12-2022,5.282,41150.0,79.77,139840.0
967,28-12-2022,4.709,1720.0,78.6,139840.0
968,29-12-2022,4.559,78440.0,78.61,139840.0
969,30-12-2022,4.475,62280.0,80.47,139840.0
970,03-01-2023,3.988,116840.0,77.12,139840.0
971,04-01-2023,4.172,99760.0,73.1,149770.0
972,05-01-2023,3.72,116680.0,73.92,112450.0
973,06-01-2023,3.71,105050.0,74.04,95220.0
974,09-01-2023,3.91,130280.0,74.92,154200.0
975,10-01-2023,3.639,112230.0,75.37,164980.0
976,11-01-2023,3.671,133200.0,77.68,179830.0
977,12-01-2023,3.695,123740.0,78.65,188060.0
978,13-01-2023,3.419,112100.0,80.11,189320.0
979,17-01-2023,3.586,143310.0,80.45,267910.0
980,18-01-2023,3.311,119850.0,79.8,326230.0
981,19-01-2023,3.275,99670.0,80.61,321130.0
982,20-01-2023,3.174,106740.0,81.64,300150.0
983,23-01-2023,3.222,139300.0,81.62,297080.0
984,24-01-2023,3.057,133730.0,80.13,288210.0
985,25-01-2023,2.915,152920.0,80.15,297230.0
986,26-01-2023,2.848,222210.0,81.01,291060.0
987,27-01-2023,2.849,128690.0,79.68,367590.0
988,30-01-2023,2.731,61800.0,77.9,327430.0
989,31-01-2023,2.741,80030.0,78.87,312730.0
990,01-02-2023,2.536,88090.0,76.41,360860.0
991,02-02-2023,2.522,70790.0,75.88,339760.0
992,03-02-2023,2.48,63360.0,73.39,413410.0
993,06-02-2023,2.535,64959.99999999999,74.11,380030.0
994,07-02-2023,2.664,119360.0,77.14,408280.0
995,08-02-2023,2.477,93350.0,78.47,353470.0
996,09-02-2023,2.492,112910.0,78.06,324160.0
997,10-02-2023,2.607,135220.0,79.72,356060.0
998,13-02-2023,2.499,144730.0,80.14,301300.0
999,14-02-2023,2.652,120080.0,79.06,299940.0
1000,15-02-2023,2.555,106900.0,78.59,264490.0
1001,16-02-2023,2.485,101080.0,78.49,117600.0
1002,17-02-2023,2.352,132580.0,76.34,93270.0
1003,21-02-2023,2.177,175520.0,76.16,35480.0
1004,22-02-2023,2.174,57850.0,73.95,332020.0
1005,23-02-2023,2.314,57090.0,75.39,333840.0
1006,24-02-2023,2.451,3050.0,76.32,313040.0
1007,27-02-2023,2.731,238900.0,75.68,266090.0
1008,28-02-2023,2.747,160840.0,77.05,300090.0
1009,01-03-2023,2.811,157120.0,77.69,342120.0
1010,02-03-2023,2.765,134240.0,78.16,260330.0
1011,03-03-2023,3.009,185070.0,79.68,374200.0
1012,06-03-2023,2.572,246370.0,80.46,292350.0
1013,07-03-2023,2.687,149480.0,77.58,398240.0
1014,08-03-2023,2.551,132610.0,76.66,335930.0
1015,09-03-2023,2.543,138150.0,75.72,349960.0
1016,10-03-2023,2.43,127170.0,76.68,371830.0
1017,13-03-2023,2.606,146570.0,74.8,457420.0
1018,14-03-2023,2.573,93920.0,71.33,432860.0
1019,15-03-2023,2.546,117570.0,67.61,555160.0
1020,16-03-2023,2.626,93850.0,68.35,327120.0
1021,17-03-2023,2.446,101400.0,66.74,152260.0
1022,20-03-2023,2.331,101860.0,67.64,76870.0
1023,21-03-2023,2.485,151460.0,69.33,26350.0
1024,22-03-2023,2.307,133980.0,70.9,337640.0
1025,23-03-2023,2.283,106540.0,69.96,335240.0
1026,24-03-2023,2.361,122740.0,69.26,380850.0
1027,27-03-2023,2.088,39810.0,72.81,353600.0
1028,28-03-2023,2.03,62600.0,73.2,328470.0
1029,29-03-2023,1.991,3490.0,72.97,312670.0
1030,30-03-2023,2.104,153730.0,74.37,269740.0
1031,31-03-2023,2.216,164650.0,75.67,304360.0
1032,03-04-2023,2.097,173580.0,80.42,547130.0
1033,04-04-2023,2.106,149120.0,80.71,343570.0
1034,05-04-2023,2.155,147110.0,80.61,254970.0
1035,06-04-2023,2.011,189060.0,80.7,259520.0
1036,10-04-2023,2.172,256800.0,79.74,264910.0
1037,11-04-2023,2.186,220670.0,81.53,309680.0
1038,12-04-2023,2.093,247320.0,83.26,356130.0
1039,13-04-2023,2.007,224380.0,82.16,261230.00000000003
1040,14-04-2023,2.114,226790.0,82.52,275130.0
1041,17-04-2023,2.275,191440.0,80.83,217050.0
1042,18-04-2023,2.366,120610.0,80.86,96290.0
1043,19-04-2023,2.222,147570.0,79.16,78310.0
1044,20-04-2023,2.249,115590.0,77.29,24990.0
1045,21-04-2023,2.233,82960.0,77.87,291110.0
1046,24-04-2023,2.273,56320.0,78.76,306720.0
1047,25-04-2023,2.307,66130.0,77.07,361650.0
1048,26-04-2023,2.117,2410.0,74.3,497780.0
1049,27-04-2023,2.355,105220.0,74.76,345880.0
1050,28-04-2023,2.41,176420.0,76.78,328400.0
1051,01-05-2023,2.318,108990.0,75.66,215020.0
1052,02-05-2023,2.214,127230.0,71.66,417820.0
1053,03-05-2023,2.17,130330.0,68.6,490520.0
1054,04-05-2023,2.101,113280.0,68.56,412500.0
1055,05-05-2023,2.137,120690.0,71.34,330590.0
1056,08-05-2023,2.238,125350.0,73.16,290080.0
1057,09-05-2023,2.267,134530.0,73.71,317490.0
1058,10-05-2023,2.191,126490.0,72.56,351510.0
1059,11-05-2023,2.345,89130.0,70.87,365890.0
1060,12-05-2023,2.438,131020.0,70.04,275440.0
1061,15-05-2023,2.375,142750.0,71.11,259010.0
1062,16-05-2023,2.376,135430.0,70.86,232330.0
1063,17-05-2023,2.365,139260.0,72.83,273710.0
1064,18-05-2023,2.592,186290.0,71.86,80860.0
1065,19-05-2023,2.585,162130.0,71.55,69950.0
1066,22-05-2023,2.4,114480.0,71.99,18680.0
1067,23-05-2023,2.321,58740.0,72.91,317590.0
1068,24-05-2023,2.398,33040.0,74.34,386610.0
1069,25-05-2023,2.307,48660.0,71.83,422640.0
1070,26-05-2023,2.181,2170.0,72.67,261500.0
1071,30-05-2023,2.327,183530.0,69.46,440860.0
1072,31-05-2023,2.266,151830.0,68.09,444790.0
1073,01-06-2023,2.158,210620.0,70.1,395390.0
1074,02-06-2023,2.172,155170.0,71.74,322600.0
1075,05-06-2023,2.245,149920.0,72.15,383940.0
1076,06-06-2023,2.262,147730.0,71.74,314960.0
1077,07-06-2023,2.329,182390.0,72.53,299130.0
1078,08-06-2023,2.352,217010.0,71.29,485400.0
1079,09-06-2023,2.254,169480.0,70.17,300720.0
1080,12-06-2023,2.266,174480.0,67.12,404770.0
1081,13-06-2023,2.34,179760.0,69.42,366350.0
1082,14-06-2023,2.342,141180.0,68.27,304450.0
1083,15-06-2023,2.533,260280.0,70.62,115610.0
1084,16-06-2023,2.632,194540.0,71.78,99190.0
1085,20-06-2023,2.492,198220.0,70.5,28740.0
1086,21-06-2023,2.597,125410.0,72.53,264660.0
1087,22-06-2023,2.608,109160.0,69.51,421350.0
1088,23-06-2023,2.729,84430.0,69.16,322480.0
1089,26-06-2023,2.791,31600.0,69.37,280120.0
1090,27-06-2023,2.763,71150.0,67.7,384750.0
1091,28-06-2023,2.603,1320.0,69.56,368300.0
1092,29-06-2023,2.701,118610.0,69.86,292870.0
1093,30-06-2023,2.798,147270.0,70.64,299870.0
1094,03-07-2023,2.709,79620.0,69.79,303480.0
1095,05-07-2023,2.657,124910.0,71.79,456810.0
1096,06-07-2023,2.609,109300.0,71.8,395380.0
1097,07-07-2023,2.582,103590.0,73.86,362630.0
1098,10-07-2023,2.669,124500.0,72.99,301010.0
1099,11-07-2023,2.731,130580.0,74.83,326880.0
1100,12-07-2023,2.597,99290.0,75.75,352890.0
1101,13-07-2023,2.534,120190.0,76.89,379730.0
1102,14-07-2023,2.53,115680.0,75.42,299580.0
1103,17-07-2023,2.504,90910.0,74.15,244790.0
1104,18-07-2023,2.618,101520.0,75.75,125090.0
1105,19-07-2023,2.585,81160.0,75.35,92920.0
1106,20-07-2023,2.731,147710.0,75.63,23710.0
1107,21-07-2023,2.707,103190.0,77.07,308110.0
1108,24-07-2023,2.685,54170.0,78.74,368290.0
1109,25-07-2023,2.73,35550.0,79.63,349600.0
1110,26-07-2023,2.665,37310.0,78.78,322030.0
1111,27-07-2023,2.492,2420.0,80.09,374360.0
1112,28-07-2023,2.638,136510.0,80.58,299550.0
1113,31-07-2023,2.634,97880.0,81.8,297270.0
1114,01-08-2023,2.56,135520.0,81.37,307860.0
1115,02-08-2023,2.477,147610.0,79.49,414830.0
1116,03-08-2023,2.565,139150.0,81.55,402640.0
1117,04-08-2023,2.577,104010.0,82.82,320870.0
1118,07-08-2023,2.725,228910.0,81.94,293040.0
1119,08-08-2023,2.777,186800.0,82.92,424550.0
1120,09-08-2023,2.959,312250.0,84.4,478140.0
1121,10-08-2023,2.763,230510.0,82.82,362190.0
1122,11-08-2023,2.77,163960.0,83.19,331250.0
1123,14-08-2023,2.795,93500.0,82.51,277350.0
1124,15-08-2023,2.659,158890.0,80.99,303210.0
1125,16-08-2023,2.592,142520.0,79.38,325400.0
1126,17-08-2023,2.621,119540.0,80.39,235580.0
1127,18-08-2023,2.551,128030.0,81.25,128090.0
1128,21-08-2023,2.632,102630.0,80.72,115870.0
1129,22-08-2023,2.56,111970.0,80.35,21690.0
1130,23-08-2023,2.497,93840.0,78.89,378150.0
1131,24-08-2023,2.519,76080.0,79.05,349230.0
1132,25-08-2023,2.54,31330.0,79.83,411410.0
1133,28-08-2023,2.579,58220.0,80.1,246580.0
1134,29-08-2023,2.556,2350.0,81.16,284170.0
1135,30-08-2023,2.796,146880.0,81.63,299420.0
1136,31-08-2023,2.768,176020.0,83.63,368850.0
1137,01-09-2023,2.765,127250.0,85.55,420460.0
1138,05-09-2023,2.582,178330.0,86.69,452910.0
1139,06-09-2023,2.51,116660.0,87.54,307120.0
1140,07-09-2023,2.579,140330.0,86.87,270740.0
1141,08-09-2023,2.605,101230.0,87.51,294440.0
1142,11-09-2023,2.608,110880.0,87.29,292390.0
1143,12-09-2023,2.743,202190.0,88.84,341140.0
1144,13-09-2023,2.68,191710.0,88.52,345970.0
1145,14-09-2023,2.708,154080.0,90.16,325270.0
1146,15-09-2023,2.644,127780.0,90.77,315000.0
1147,18-09-2023,2.728,128310.0,91.48,119260.0
1148,19-09-2023,2.848,164810.0,91.2,94600.0
1149,20-09-2023,2.733,140310.0,90.28,35990.0
1150,21-09-2023,2.61,99970.0,89.63,351030.0
1151,22-09-2023,2.637,52640.0,90.03,402090.0
1152,25-09-2023,2.639,36180.0,89.68,328370.0
1153,26-09-2023,2.656,57090.0,90.39,318020.0
1154,27-09-2023,2.764,1880.0,93.68,504630.0
1155,28-09-2023,2.945,123670.0,91.71,406710.0
1156,29-09-2023,2.929,114660.0,90.79,355780.0
1157,02-10-2023,2.84,124340.0,88.82,334490.0
1158,03-10-2023,2.949,128580.0,89.23,350660.0
1159,04-10-2023,2.962,155570.0,84.22,460000.0
1160,05-10-2023,3.166,220410.0,82.31,466000.0
1161,06-10-2023,3.338,248000.0,82.79,461140.0
1162,09-10-2023,3.376,208300.0,86.38,435040.0
1163,10-10-2023,3.382,170100.0,85.97,337650.0
1164,11-10-2023,3.377,211410.0,83.49,425400.0
1165,12-10-2023,3.344,160320.0,82.91,373490.0
1166,13-10-2023,3.236,139190.0,87.69,356860.0
1167,16-10-2023,3.109,165020.0,86.66,235780.0
1168,17-10-2023,3.079,133590.0,86.66,197120.0
1169,18-10-2023,3.056,122850.0,88.32,92800.0
1170,19-10-2023,2.957,138650.0,89.37,72060.0
1171,20-10-2023,2.899,144040.0,88.75,27310.0
1172,23-10-2023,2.926,99130.0,85.49,315520.0
1173,24-10-2023,2.971,65430.00000000001,83.74,370590.0
1174,25-10-2023,3.01,31460.0,85.39,429460.0
1175,26-10-2023,3.214,88610.0,83.21,341790.0
1176,27-10-2023,3.164,4090.0,85.54,333760.0
1177,30-10-2023,3.352,119530.0,82.31,356930.0
1178,31-10-2023,3.575,238330.0,81.02,346010.0
1179,01-11-2023,3.494,151260.0,80.44,321590.0
1180,02-11-2023,3.472,118510.0,82.46,307120.0
1181,03-11-2023,3.515,110110.0,80.51,457280.0
1182,06-11-2023,3.264,185740.0,80.82,271130.0
1183,07-11-2023,3.14,186180.0,77.37,396290.0
1184,08-11-2023,3.106,172750.0,75.33,429650.0
1185,09-11-2023,3.041,142580.0,75.74,303430.0
1186,10-11-2023,3.033,106720.0,77.17,267000.0
1187,13-11-2023,3.197,165650.0,78.26,262900.0
1188,14-11-2023,3.106,146720.0,78.26,263000.0
1189,15-11-2023,3.362,109450.0,76.66,282300.0
1190,16-11-2023,3.239,166400.0,72.9,125170.0
1191,17-11-2023,3.131,146650.0,75.89,101480.0
1192,20-11-2023,2.882,113700.0,77.6,27250.0
1193,21-11-2023,2.846,103670.0,77.77,238630.0
1194,22-11-2023,2.897,59220.0,77.1,389330.0
1195,24-11-2023,2.855,34120.0,75.54,281150.0
1196,27-11-2023,2.794,67040.0,74.86,289560.0
1197,28-11-2023,2.706,4140.0,76.41,286620.0
1198,29-11-2023,2.804,141590.0,77.86,322170.0
1199,30-11-2023,2.802,147750.0,75.96,559170.0
1200,01-12-2023,2.773,48470.0,74.07,358980.0
1201,04-12-2023,2.651,53830.0,73.04,388830.0
1202,05-12-2023,2.667,42490.0,72.32,358700.0
1203,06-12-2023,2.517,82950.0,69.38,436800.0
1204,07-12-2023,2.52,125250.0,69.34,339000.0
1205,08-12-2023,2.504,88300.0,71.23,302250.0
1206,11-12-2023,2.35,144300.0,71.32,274410.0
1207,12-12-2023,2.311,223460.0,68.61,324530.0
1208,13-12-2023,2.335,255190.0,69.47,307000.0
1209,14-12-2023,2.392,159490.0,71.58,275690.0
1210,15-12-2023,2.491,189240.0,71.43,95510.0
1211,18-12-2023,2.503,154300.0,72.47,73940.0
1212,19-12-2023,2.492,170440.0,73.44,25690.0
1213,20-12-2023,2.447,125260.0,74.22,273360.0
1214,21-12-2023,2.572,84550.0,73.89,251980.0
1215,22-12-2023,2.61,42840.0,73.56,222600.0
1216,26-12-2023,2.55,50760.0,75.57,208720.0
1217,27-12-2023,2.619,3930.0,74.11,253320.0
1218,28-12-2023,2.557,116060.0,71.77,262750.0
1219,29-12-2023,2.514,89600.0,71.65,214490.0
1220,02-01-2024,2.568,132450.0,70.38,330990.0
1221,03-01-2024,2.668,166470.0,72.7,334860.0
1222,04-01-2024,2.821,206310.0,72.19,344470.0
1223,05-01-2024,2.893,187500.0,73.81,325530.0
1224,08-01-2024,2.98,237670.0,70.77,392250.0
1225,09-01-2024,3.19,351780.0,72.24,363450.0
1226,10-01-2024,3.039,258010.0,71.37,352770.0
1227,11-01-2024,3.097,235030.0,72.02,373650.0
1228,12-01-2024,3.313,265880.0,72.68,403640.0
1229,16-01-2024,2.9,228160.0,72.4,430440.0
1230,17-01-2024,2.87,150330.0,72.56,315680.0
1231,18-01-2024,2.697,151820.0,74.08,86650.0
1232,19-01-2024,2.519,138430.0,73.41,78230.0
1233,22-01-2024,2.419,121580.0,75.19,28910.0
1234,23-01-2024,2.45,69160.0,74.37,306060.0
1235,24-01-2024,2.641,65500.0,75.09,323730.0
1236,25-01-2024,2.571,44980.0,77.36,320180.0
1237,26-01-2024,2.712,73020.0,78.01,365460.0
1238,29-01-2024,2.49,3590.0,76.78,331930.0
1239,30-01-2024,2.077,139750.0,77.82,347240.0
1240,31-01-2024,2.1,142860.0,75.85,344490.0
1241,01-02-2024,2.05,161340.0,73.82,577940.0
1242,02-02-2024,2.079,,72.28,
