,Date,Gold_Price,Gold_Vol.
0,2019-02-04,1319.3,159560.0
1,2019-02-05,1319.2,129010.0
2,2019-02-06,1314.4,137250.0
3,2019-02-07,1314.2,166760.0
4,2019-02-08,1318.5,150610.0
5,2019-02-11,1311.9,150610.0
6,2019-02-12,1314.0,146450.0
7,2019-02-13,1315.1,213960.0
8,2019-02-14,1313.9,228460.0
9,2019-02-15,1322.1,200280.0
10,2019-02-19,1344.8,348640.0
11,2019-02-20,1347.9,246720.0
12,2019-02-21,1327.8,285810.0
13,2019-02-22,1332.8,241800.0
14,2019-02-25,1329.5,181780.0
15,2019-02-26,1328.5,185560.0
16,2019-02-27,1321.2,198040.0
17,2019-02-28,1316.1,252240.0
18,2019-03-01,1299.2,343470.0
19,2019-03-04,1287.5,268390.0
20,2019-03-05,1284.7,216930.0
21,2019-03-06,1287.6,192930.0
22,2019-03-07,1286.1,257920.00000000003
23,2019-03-08,1299.3,283840.0
24,2019-03-11,1291.1,196860.0
25,2019-03-12,1298.1,203890.0
26,2019-03-13,1309.3,214240.0
27,2019-03-14,1295.1,248210.0
28,2019-03-15,1302.9,234650.0
29,2019-03-18,1301.5,176490.0
30,2019-03-19,1306.5,206900.0
31,2019-03-20,1301.7,370400.0
32,2019-03-21,1307.3,332610.0
33,2019-03-22,1312.3,271380.0
34,2019-03-25,1322.6,251980.0
35,2019-03-26,1315.0,267170.0
36,2019-03-27,1310.4,206260.0
37,2019-03-28,1295.3,426820.0
38,2019-03-29,1298.5,270180.0
39,2019-04-01,1294.2,236660.0
40,2019-04-02,1295.4,196400.0
41,2019-04-03,1295.3,190370.0
42,2019-04-04,1294.3,262540.0
43,2019-04-05,1295.6,231450.0
44,2019-04-08,1301.9,207570.0
45,2019-04-09,1308.3,200340.0
46,2019-04-10,1313.9,218880.0
47,2019-04-11,1293.3,324740.0
48,2019-04-12,1295.2,192490.0
49,2019-04-15,1291.3,232990.0
50,2019-04-16,1277.2,326510.0
51,2019-04-17,1276.8,223360.0
52,2019-04-18,1276.0,229630.0
53,2019-04-22,1277.6,136440.0
54,2019-04-23,1273.2,280340.0
55,2019-04-24,1279.4,246050.0
56,2019-04-25,1279.7,237150.0
57,2019-04-26,1288.8,278890.0
58,2019-04-29,1281.5,208960.0
59,2019-04-30,1285.7,239440.0
60,2019-05-01,1284.2,275430.0
61,2019-05-02,1272.0,282500.0
62,2019-05-03,1281.3,280320.0
63,2019-05-06,1283.8,244340.0
64,2019-05-07,1285.6,251090.0
65,2019-05-08,1281.4,302690.0
66,2019-05-09,1285.2,306550.0
67,2019-05-10,1287.4,238640.0
68,2019-05-13,1301.8,379440.0
69,2019-05-14,1296.3,222050.0
70,2019-05-15,1297.8,247520.0
71,2019-05-16,1286.2,282070.0
72,2019-05-17,1275.7,264570.0
73,2019-05-20,1277.3,212180.0
74,2019-05-21,1273.2,213170.0
75,2019-05-22,1274.2,191370.0
76,2019-05-23,1285.4,330160.0
77,2019-05-24,1283.6,218710.0
78,2019-05-28,1280.1,780.0
79,2019-05-29,1281.0,189690.0
80,2019-05-30,1292.4,284020.0
81,2019-05-31,1311.1,341180.0
82,2019-06-03,1327.9,363400.0
83,2019-06-04,1328.7,319960.0
84,2019-06-05,1333.6,413470.0
85,2019-06-06,1342.7,263090.0
86,2019-06-07,1346.1,331290.0
87,2019-06-10,1329.3,228030.0
88,2019-06-11,1331.2,215150.0
89,2019-06-12,1336.8,234460.0
90,2019-06-13,1343.7,204830.0
91,2019-06-14,1344.5,358450.0
92,2019-06-17,1342.9,238710.0
93,2019-06-18,1350.7,376270.0
94,2019-06-19,1348.8,332610.0
95,2019-06-20,1396.9,542900.0
96,2019-06-21,1400.1,518890.0
97,2019-06-24,1418.2,375150.0
98,2019-06-25,1418.7,643590.0
99,2019-06-26,1415.4,421950.0
100,2019-06-27,1412.0,336360.0
101,2019-06-28,1413.7,306620.0
102,2019-07-01,1389.3,389760.0
103,2019-07-02,1408.0,383250.0
104,2019-07-03,1420.9,419610.0
105,2019-07-05,1403.4,340.0
106,2019-07-08,1400.0,318690.0
107,2019-07-09,1400.5,287180.0
108,2019-07-10,1412.5,443500.0
109,2019-07-11,1406.7,400090.0
110,2019-07-12,1412.2,284970.0
111,2019-07-15,1413.5,243380.0
112,2019-07-16,1411.2,334820.0
113,2019-07-17,1423.3,358170.0
114,2019-07-18,1428.1,481330.0
115,2019-07-19,1426.7,530020.0
116,2019-07-22,1426.9,255350.0
117,2019-07-23,1421.7,386680.0
118,2019-07-24,1423.6,318160.0
119,2019-07-25,1414.7,489390.0
120,2019-07-26,1419.3,306020.0
121,2019-07-29,1420.4,224270.0
122,2019-07-30,1441.8,259620.0
123,2019-07-31,1437.8,419580.0
124,2019-08-01,1432.4,587560.0
125,2019-08-02,1457.5,493050.0
126,2019-08-05,1476.5,534190.0
127,2019-08-06,1484.2,381920.0
128,2019-08-07,1519.6,651550.0
129,2019-08-08,1509.5,402960.0
130,2019-08-09,1508.5,332610.0
131,2019-08-12,1517.2,355100.0
132,2019-08-13,1514.1,616740.0
133,2019-08-14,1527.8,484190.0
134,2019-08-15,1531.2,436120.0
135,2019-08-16,1523.6,322460.0
136,2019-08-19,1511.6,295830.0
137,2019-08-20,1515.7,247540.0
138,2019-08-21,1515.7,245900.0
139,2019-08-22,1508.5,279410.0
140,2019-08-23,1537.6,473000.0
141,2019-08-26,1537.2,411670.0
142,2019-08-27,1551.8,347050.0
143,2019-08-28,1549.1,353910.0
144,2019-08-29,1536.9,455600.0
145,2019-08-30,1529.4,330850.0
146,2019-09-03,1552.8,0.0
147,2019-09-04,1560.4,412350.0
148,2019-09-05,1525.5,606400.0
149,2019-09-06,1515.5,544870.0
150,2019-09-09,1511.1,317520.0
151,2019-09-10,1499.2,397920.0
152,2019-09-11,1503.2,308790.0
153,2019-09-12,1507.4,491470.0
154,2019-09-13,1499.5,364420.0
155,2019-09-16,1511.5,349610.0
156,2019-09-17,1513.4,336630.0
157,2019-09-18,1515.8,364960.0
158,2019-09-19,1506.2,291300.0
159,2019-09-20,1515.1,284390.0
160,2019-09-23,1531.5,359880.0
161,2019-09-24,1540.2,424860.0
162,2019-09-25,1512.3,481460.0
163,2019-09-26,1515.2,378290.0
164,2019-09-27,1506.4,451930.0
165,2019-09-30,1472.9,439710.0
166,2019-10-01,1489.0,450170.0
167,2019-10-02,1507.9,393100.0
168,2019-10-03,1513.8,408740.0
169,2019-10-04,1512.9,344790.0
170,2019-10-07,1504.4,257780.0
171,2019-10-08,1503.9,371440.0
172,2019-10-09,1512.8,285280.0
173,2019-10-10,1500.9,417880.0
174,2019-10-11,1488.7,485960.0
175,2019-10-14,1497.6,228320.0
176,2019-10-15,1483.5,317990.0
177,2019-10-16,1494.0,367900.0
178,2019-10-17,1498.3,305670.0
179,2019-10-18,1494.1,232550.0
180,2019-10-21,1488.1,284290.0
181,2019-10-22,1487.5,208970.0
182,2019-10-23,1495.7,244620.0
183,2019-10-24,1504.7,305010.0
184,2019-10-25,1505.3,368740.0
185,2019-10-28,1495.8,318130.0
186,2019-10-29,1490.7,291980.0
187,2019-10-30,1496.7,353640.0
188,2019-10-31,1514.8,390010.0
189,2019-11-01,1511.4,380990.0
190,2019-11-04,1511.1,260200.0
191,2019-11-05,1483.7,593620.0
192,2019-11-06,1493.1,313720.0
193,2019-11-07,1466.4,674980.0
194,2019-11-08,1462.9,447070.0
195,2019-11-11,1457.1,310160.0
196,2019-11-12,1453.7,429610.0
197,2019-11-13,1463.3,352330.0
198,2019-11-14,1473.4,317400.0
199,2019-11-15,1468.5,251210.0
200,2019-11-18,1471.9,331240.0
201,2019-11-19,1474.3,307860.0
202,2019-11-20,1474.2,369970.0
203,2019-11-21,1463.6,388340.0
204,2019-11-22,1463.6,320500.0
205,2019-11-25,1456.9,298710.0
206,2019-11-26,1460.3,346360.0
207,2019-11-27,1453.4,88360.0
208,2019-11-29,1472.7,272340.0
209,2019-12-02,1469.2,316580.0
210,2019-12-03,1484.4,400900.0
211,2019-12-04,1480.2,319730.0
212,2019-12-05,1483.1,240010.0
213,2019-12-06,1465.1,317320.0
214,2019-12-09,1464.9,177220.0
215,2019-12-10,1468.1,228830.0
216,2019-12-11,1475.0,251730.0
217,2019-12-12,1472.3,409860.0
218,2019-12-13,1481.2,356680.0
219,2019-12-16,1480.5,165850.0
220,2019-12-17,1480.6,173250.0
221,2019-12-18,1478.7,197970.0
222,2019-12-19,1484.4,201190.0
223,2019-12-20,1480.9,140770.0
224,2019-12-23,1488.7,162450.0
225,2019-12-24,1504.8,183680.0
226,2019-12-26,1514.4,216610.0
227,2019-12-27,1518.1,204990.0
228,2019-12-30,1518.6,178720.0
229,2019-12-31,1523.1,220850.0
230,2020-01-02,1528.1,270550.0
231,2020-01-03,1552.4,436740.0
232,2020-01-06,1568.8,558970.0
233,2020-01-07,1574.3,435870.0
234,2020-01-08,1560.2,813410.0
235,2020-01-09,1554.3,372880.0
236,2020-01-10,1560.1,344340.0
237,2020-01-13,1550.6,311730.0
238,2020-01-14,1544.6,340910.0
239,2020-01-15,1554.0,310070.0
240,2020-01-16,1550.5,260050.0
241,2020-01-17,1560.3,264930.0
242,2020-01-21,1560.8,2220.0
243,2020-01-22,1556.7,286080.0
244,2020-01-23,1565.4,361030.0
245,2020-01-24,1571.9,427140.0
246,2020-01-27,1577.4,398060.0
247,2020-01-28,1569.8,378010.0
248,2020-01-29,1570.4,251270.0
249,2020-01-30,1589.2,382600.0
250,2020-01-31,1587.9,343370.0
251,2020-02-03,1582.4,320600.0
252,2020-02-04,1555.5,349000.0
253,2020-02-05,1562.8,306050.0
254,2020-02-06,1570.0,229000.0
255,2020-02-07,1573.4,286420.0
256,2020-02-10,1579.5,191750.0
257,2020-02-11,1570.1,231830.0
258,2020-02-12,1571.6,189550.0
259,2020-02-13,1578.8,276250.0
260,2020-02-14,1586.4,227110.0
261,2020-02-18,1603.6,414240.0
262,2020-02-19,1611.8,307890.0
263,2020-02-20,1620.5,403040.0
264,2020-02-21,1648.8,489190.0
265,2020-02-24,1676.6,680820.0
266,2020-02-25,1650.0,672760.0
267,2020-02-26,1643.1,531900.0
268,2020-02-27,1642.5,573290.0
269,2020-02-28,1566.7,745840.0
270,2020-03-02,1594.8,443530.0
271,2020-03-03,1644.4,466530.0
272,2020-03-04,1643.0,313340.0
273,2020-03-05,1668.0,363000.0
274,2020-03-06,1672.4,659630.0
275,2020-03-09,1675.7,504160.0
276,2020-03-10,1660.3,385480.0
277,2020-03-11,1642.3,404350.0
278,2020-03-12,1590.3,605720.0
279,2020-03-13,1516.7,551050.0
280,2020-03-16,1486.5,565980.0
281,2020-03-17,1525.8,434510.0
282,2020-03-18,1477.9,435190.0
283,2020-03-19,1479.3,325290.0
284,2020-03-20,1484.6,269970.0
285,2020-03-23,1567.6,362070.0
286,2020-03-24,1660.8,418780.0
287,2020-03-25,1633.4,254190.0
288,2020-03-26,1651.2,215970.0
289,2020-03-27,1654.1,159260.0
290,2020-03-30,1643.2,157370.0
291,2020-03-31,1596.6,176550.0
292,2020-04-01,1591.4,164480.0
293,2020-04-02,1637.7,167710.0
294,2020-04-03,1645.7,139610.0
295,2020-04-06,1693.9,192750.0
296,2020-04-07,1683.7,204500.0
297,2020-04-08,1684.3,125330.0
298,2020-04-09,1752.8,218800.0
299,2020-04-13,1761.4,166890.0
300,2020-04-14,1768.9,241190.0
301,2020-04-15,1740.2,186700.0
302,2020-04-16,1731.7,204230.0
303,2020-04-17,1698.8,227070.0
304,2020-04-20,1711.2,186910.0
305,2020-04-21,1687.8,248630.0
306,2020-04-22,1738.3,193730.0
307,2020-04-23,1745.4,201880.0
308,2020-04-24,1735.6,180240.0
309,2020-04-27,1723.8,146640.0
310,2020-04-28,1722.2,171340.0
311,2020-04-29,1713.4,159600.0
312,2020-04-30,1694.2,234530.0
313,2020-05-01,1700.9,168020.0
314,2020-05-04,1713.3,148730.0
315,2020-05-05,1710.6,184730.0
316,2020-05-06,1688.5,203370.0
317,2020-05-07,1725.8,250700.0
318,2020-05-08,1713.9,232810.0
319,2020-05-11,1698.0,202170.0
320,2020-05-12,1706.8,198070.0
321,2020-05-13,1716.4,211610.0
322,2020-05-14,1740.9,212910.0
323,2020-05-15,1756.3,200180.0
324,2020-05-18,1734.4,271470.0
325,2020-05-19,1745.6,185260.0
326,2020-05-20,1752.1,184460.0
327,2020-05-21,1721.9,238740.0
328,2020-05-22,1735.5,196820.0
329,2020-05-27,1710.7,137420.0
330,2020-05-28,1728.3,164820.0
331,2020-05-29,1751.7,150110.0
332,2020-06-01,1750.3,146130.0
333,2020-06-02,1734.0,175350.0
334,2020-06-03,1704.8,256520.0
335,2020-06-04,1727.4,198720.0
336,2020-06-05,1683.0,273680.0
337,2020-06-08,1705.1,154770.0
338,2020-06-09,1721.9,182910.0
339,2020-06-10,1720.7,198760.0
340,2020-06-11,1739.8,205350.0
341,2020-06-12,1737.3,151400.0
342,2020-06-15,1727.2,200230.0
343,2020-06-16,1736.5,182420.0
344,2020-06-17,1735.6,140070.0
345,2020-06-18,1731.1,155910.0
346,2020-06-19,1753.0,181150.0
347,2020-06-22,1766.4,228680.0
348,2020-06-23,1782.0,194680.0
349,2020-06-24,1775.1,239530.0
350,2020-06-25,1770.6,152200.0
351,2020-06-26,1780.3,201230.0
352,2020-06-29,1781.2,130510.0
353,2020-06-30,1800.5,199420.0
354,2020-07-01,1779.9,263250.0
355,2020-07-02,1790.0,186310.0
356,2020-07-07,1809.9,221730.0
357,2020-07-08,1820.6,247500.0
358,2020-07-09,1803.8,283370.0
359,2020-07-10,1801.9,223830.0
360,2020-07-13,1814.1,230400.0
361,2020-07-14,1813.4,253210.0
362,2020-07-15,1813.8,183060.0
363,2020-07-16,1800.3,196570.0
364,2020-07-17,1810.0,167010.0
365,2020-07-20,1817.4,177740.0
366,2020-07-21,1843.9,271090.0
367,2020-07-22,1865.1,382230.0
368,2020-07-23,1890.0,418750.0
369,2020-07-24,1897.5,300170.0
370,2020-07-27,1931.0,428230.0
371,2020-07-28,1944.6,434450.0
372,2020-07-29,1953.4,209840.0
373,2020-07-30,1966.8,271380.0
374,2020-07-31,1985.9,279320.0
375,2020-08-03,1986.3,178750.0
376,2020-08-04,2021.0,274420.0
377,2020-08-05,2049.3,366380.0
378,2020-08-06,2069.4,312760.0
379,2020-08-07,2028.0,398130.0
380,2020-08-10,2039.7,251310.0
381,2020-08-11,1946.3,565000.0
382,2020-08-12,1949.0,459840.0
383,2020-08-13,1970.4,349890.0
384,2020-08-14,1949.8,241800.0
385,2020-08-17,1998.7,289440.0
386,2020-08-18,2013.1,361480.0
387,2020-08-19,1970.3,443260.0
388,2020-08-20,1946.5,383340.0
389,2020-08-21,1947.0,355070.0
390,2020-08-24,1939.2,286260.0
391,2020-08-25,1923.1,274110.0
392,2020-08-26,1952.5,342210.0
393,2020-08-27,1932.6,467170.0
394,2020-08-28,1974.9,334100.0
395,2020-08-31,1978.6,245110.0
396,2020-09-01,1978.9,304890.0
397,2020-09-02,1944.7,332590.0
398,2020-09-03,1937.8,303030.0
399,2020-09-04,1934.3,304740.0
400,2020-09-09,1954.9,227180.0
401,2020-09-10,1964.3,271480.0
402,2020-09-11,1947.9,205230.0
403,2020-09-14,1963.7,200090.0
404,2020-09-15,1966.2,239540.0
405,2020-09-16,1970.5,298390.0
406,2020-09-17,1949.9,273140.0
407,2020-09-18,1962.1,176070.0
408,2020-09-21,1910.6,386670.0
409,2020-09-22,1907.6,282710.0
410,2020-09-23,1868.4,411560.0
411,2020-09-24,1876.9,345040.0
412,2020-09-25,1866.3,230860.0
413,2020-09-28,1882.3,235920.0
414,2020-09-29,1903.2,217800.0
415,2020-09-30,1895.5,259870.0
416,2020-10-01,1916.3,262090.0
417,2020-10-02,1907.6,212730.0
418,2020-10-05,1920.1,177590.0
419,2020-10-06,1908.8,219440.0
420,2020-10-07,1890.8,188590.0
421,2020-10-08,1895.1,185450.0
422,2020-10-09,1926.2,229850.0
423,2020-10-12,1928.9,157210.0
424,2020-10-13,1894.6,267540.0
425,2020-10-14,1907.3,188300.0
426,2020-10-15,1908.9,213570.0
427,2020-10-16,1906.4,146910.0
428,2020-10-19,1911.7,159850.0
429,2020-10-20,1915.4,163910.0
430,2020-10-21,1929.5,201270.0
431,2020-10-22,1904.6,215580.0
432,2020-10-23,1905.2,172960.0
433,2020-10-26,1905.7,166310.0
434,2020-10-27,1911.9,153300.0
435,2020-10-28,1879.2,297090.0
436,2020-10-29,1868.0,225160.0
437,2020-10-30,1879.9,213170.0
438,2020-11-02,1892.5,164940.0
439,2020-11-03,1910.4,171370.0
440,2020-11-04,1896.2,293950.0
441,2020-11-05,1946.8,297510.0
442,2020-11-06,1951.7,246780.0
443,2020-11-09,1854.4,496090.0
444,2020-11-10,1876.4,264870.0
445,2020-11-11,1861.6,215170.0
446,2020-11-12,1873.3,209930.0
447,2020-11-13,1886.2,162540.0
448,2020-11-16,1887.8,222940.0
449,2020-11-17,1885.1,160880.0
450,2020-11-18,1873.9,209000.0
451,2020-11-19,1861.5,222350.0
452,2020-11-20,1872.4,186170.0
453,2020-11-23,1837.8,319660.0
454,2020-11-24,1804.6,367880.0
455,2020-11-25,1805.5,205750.0
456,2020-11-30,1780.9,242730.0
457,2020-12-01,1818.9,203650.0
458,2020-12-02,1830.2,185320.0
459,2020-12-03,1841.1,180360.0
460,2020-12-04,1840.0,171260.0
461,2020-12-07,1866.0,209040.0
462,2020-12-08,1874.9,151790.0
463,2020-12-09,1838.5,219590.0
464,2020-12-10,1837.4,164800.0
465,2020-12-11,1843.6,153800.0
466,2020-12-14,1832.1,168490.0
467,2020-12-15,1855.3,173610.0
468,2020-12-16,1859.1,199680.0
469,2020-12-17,1890.4,219870.0
470,2020-12-18,1888.9,153230.0
471,2020-12-21,1882.8,232050.0
472,2020-12-22,1870.3,176020.0
473,2020-12-23,1878.1,162540.0
474,2020-12-24,1883.2,89410.0
475,2020-12-28,1880.4,196760.0
476,2020-12-29,1882.9,149270.0
477,2020-12-30,1893.4,133660.0
478,2020-12-31,1895.1,130630.0
479,2021-01-04,1946.6,273370.0
480,2021-01-05,1954.4,201950.0
481,2021-01-06,1908.6,366610.0
482,2021-01-07,1913.6,199980.0
483,2021-01-08,1835.4,443510.0
484,2021-01-11,1850.8,268360.0
485,2021-01-12,1844.2,240660.0
486,2021-01-13,1854.9,225990.0
487,2021-01-14,1851.4,257660.00000000003
488,2021-01-15,1829.9,231110.0
489,2021-01-20,1866.5,274400.0
490,2021-01-21,1865.9,196940.0
491,2021-01-22,1856.2,249720.0
492,2021-01-25,1855.2,211980.0
493,2021-01-26,1850.9,170260.0
494,2021-01-27,1844.9,195540.0
495,2021-01-28,1841.2,277590.0
496,2021-01-29,1850.3,276170.0
497,2021-02-01,1863.9,242050.0
498,2021-02-02,1833.4,236000.0
499,2021-02-03,1835.1,137230.0
500,2021-02-04,1791.2,279620.0
501,2021-02-05,1813.0,205760.0
502,2021-02-08,1834.2,177560.0
503,2021-02-09,1837.5,154390.0
504,2021-02-10,1842.7,176440.0
505,2021-02-11,1826.8,147020.0
506,2021-02-12,1823.2,171900.0
507,2021-02-17,1772.8,257340.0
508,2021-02-18,1775.0,224770.0
509,2021-02-19,1777.4,251780.0
510,2021-02-22,1808.4,221200.0
511,2021-02-23,1805.9,191150.0
512,2021-02-24,1797.9,224060.0
513,2021-02-25,1775.4,316250.0
514,2021-02-26,1728.8,362550.0
515,2021-03-01,1723.0,241920.0
516,2021-03-02,1733.6,235960.0
517,2021-03-03,1715.8,255650.0
518,2021-03-04,1700.7,277450.0
519,2021-03-05,1698.5,269330.0
520,2021-03-08,1678.0,273910.0
521,2021-03-09,1716.9,248950.0
522,2021-03-10,1721.8,226890.0
523,2021-03-11,1722.6,215340.0
524,2021-03-12,1719.8,232210.0
525,2021-03-15,1729.2,163050.0
526,2021-03-16,1730.9,173890.0
527,2021-03-17,1727.1,220550.0
528,2021-03-18,1732.5,251760.0
529,2021-03-19,1741.7,213280.0
530,2021-03-22,1738.1,196310.0
531,2021-03-23,1725.1,226200.0
532,2021-03-24,1733.2,186520.0
533,2021-03-25,1725.1,226210.0
534,2021-03-26,1732.3,172940.0
535,2021-03-29,1712.2,135460.0
536,2021-03-30,1686.0,225870.0
537,2021-03-31,1715.6,210770.0
538,2021-04-01,1728.4,170430.0
539,2021-04-05,1728.8,101750.0
540,2021-04-06,1743.0,152600.0
541,2021-04-07,1741.6,122800.0
542,2021-04-08,1758.2,144570.0
543,2021-04-09,1744.8,171400.0
544,2021-04-12,1732.7,125360.0
545,2021-04-13,1747.6,175590.0
546,2021-04-14,1736.3,145260.0
547,2021-04-15,1766.8,198140.0
548,2021-04-16,1780.2,173500.0
549,2021-04-19,1770.6,180730.0
550,2021-04-20,1778.4,169040.0
551,2021-04-21,1793.1,173970.0
552,2021-04-22,1782.0,163750.0
553,2021-04-23,1777.8,175850.0
554,2021-04-26,1780.1,143360.0
555,2021-04-27,1778.8,147950.0
556,2021-04-28,1773.9,198580.0
557,2021-04-29,1768.3,231520.0
558,2021-04-30,1767.7,167290.0
559,2021-05-03,1791.8,204540.0
560,2021-05-04,1776.0,246590.0
561,2021-05-05,1784.3,178810.0
562,2021-05-06,1815.7,287630.0
563,2021-05-07,1831.3,367700.0
564,2021-05-10,1837.6,269710.0
565,2021-05-11,1836.1,311100.0
566,2021-05-12,1822.8,339210.0
567,2021-05-13,1824.0,249930.0
568,2021-05-14,1838.1,224380.0
569,2021-05-17,1867.6,267710.0
570,2021-05-18,1868.0,229020.0
571,2021-05-19,1881.5,398210.0
572,2021-05-20,1881.9,223570.0
573,2021-05-21,1876.7,234290.0
574,2021-05-24,1884.5,183310.0
575,2021-05-25,1898.0,316670.0
576,2021-05-26,1901.2,170530.0
577,2021-05-27,1895.7,35790.0
578,2021-05-28,1905.3,198140.0
579,2021-06-02,1909.9,166040.0
580,2021-06-03,1873.3,278580.0
581,2021-06-04,1892.0,228830.0
582,2021-06-07,1898.8,146020.0
583,2021-06-08,1894.4,173600.0
584,2021-06-09,1895.5,147330.0
585,2021-06-10,1896.4,250550.0
586,2021-06-11,1879.6,220460.0
587,2021-06-14,1865.9,242300.0
588,2021-06-15,1856.4,155340.0
589,2021-06-16,1861.4,234100.0
590,2021-06-17,1774.8,385890.0
591,2021-06-18,1769.0,264610.0
592,2021-06-21,1782.9,195520.0
593,2021-06-22,1777.4,172750.0
594,2021-06-23,1783.4,179270.0
595,2021-06-24,1776.7,152230.0
596,2021-06-25,1777.8,161200.0
597,2021-06-28,1780.7,160790.0
598,2021-06-29,1763.6,239910.0
599,2021-06-30,1771.6,177890.0
600,2021-07-01,1776.8,171440.0
601,2021-07-02,1783.3,205860.0
602,2021-07-07,1802.1,171080.0
603,2021-07-08,1800.2,249340.0
604,2021-07-09,1810.6,185580.0
605,2021-07-12,1805.9,201420.0
606,2021-07-13,1809.9,242180.0
607,2021-07-14,1825.0,229880.0
608,2021-07-15,1829.0,175610.0
609,2021-07-16,1815.0,184660.0
610,2021-07-19,1809.2,249680.0
611,2021-07-20,1811.4,221140.0
612,2021-07-21,1803.4,218640.0
613,2021-07-22,1805.4,193320.0
614,2021-07-23,1801.8,236760.0
615,2021-07-26,1799.2,204550.0
616,2021-07-27,1799.8,177040.0
617,2021-07-28,1799.7,209780.0
618,2021-07-29,1835.8,212070.0
619,2021-07-30,1817.2,157140.0
620,2021-08-02,1822.2,159760.0
621,2021-08-03,1814.1,103450.0
622,2021-08-04,1814.5,244680.0
623,2021-08-05,1808.9,169840.0
624,2021-08-06,1763.1,323150.0
625,2021-08-09,1726.5,289540.0
626,2021-08-10,1731.7,182560.0
627,2021-08-11,1753.3,185440.0
628,2021-08-12,1751.8,137120.0
629,2021-08-13,1778.2,144810.0
630,2021-08-16,1789.8,137700.0
631,2021-08-17,1787.8,144820.0
632,2021-08-18,1784.4,132730.0
633,2021-08-19,1783.1,151250.0
634,2021-08-20,1784.0,107970.0
635,2021-08-23,1806.3,156320.0
636,2021-08-24,1808.5,114790.0
637,2021-08-25,1791.0,163460.0
638,2021-08-26,1795.2,134530.0
639,2021-08-27,1819.5,203640.0
640,2021-08-30,1812.2,104880.0
641,2021-08-31,1818.1,170390.0
642,2021-09-01,1816.0,140120.0
643,2021-09-02,1811.5,113030.0
644,2021-09-03,1833.7,184980.0
645,2021-09-08,1793.5,161260.0
646,2021-09-09,1800.0,154130.0
647,2021-09-10,1792.1,136250.0
648,2021-09-13,1794.4,114310.0
649,2021-09-14,1807.1,197950.0
650,2021-09-15,1794.8,139300.0
651,2021-09-16,1756.7,255270.0
652,2021-09-17,1751.4,183250.0
653,2021-09-20,1763.8,152450.0
654,2021-09-21,1778.2,141620.0
655,2021-09-22,1778.8,172350.0
656,2021-09-23,1749.8,225460.0
657,2021-09-24,1751.7,151550.0
658,2021-09-27,1752.0,137570.0
659,2021-09-28,1737.5,215840.0
660,2021-09-29,1722.9,177390.0
661,2021-09-30,1757.0,246370.0
662,2021-10-01,1758.4,151200.0
663,2021-10-04,1767.6,166180.0
664,2021-10-05,1760.9,151420.0
665,2021-10-06,1761.8,159220.0
666,2021-10-07,1759.2,146410.0
667,2021-10-08,1757.4,240370.0
668,2021-10-11,1755.7,114770.0
669,2021-10-12,1759.3,168110.0
670,2021-10-13,1794.7,299040.0
671,2021-10-14,1797.9,164650.0
672,2021-10-15,1768.3,202630.0
673,2021-10-18,1765.7,152740.0
674,2021-10-19,1770.5,166970.0
675,2021-10-20,1784.9,174080.0
676,2021-10-21,1781.9,138730.0
677,2021-10-22,1796.3,312810.0
678,2021-10-25,1806.8,153590.0
679,2021-10-26,1793.4,197930.0
680,2021-10-27,1798.8,182800.0
681,2021-10-28,1802.6,220880.0
682,2021-10-29,1783.9,254510.0
683,2021-11-01,1795.8,143330.0
684,2021-11-02,1789.4,145790.0
685,2021-11-03,1763.9,257430.0
686,2021-11-04,1793.5,222610.0
687,2021-11-05,1816.8,299620.0
688,2021-11-08,1828.0,200410.0
689,2021-11-09,1830.8,224410.0
690,2021-11-10,1848.3,352790.0
691,2021-11-11,1863.9,205310.0
692,2021-11-12,1868.5,201360.0
693,2021-11-15,1866.6,221210.0
694,2021-11-16,1854.1,220430.0
695,2021-11-17,1870.2,172420.0
696,2021-11-18,1861.4,186060.0
697,2021-11-19,1851.6,234080.0
698,2021-11-22,1806.3,352860.0
699,2021-11-23,1783.8,311350.0
700,2021-11-24,1784.3,203240.0
701,2021-11-29,1785.2,151370.0
702,2021-11-30,1776.5,242860.0
703,2021-12-01,1784.3,180340.0
704,2021-12-02,1762.7,172720.0
705,2021-12-03,1783.9,175180.0
706,2021-12-06,1779.5,104480.0
707,2021-12-07,1784.7,129890.0
708,2021-12-08,1785.5,109690.0
709,2021-12-09,1776.7,123970.0
710,2021-12-10,1784.8,142000.0
711,2021-12-13,1788.3,106060.0
712,2021-12-14,1772.3,153250.0
713,2021-12-15,1764.5,161100.0
714,2021-12-16,1798.2,167780.0
715,2021-12-17,1804.9,156610.0
716,2021-12-20,1794.6,105390.0
717,2021-12-21,1788.7,134150.0
718,2021-12-22,1802.2,110410.0
719,2021-12-23,1811.7,104840.0
720,2021-12-27,1808.8,84230.0
721,2021-12-28,1810.9,100540.0
722,2021-12-29,1805.8,138690.0
723,2021-12-30,1814.1,113430.0
724,2021-12-31,1828.6,106600.0
725,2022-01-03,1800.1,168310.0
726,2022-01-04,1814.6,167710.0
727,2022-01-05,1825.1,173340.0
728,2022-01-06,1789.2,238640.0
729,2022-01-07,1797.4,238930.0
730,2022-01-10,1798.8,173040.0
731,2022-01-11,1818.5,184150.0
732,2022-01-12,1827.3,192980.0
733,2022-01-13,1821.4,215520.0
734,2022-01-14,1816.5,174940.0
735,2022-01-19,1843.2,318490.0
736,2022-01-20,1842.6,233860.0
737,2022-01-21,1831.8,225250.0
738,2022-01-24,1841.7,244330.0
739,2022-01-25,1852.5,197800.0
740,2022-01-26,1829.7,270030.0
741,2022-01-27,1793.1,196040.0
742,2022-01-28,1786.6,217150.0
743,2022-01-31,1796.4,139420.0
744,2022-02-01,1801.5,128880.0
745,2022-02-02,1810.3,123020.0
746,2022-02-03,1804.1,173720.0
747,2022-02-04,1807.8,177710.0
748,2022-02-07,1821.8,139810.0
749,2022-02-08,1827.9,142410.0
750,2022-02-09,1836.6,136720.0
751,2022-02-10,1837.4,227460.0
752,2022-02-11,1842.1,239090.0
753,2022-02-14,1869.4,231020.0
754,2022-02-15,1856.2,214880.0
755,2022-02-16,1871.5,141490.0
756,2022-02-17,1902.0,268550.0
757,2022-02-18,1899.8,161750.0
758,2022-02-23,1910.4,154840.0
759,2022-02-24,1926.3,423050.0
760,2022-02-25,1887.6,229780.0
761,2022-02-28,1900.7,249270.0
762,2022-03-01,1943.8,224000.0
763,2022-03-02,1922.3,227980.0
764,2022-03-03,1935.9,180210.0
765,2022-03-04,1966.6,241530.0
766,2022-03-07,1995.9,372190.0
767,2022-03-08,2043.3,447650.0
768,2022-03-09,1988.2,360350.0
769,2022-03-10,2000.4,303270.0
770,2022-03-11,1985.0,262090.0
771,2022-03-14,1960.8,162200.0
772,2022-03-15,1929.7,220370.0
773,2022-03-16,1909.2,195460.0
774,2022-03-17,1943.2,149830.0
775,2022-03-18,1929.3,150880.0
776,2022-03-21,1929.5,146410.0
777,2022-03-22,1921.5,153280.0
778,2022-03-23,1937.3,153310.0
779,2022-03-24,1962.2,181200.0
780,2022-03-25,1954.2,147900.0
781,2022-03-28,1939.8,181370.0
782,2022-03-29,1912.2,128050.0
783,2022-03-30,1939.0,136040.0
784,2022-03-31,1954.0,155300.0
785,2022-04-01,1923.7,135150.0
786,2022-04-04,1934.0,108440.0
787,2022-04-05,1927.5,147260.0
788,2022-04-06,1923.1,153970.0
789,2022-04-07,1937.8,122810.0
790,2022-04-08,1945.6,142500.0
791,2022-04-11,1948.2,184390.0
792,2022-04-12,1976.1,172390.0
793,2022-04-13,1984.7,132030.0
794,2022-04-14,1974.9,139420.0
795,2022-04-18,1986.4,138130.0
796,2022-04-19,1959.0,181440.0
797,2022-04-20,1955.6,139510.0
798,2022-04-21,1948.2,154920.0
799,2022-04-22,1934.3,176680.0
800,2022-04-25,1896.0,231490.0
801,2022-04-26,1904.1,166200.0
802,2022-04-27,1888.7,178200.0
803,2022-04-28,1891.3,170910.0
804,2022-04-29,1911.7,177140.0
805,2022-05-02,1863.6,193830.0
806,2022-05-03,1870.6,167430.0
807,2022-05-04,1868.8,161480.0
808,2022-05-05,1875.7,218390.0
809,2022-05-06,1882.8,194280.0
810,2022-05-09,1858.6,218820.0
811,2022-05-10,1841.0,260810.0
812,2022-05-11,1853.7,243560.0
813,2022-05-12,1824.6,255610.0
814,2022-05-13,1808.2,179480.0
815,2022-05-16,1814.0,159490.0
816,2022-05-17,1818.9,137290.0
817,2022-05-18,1815.9,150350.0
818,2022-05-19,1841.2,175240.0
819,2022-05-20,1842.1,143050.0
820,2022-05-23,1847.8,163270.0
821,2022-05-24,1865.4,174760.0
822,2022-05-25,1846.3,182820.0
823,2022-05-26,1847.6,123360.0
824,2022-05-27,1857.3,123760.0
825,2022-06-01,1848.7,158040.0
826,2022-06-02,1871.4,127470.0
827,2022-06-03,1850.2,115340.0
828,2022-06-06,1843.7,103180.0
829,2022-06-07,1852.1,119210.0
830,2022-06-08,1856.5,114140.0
831,2022-06-09,1852.8,131290.0
832,2022-06-10,1875.5,267200.0
833,2022-06-13,1831.8,252540.0
834,2022-06-14,1813.5,165150.0
835,2022-06-15,1819.6,203420.0
836,2022-06-16,1849.9,180890.0
837,2022-06-17,1840.6,141720.0
838,2022-06-22,1838.4,149550.0
839,2022-06-23,1829.8,167070.0
840,2022-06-24,1830.3,139720.0
841,2022-06-27,1824.8,143820.0
842,2022-06-28,1821.2,111400.0
843,2022-06-29,1817.5,155540.0
844,2022-06-30,1807.3,208900.0
845,2022-07-01,1801.5,249490.0
846,2022-07-06,1736.5,258820.0
847,2022-07-07,1739.7,151260.0
848,2022-07-08,1742.3,189180.0
849,2022-07-11,1731.7,171900.0
850,2022-07-12,1724.8,255170.0
851,2022-07-13,1735.5,300550.0
852,2022-07-14,1705.8,266350.0
853,2022-07-15,1703.6,176800.0
854,2022-07-18,1710.2,157540.0
855,2022-07-19,1710.7,131770.0
856,2022-07-20,1700.2,174470.0
857,2022-07-21,1713.4,248880.0
858,2022-07-22,1727.4,200620.0
859,2022-07-25,1719.1,160720.0
860,2022-07-26,1717.7,147370.0
861,2022-07-27,1719.1,144870.0
862,2022-07-28,1769.2,192860.0
863,2022-07-29,1781.8,136890.0
864,2022-08-01,1787.7,133740.0
865,2022-08-02,1789.7,174170.0
866,2022-08-03,1776.4,151730.0
867,2022-08-04,1806.9,153290.0
868,2022-08-05,1791.2,168900.0
869,2022-08-08,1805.2,103680.0
870,2022-08-09,1812.3,120510.0
871,2022-08-10,1813.7,154590.0
872,2022-08-11,1807.2,121260.0
873,2022-08-12,1815.5,118650.0
874,2022-08-15,1798.1,137770.0
875,2022-08-16,1789.7,94400.0
876,2022-08-17,1776.7,137830.0
877,2022-08-18,1771.2,124320.0
878,2022-08-19,1762.9,138700.0
879,2022-08-22,1748.4,142860.0
880,2022-08-23,1761.2,145260.0
881,2022-08-24,1761.5,112650.0
882,2022-08-25,1771.4,117570.0
883,2022-08-26,1749.8,176900.0
884,2022-08-29,1749.7,156220.0
885,2022-08-30,1736.3,130660.0
886,2022-08-31,1726.2,176730.0
887,2022-09-01,1709.3,198620.0
888,2022-09-02,1722.6,174680.0
889,2022-09-07,1727.8,173620.0
890,2022-09-08,1720.2,184180.0
891,2022-09-09,1728.6,154710.0
892,2022-09-12,1740.6,154370.0
893,2022-09-13,1717.4,232700.0
894,2022-09-14,1709.1,163290.0
895,2022-09-15,1677.3,268090.0
896,2022-09-16,1683.5,217230.0
897,2022-09-19,1678.2,141170.0
898,2022-09-20,1671.1,143930.0
899,2022-09-21,1675.7,227940.0
900,2022-09-22,1681.1,241280.0
901,2022-09-23,1655.6,243050.0
902,2022-09-26,1633.4,219860.0
903,2022-09-27,1636.2,197060.0
904,2022-09-28,1670.0,279820.0
905,2022-09-29,1668.6,201960.0
906,2022-09-30,1672.0,179990.0
907,2022-10-03,1702.0,215490.0
908,2022-10-04,1730.5,205080.0
909,2022-10-05,1720.8,173220.0
910,2022-10-06,1720.8,139440.0
911,2022-10-07,1709.3,157450.0
912,2022-10-10,1675.2,157150.0
913,2022-10-11,1686.0,171810.0
914,2022-10-12,1677.5,131770.0
915,2022-10-13,1677.0,237010.0
916,2022-10-14,1648.9,183170.0
917,2022-10-17,1664.0,148890.0
918,2022-10-18,1655.8,163170.0
919,2022-10-19,1634.2,179250.0
920,2022-10-20,1636.8,163730.0
921,2022-10-21,1656.3,271100.0
922,2022-10-24,1654.1,171020.0
923,2022-10-25,1658.0,182800.0
924,2022-10-26,1669.2,186930.0
925,2022-10-27,1665.6,189290.0
926,2022-10-28,1644.8,196360.0
927,2022-10-31,1640.7,128410.0
928,2022-11-01,1649.7,197980.0
929,2022-11-02,1650.0,220930.0
930,2022-11-03,1630.9,254700.0
931,2022-11-04,1676.6,293520.0
932,2022-11-07,1680.5,187590.0
933,2022-11-08,1716.0,297620.0
934,2022-11-09,1713.7,239650.0
935,2022-11-10,1753.7,305720.0
936,2022-11-11,1769.4,227040.0
937,2022-11-14,1776.9,191350.0
938,2022-11-15,1776.8,283020.0
939,2022-11-16,1775.8,200760.0
940,2022-11-17,1763.0,169100.0
941,2022-11-18,1754.4,137330.0
942,2022-11-21,1739.6,166080.0
943,2022-11-22,1739.9,153090.0
944,2022-11-23,1745.6,167770.0
945,2022-11-25,1754.0,134300.0
946,2022-11-28,1740.3,132770.0
947,2022-11-29,1763.7,127320.0
948,2022-11-30,1759.9,192240.0
949,2022-12-01,1815.2,226150.0
950,2022-12-02,1809.6,183720.0
951,2022-12-05,1781.3,179820.0
952,2022-12-06,1782.4,127860.0
953,2022-12-07,1798.0,155570.0
954,2022-12-08,1801.5,116270.0
955,2022-12-09,1810.7,150940.0
956,2022-12-12,1792.3,107780.0
957,2022-12-13,1825.5,230910.0
958,2022-12-14,1818.7,143800.0
959,2022-12-15,1787.8,185320.0
960,2022-12-16,1800.2,128750.0
961,2022-12-19,1797.7,86090.0
962,2022-12-20,1825.4,197500.0
963,2022-12-21,1825.4,110180.0
964,2022-12-22,1795.3,175770.0
965,2022-12-23,1804.2,105460.0
966,2022-12-27,1823.1,159620.0
967,2022-12-28,1815.8,118080.0
968,2022-12-29,1826.0,105990.0
969,2022-12-30,1826.2,107500.0
970,2023-01-03,1846.1,212270.0
971,2023-01-04,1859.0,198350.0
972,2023-01-05,1840.6,188600.0
973,2023-01-06,1869.7,215370.0
974,2023-01-09,1877.8,204550.0
975,2023-01-10,1876.5,170510.0
976,2023-01-11,1878.9,222250.0
977,2023-01-12,1898.8,265170.0
978,2023-01-13,1921.7,247880.0
979,2023-01-17,1907.2,710.0
980,2023-01-18,1907.0,218970.0
981,2023-01-19,1923.9,214250.0
982,2023-01-20,1928.2,165270.0
983,2023-01-23,1936.2,970.0
984,2023-01-24,1943.1,1080.0
985,2023-01-25,1950.3,1270.0
986,2023-01-26,1937.6,2100.0
987,2023-01-27,1936.6,2330.0
988,2023-01-30,1922.9,27220.0
989,2023-01-31,1929.5,1910.0
990,2023-02-01,1927.8,2290.0
991,2023-02-02,1916.3,750.0
992,2023-02-03,1862.9,990.0
993,2023-02-06,1866.2,420.0
994,2023-02-07,1871.7,300.0
995,2023-02-08,1877.4,230.0
996,2023-02-09,1866.2,220.0
997,2023-02-10,1862.8,30.0
998,2023-02-13,1851.9,570.0
999,2023-02-14,1854.0,660.0
1000,2023-02-15,1834.2,370.0
1001,2023-02-16,1842.0,220.0
1002,2023-02-17,1840.4,40.0
1003,2023-02-21,1842.5,210170.0
1004,2023-02-22,1833.3,570.0
1005,2023-02-23,1818.8,650.0
1006,2023-02-24,1809.2,400.0
1007,2023-02-27,1824.9,130430.0
1008,2023-02-28,1836.7,184510.0
1009,2023-03-01,1845.4,182580.0
1010,2023-03-02,1840.5,139760.0
1011,2023-03-03,1854.6,158960.0
1012,2023-03-06,1854.6,136220.0
1013,2023-03-07,1820.0,248230.0
1014,2023-03-08,1818.6,208290.0
1015,2023-03-09,1834.6,228470.0
1016,2023-03-10,1867.2,345810.0
1017,2023-03-13,1916.5,452330.0
1018,2023-03-14,1910.9,261280.0
1019,2023-03-15,1948.1,84730.0
1020,2023-03-16,1939.7,34770.0
1021,2023-03-17,1990.2,67460.0
1022,2023-03-20,1999.7,69060.0
1023,2023-03-21,1958.3,65170.0
1024,2023-03-22,1966.6,60530.0
1025,2023-03-23,2013.3,74550.0
1026,2023-03-24,2001.7,118690.0
1027,2023-03-27,1971.5,107040.0
1028,2023-03-28,1973.5,183580.0
1029,2023-03-29,1966.9,88560.0
1030,2023-03-30,1980.3,10120.0
1031,2023-03-31,1969.0,960.0
1032,2023-04-03,1983.9,740.0
1033,2023-04-04,2022.2,810.0
1034,2023-04-05,2020.9,530.0
1035,2023-04-06,2011.9,490.0
1036,2023-04-10,1989.1,650.0
1037,2023-04-11,2004.8,70.0
1038,2023-04-12,2010.9,170.0
1039,2023-04-13,2041.3,1040.0
1040,2023-04-14,2002.2,720.0
1041,2023-04-17,1994.2,550.0
1042,2023-04-18,2010.3,220.0
1043,2023-04-19,1998.0,920.0
1044,2023-04-20,2009.8,420.0
1045,2023-04-21,1981.3,620.0
1046,2023-04-24,1990.6,540.0
1047,2023-04-25,1995.1,850.0
1048,2023-04-26,1986.9,620.0
1049,2023-04-27,1999.0,203900.0
1050,2023-04-28,1999.1,172450.0
1051,2023-05-01,1992.2,173020.0
1052,2023-05-02,2023.3,245640.0
1053,2023-05-03,2037.0,229670.0
1054,2023-05-04,2055.7,311000.0
1055,2023-05-05,2024.8,283300.0
1056,2023-05-08,2033.2,182210.0
1057,2023-05-09,2042.9,199700.0
1058,2023-05-10,2037.1,260810.0
1059,2023-05-11,2020.5,296980.0
1060,2023-05-12,2019.8,220500.0
1061,2023-05-15,2018.0,0.0
1062,2023-05-16,1988.4,50.0
1063,2023-05-17,1980.7,10.0
1064,2023-05-18,1956.5,20.0
1065,2023-05-19,1978.7,110.0
1066,2023-05-22,1974.8,10.0
1067,2023-05-23,1972.4,0.0
1068,2023-05-24,1962.8,190.0
1069,2023-05-25,1943.1,0.0
1070,2023-05-26,1963.1,130070.0
1071,2023-05-30,1977.1,264370.0
1072,2023-05-31,1982.1,207750.0
1073,2023-06-01,1995.5,176910.0
1074,2023-06-02,1969.6,209690.0
1075,2023-06-05,1974.3,179990.0
1076,2023-06-06,1981.5,136000.0
1077,2023-06-07,1958.4,189530.0
1078,2023-06-08,1978.6,191840.0
1079,2023-06-09,1977.2,130410.0
1080,2023-06-12,1969.7,122540.0
1081,2023-06-13,1958.6,198400.0
1082,2023-06-14,1968.9,199710.0
1083,2023-06-15,1961.8,820.0
1084,2023-06-16,1962.2,620.0
1085,2023-06-20,1938.9,740.0
1086,2023-06-21,1936.1,810.0
1087,2023-06-22,1915.0,370.0
1088,2023-06-23,1921.0,750.0
1089,2023-06-26,1925.1,770.0
1090,2023-06-27,1915.1,230.0
1091,2023-06-28,1913.4,630.0
1092,2023-06-29,1917.9,205250.0
1093,2023-06-30,1929.4,180690.0
1094,2023-07-03,1929.5,152960.0
1095,2023-07-05,1927.1,245930.0
1096,2023-07-06,1915.4,231510.0
1097,2023-07-07,1932.5,214270.0
1098,2023-07-10,1931.0,208090.0
1099,2023-07-11,1937.1,189370.0
1100,2023-07-12,1961.7,270870.0
1101,2023-07-13,1963.8,241220.0
1102,2023-07-14,1964.4,209310.0
1103,2023-07-17,1956.4,165830.0
1104,2023-07-18,1980.8,264090.0
1105,2023-07-19,1980.8,159410.0
1106,2023-07-20,1970.9,189930.0
1107,2023-07-21,1966.6,156540.0
1108,2023-07-24,1981.6,6440.0
1109,2023-07-25,1983.1,8630.0
1110,2023-07-26,1989.7,11940.0
1111,2023-07-27,1965.3,16910.0
1112,2023-07-28,1999.9,159600.0
1113,2023-07-31,2009.2,139960.0
1114,2023-08-01,1978.8,167760.0
1115,2023-08-02,1975.0,169660.0
1116,2023-08-03,1968.8,141350.0
1117,2023-08-04,1976.1,156420.0
1118,2023-08-07,1970.0,104410.0
1119,2023-08-08,1959.9,142340.0
1120,2023-08-09,1950.6,139260.0
1121,2023-08-10,1948.9,168260.0
1122,2023-08-11,1946.6,122320.0
1123,2023-08-14,1944.0,120980.0
1124,2023-08-15,1935.2,167150.0
1125,2023-08-16,1928.3,128610.0
1126,2023-08-17,1915.2,152330.0
1127,2023-08-18,1916.5,114740.0
1128,2023-08-21,1923.0,138110.0
1129,2023-08-22,1926.0,131090.0
1130,2023-08-23,1948.1,170040.0
1131,2023-08-24,1947.1,137390.0
1132,2023-08-25,1939.9,166990.0
1133,2023-08-28,1946.8,115550.0
1134,2023-08-29,1965.1,174220.0
1135,2023-08-30,1973.0,142380.0
1136,2023-08-31,1965.9,133710.0
1137,2023-09-01,1967.1,160730.0
1138,2023-09-05,1952.6,192790.0
1139,2023-09-06,1944.2,148780.0
1140,2023-09-07,1942.5,117170.0
1141,2023-09-08,1942.7,138690.0
1142,2023-09-11,1947.2,131080.0
1143,2023-09-12,1935.1,161990.0
1144,2023-09-13,1932.5,161000.0
1145,2023-09-14,1932.8,201740.0
1146,2023-09-15,1946.2,199770.0
1147,2023-09-18,1953.4,138030.0
1148,2023-09-19,1953.7,131100.0
1149,2023-09-20,1967.1,220980.0
1150,2023-09-21,1939.6,225910.0
1151,2023-09-22,1945.6,139930.0
1152,2023-09-25,1936.6,164260.0
1153,2023-09-26,1919.8,212260.0
1154,2023-09-27,1890.9,238530.0
1155,2023-09-28,1878.6,231420.0
1156,2023-09-29,1866.1,245130.0
1157,2023-10-02,1847.2,202150.0
1158,2023-10-03,1841.5,216780.0
1159,2023-10-04,1834.8,195050.0
1160,2023-10-05,1831.8,172460.0
1161,2023-10-06,1845.2,231020.0
1162,2023-10-09,1864.3,187800.0
1163,2023-10-10,1875.3,157340.0
1164,2023-10-11,1887.3,169960.0
1165,2023-10-12,1883.0,163480.0
1166,2023-10-13,1941.5,312990.0
1167,2023-10-16,1934.3,182820.0
1168,2023-10-17,1935.7,165060.0
1169,2023-10-18,1968.3,270050.0
1170,2023-10-19,1980.5,264820.0
1171,2023-10-20,1994.4,450.0
1172,2023-10-23,1978.2,450.0
1173,2023-10-24,1976.8,1230.0
1174,2023-10-25,1985.5,160.0
1175,2023-10-26,1987.9,200.0
1176,2023-10-27,1989.0,370.0
1177,2023-10-30,2005.6,181340.0
1178,2023-10-31,1994.3,214780.0
1179,2023-11-01,1987.5,197630.0
1180,2023-11-02,1993.5,158650.0
1181,2023-11-03,1999.2,222190.0
1182,2023-11-06,1988.6,146280.0
1183,2023-11-07,1973.5,218950.0
1184,2023-11-08,1957.8,189360.0
1185,2023-11-09,1969.8,214080.0
1186,2023-11-10,1937.7,229640.0
1187,2023-11-13,1950.2,183700.0
1188,2023-11-14,1966.5,180740.0
1189,2023-11-15,1964.3,142920.0
1190,2023-11-16,1987.3,186810.0
1191,2023-11-17,1984.7,133120.0
1192,2023-11-20,1990.7,310.0
1193,2023-11-21,2012.0,670.0
1194,2023-11-22,2003.4,670.0
1195,2023-11-24,2013.7,520.0
1196,2023-11-27,2023.1,1060.0
1197,2023-11-28,2050.5,1860.0
1198,2023-11-29,2067.1,197790.0
1199,2023-11-30,2057.2,151920.0
1200,2023-12-01,2089.7,241620.0
1201,2023-12-04,2042.2,378220.0
1202,2023-12-05,2036.3,209550.0
1203,2023-12-06,2047.9,154220.0
1204,2023-12-07,2046.4,173980.0
1205,2023-12-08,2014.5,237290.0
1206,2023-12-11,1993.7,160070.0
1207,2023-12-12,1983.9,570.0
1208,2023-12-13,1988.1,2220.0
1209,2023-12-14,2035.2,560.0
1210,2023-12-15,2026.0,630.0
1211,2023-12-18,2030.9,250.0
1212,2023-12-19,2042.6,470.0
1213,2023-12-20,2038.1,260.0
1214,2023-12-21,2041.8,540.0
1215,2023-12-22,2059.6,440.0
1216,2023-12-26,2060.4,290.0
1217,2023-12-27,2083.4,590.0
1218,2023-12-28,2083.5,129540.0
1219,2023-12-29,2071.8,105720.0
1220,2024-01-02,2073.4,157560.0
1221,2024-01-03,2042.8,221680.0
1222,2024-01-04,2050.0,130260.0
1223,2024-01-05,2049.8,214680.0
1224,2024-01-08,2033.5,220990.0
1225,2024-01-09,2033.0,218750.0
1226,2024-01-10,2037.5,130.0
1227,2024-01-11,2028.9,360.0
1228,2024-01-12,2061.1,560.0
1229,2024-01-16,2039.7,480.0
1230,2024-01-17,2015.9,180.0
1231,2024-01-18,2031.1,350.0
1232,2024-01-19,2038.5,300.0
1233,2024-01-22,2031.5,330.0
1234,2024-01-23,2035.2,370.0
1235,2024-01-24,2025.4,800.0
1236,2024-01-25,2027.1,460.0
1237,2024-01-26,2026.6,410.0
1238,2024-01-29,2034.9,1780.0
1239,2024-01-30,2050.9,214590.0
1240,2024-01-31,2067.4,238370.0
1241,2024-02-01,2071.1,260920.00000000003
1242,2024-02-02,2053.7,
