,Date,Bitcoin_Price,Bitcoin_Vol.,Ethereum_Price,Ethereum_Vol.,Natural_Gas_Price,Natural_Gas_Vol.,Crude_oil_Price,Crude_oil_Vol.
0,2019-02-04,3462.8,503920.0,107.9,5020000.0,2.66,116490.0,54.56,622470.0
1,2019-02-05,3468.4,460950.0,107.37,4670000.0,2.662,82250.0,53.66,609760.0
2,2019-02-06,3404.3,514210.00000000006,104.63,6150000.0,2.662,98330.0,54.01,606720.0
3,2019-02-07,3397.7,471360.0,104.55,5050000.0,2.551,211790.0,52.64,749010.0
4,2019-02-08,3661.7,699230.0,119.23,9190000.0,2.583,147880.0,52.72,621000.0
5,2019-02-11,3631.8,517280.0,121.3,6130000.0,2.642,202420.0,52.41,750240.0
6,2019-02-12,3632.0,545820.0,122.64,5740000.0,2.688,169230.0,53.1,708310.0
7,2019-02-13,3611.5,558020.0,122.22,6170000.0,2.575,185480.0,53.9,706550.0
8,2019-02-14,3592.6,498140.0,120.97,5810000.0,2.573,101560.0,54.41,623550.0
9,2019-02-15,3604.7,516210.00000000006,121.73,5690000.0,2.625,98410.0,55.59,276910.0
10,2019-02-19,3914.3,1440000.0,144.01,9900000.0,2.662,151750.0,56.09,153730.0
11,2019-02-20,3972.4,698010.0,149.11,8610000.0,2.636,110140.0,56.92,37680.0
12,2019-02-21,3936.6,668160.0,145.78,7210000.0,2.697,97900.0,56.96,546200.0
13,2019-02-22,3965.2,649550.0,147.97,6790000.0,2.717,35120.0,57.26,513440.00000000006
14,2019-02-25,3833.7,765870.0,138.27,10550000.0,2.836,80150.0,55.48,723010.0
15,2019-02-26,3810.3,2090000.0,136.67,11750000.0,2.855,14320.0,55.5,538920.0
16,2019-02-27,3814.6,2820000.0,135.2,16110000.0,2.799,94050.0,56.94,577230.0
17,2019-02-28,3816.6,2310000.0,135.47,16079999.999999998,2.812,118340.0,57.22,496680.0
18,2019-03-01,3821.9,1740000.0,135.72,9730000.0,2.859,134660.0,55.8,684190.0
19,2019-03-04,3715.9,2850000.0,125.97,14110000.0,2.857,103660.0,56.59,549400.0
20,2019-03-05,3857.2,3820000.0,136.82,16739999.999999998,2.884,103060.0,56.56,538400.0
21,2019-03-06,3863.0,2520000.0,137.62,14700000.0,2.841,119630.0,56.22,637680.0
22,2019-03-07,3875.1,2600000.0,136.93,13290000.0,2.866,117000.0,56.66,628820.0
23,2019-03-08,3865.9,2960000.0,133.85,12380000.0,2.865,85880.0,56.07,747360.0
24,2019-03-11,3870.3,3190000.0,132.99,11170000.0,2.772,136890.0,56.79,597160.0
25,2019-03-12,3886.0,2900000.0,133.8,13030000.0,2.784,90020.0,56.87,652800.0
26,2019-03-13,3865.1,2280000.0,131.97,9590000.0,2.82,101210.0,58.26,610620.0
27,2019-03-14,3879.0,2860000.0,132.45,9790000.0,2.855,85280.0,58.61,567600.0
28,2019-03-15,3924.3,3110000.0,136.75,12550000.0,2.795,82710.0,58.52,507390.0
29,2019-03-18,3990.2,2620000.0,137.92,12870000.0,2.85,102230.0,59.09,157240.0
30,2019-03-19,4017.0,2990000.0,138.72,10840000.0,2.874,109750.0,59.03,114820.0
31,2019-03-20,4041.2,3180000.0,139.31,10460000.0,2.82,114170.0,59.83,31130.0
32,2019-03-21,3982.2,3880000.0,135.11,12950000.0,2.821,83790.0,59.98,655380.0
33,2019-03-22,3990.4,2830000.0,136.42,10180000.0,2.753,92640.0,59.04,738840.0
34,2019-03-25,3937.0,2860000.0,134.25,11490000.0,2.755,49170.0,58.82,705400.0
35,2019-03-26,3942.8,2530000.0,134.37,9470000.0,2.74,37150.0,59.94,685990.0
36,2019-03-27,4041.7,2780000.0,139.65,15470000.0,2.713,9640.0,59.41,732150.0
37,2019-03-28,4025.6,2110000.0,138.15,9520000.0,2.712,78720.0,59.3,712210.0
38,2019-03-29,4102.2,3300000.0,143.38,12090000.0,2.662,115410.0,60.14,705560.0
39,2019-04-01,4145.1,3220000.0,141.5,11850000.0,2.708,129460.0,61.59,670810.0
40,2019-04-02,4859.3,14770000.0,163.47,36030000.0,2.684,106550.0,62.58,793230.0
41,2019-04-03,4968.7,13830000.0,160.34,47660000.0,2.677,96800.0,62.46,799670.0
42,2019-04-04,4902.4,1050000.0,157.43,13550000.0,2.643,123660.0,62.1,684970.0
43,2019-04-05,5010.2,851720.0,164.93,10060000.0,2.664,120320.0,63.08,686860.0
44,2019-04-08,5245.2,928230.0,179.16,14830000.0,2.708,154200.0,64.4,895770.0
45,2019-04-09,5158.4,784620.0,175.09,10820000.0,2.699,117350.0,63.98,790680.0
46,2019-04-10,5307.8,837510.0,177.37,12100000.0,2.7,127470.0,64.61,722220.0
47,2019-04-11,5022.6,943490.0,164.36,11110000.0,2.664,161210.0,63.58,760500.0
48,2019-04-12,5054.2,779140.0,163.47,7120000.0,2.66,88010.0,63.89,625590.0
49,2019-04-15,5032.3,688200.0,160.17,7710000.0,2.59,137630.0,63.4,555860.0
50,2019-04-16,5180.9,631050.0,165.65,7660000.0,2.572,103430.0,64.05,547470.0
51,2019-04-17,5208.3,806520.0,165.9,7560000.0,2.517,144890.0,63.76,235380.0
52,2019-04-18,5264.7,727970.0,173.33,10160000.0,2.49,168000.0,64.0,148240.0
53,2019-04-22,5346.7,920770.0,170.87,8620000.0,2.524,105450.0,65.7,30140.0
54,2019-04-23,5511.6,900000.0,169.95,10170000.0,2.455,119950.0,66.3,700600.0
55,2019-04-24,5415.6,994040.0,165.22,11610000.0,2.462,44970.0,65.89,678390.0
56,2019-04-25,5209.1,955360.0,155.18,10780000.0,2.514,53340.0,65.21,603000.0
57,2019-04-26,5298.3,1030000.0,157.97,11520000.0,2.566,9990.0,63.3,1000000.0
58,2019-04-29,5235.0,775820.0,154.93,10690000.0,2.593,92360.0,63.5,654080.0
59,2019-04-30,5320.8,697420.0,161.8,9570000.0,2.575,94250.0,63.91,750490.0
60,2019-05-01,5384.2,623640.0,160.38,7740000.0,2.62,105390.0,63.6,676870.0
61,2019-05-02,5493.8,722230.0,161.66,8130000.000000001,2.589,120840.0,61.81,914660.0
62,2019-05-03,5766.8,1040000.0,167.86,10230000.0,2.567,89980.0,61.94,646870.0
63,2019-05-06,5745.1,755390.0,173.0,12970000.0,2.524,95210.0,62.25,768810.0
64,2019-05-07,5849.5,955880.0,169.34,15230000.0,2.537,115820.0,61.4,842810.0
65,2019-05-08,5990.3,757130.0,170.77,9750000.0,2.61,167090.0,62.12,791770.0
66,2019-05-09,6191.5,799960.0,170.84,10030000.0,2.595,123680.0,61.7,769580.0
67,2019-05-10,6386.0,907940.0,172.77,12730000.0,2.619,132050.0,61.66,786490.0
68,2019-05-13,7806.0,1200000.0,196.02,14800000.0,2.621,116270.0,61.04,1000000.0
69,2019-05-14,7994.6,1330000.0,217.42,16800000.0,2.659,92880.0,61.78,751670.0
70,2019-05-15,8164.6,1130000.0,248.15,18660000.0,2.601,123120.0,62.02,723000.0
71,2019-05-16,7871.8,1180000.0,264.69,25140000.0,2.639,113110.0,62.87,545680.0
72,2019-05-17,7359.5,1430000.0,244.45,22540000.0,2.631,79760.0,62.76,215800.0
73,2019-05-20,7965.3,958810.0,250.72,12380000.0,2.673,123610.0,63.1,131890.0
74,2019-05-21,7930.3,804880.0,253.76,10240000.0,2.613,144130.0,62.99,28910.0
75,2019-05-22,7635.7,821400.0,244.34,10830000.0,2.543,162720.0,61.42,766730.0
76,2019-05-23,7852.1,815140.0,244.68,13070000.0,2.578,118320.0,57.91,1110000.0
77,2019-05-24,7970.1,868470.0,249.17,10070000.0,2.598,55430.0,58.63,758100.0
78,2019-05-28,8716.3,763200.0,271.18,9350000.0,2.582,47430.0,59.14,1020000.0
79,2019-05-29,8647.8,15430000.0,268.61,22330000.0,2.633,8810.0,58.81,1120000.0
80,2019-05-30,8271.9,1040000.0,254.52,15520000.0,2.547,167470.0,56.59,842280.0
81,2019-05-31,8558.3,858410.0,267.99,11630000.0,2.454,198410.0,53.5,1030000.0
82,2019-06-03,8124.8,739450.0,250.37,9230000.0,2.403,204390.0,53.25,984310.0
83,2019-06-04,7685.5,966950.0,241.26,11390000.0,2.416,132770.0,53.48,831630.0
84,2019-06-05,7779.1,762940.0,245.83,8640000.0,2.378,109980.0,51.68,943190.0
85,2019-06-06,7784.9,651820.0,248.54,7720000.0,2.324,177940.0,52.59,790070.0
86,2019-06-07,7985.2,588870.0,248.98,7410000.0,2.337,154550.0,53.99,828130.0
87,2019-06-10,7987.8,641380.0,246.86,8390000.0,2.357,169930.0,53.26,687150.0
88,2019-06-11,7888.0,579000.0,244.41,6920000.0,2.399,163810.0,53.27,642940.0
89,2019-06-12,8133.1,607890.0,261.54,7890000.0,2.386,148270.0,51.14,786110.0
90,2019-06-13,8219.0,574210.0,254.86,7300000.0,2.325,180140.0,52.28,945020.0
91,2019-06-14,8656.1,643170.0,262.53,6870000.0,2.387,132410.0,52.51,574230.0
92,2019-06-17,9318.8,738800.0,273.0,7410000.0,2.386,120280.0,51.93,397870.0
93,2019-06-18,9080.6,723170.0,264.59,7390000.0,2.328,121400.0,53.9,181640.0
94,2019-06-19,9255.4,587570.0,268.26,6230000.0,2.276,173670.0,53.76,122840.0
95,2019-06-20,9517.0,693620.0,271.43,7040000.0,2.185,210070.0,56.65,27880.0
96,2019-06-21,10179.3,769120.0,294.72,11060000.0,2.186,92240.0,57.43,676050.0
97,2019-06-24,11046.4,566960.0,311.46,7100000.0,2.303,67650.0,57.9,597160.0
98,2019-06-25,11809.9,781090.0,317.65,8510000.0,2.308,55010.0,57.83,673140.0
99,2019-06-26,13063.8,1480000.0,338.54,15730000.0,2.291,6630.0,59.38,686820.0
100,2019-06-27,11287.8,1590000.0,297.55,16129999.999999998,2.324,108700.0,59.43,531410.0
101,2019-06-28,12409.1,1090000.0,310.56,9930000.0,2.308,116430.0,58.47,556100.0
102,2019-07-01,10616.6,1040000.0,294.83,9570000.0,2.267,149170.0,59.09,674890.0
103,2019-07-02,10835.9,1120000.0,291.41,10300000.0,2.24,96730.0,56.25,878940.0
104,2019-07-03,11900.8,998730.0,300.58,7900000.0,2.29,91190.0,57.34,600130.0
105,2019-07-05,10970.2,772670.0,287.15,7800000.0,2.418,237740.0,57.51,698020.0
106,2019-07-08,12252.6,695600.0,312.23,8500000.0,2.403,201730.0,57.66,540860.0
107,2019-07-09,12541.5,847840.0,307.41,9130000.0,2.425,202650.0,57.83,551870.0
108,2019-07-10,12110.6,1110000.0,289.1,12440000.0,2.444,193980.0,60.43,690660.0
109,2019-07-11,11342.3,943130.0,268.72,11360000.0,2.416,213620.0,60.2,573020.0
110,2019-07-12,11762.1,738170.0,274.68,7950000.0,2.453,171930.0,60.21,469030.0
111,2019-07-15,10845.9,956520.0,228.49,14590000.0,2.408,150760.0,59.58,566820.0
112,2019-07-16,9424.8,1050000.0,198.87,14520000.0,2.306,148940.0,57.62,712540.0
113,2019-07-17,9723.2,1030000.0,210.95,13510000.0,2.304,135140.0,56.78,504430.0
114,2019-07-18,10651.4,974490.0,225.23,12650000.0,2.287,173290.0,55.3,215360.0
115,2019-07-19,10571.5,727790.0,220.09,9380000.0,2.251,109060.0,55.63,105220.0
116,2019-07-22,10412.5,591270.0,217.27,8600000.0,2.312,168620.0,56.22,24300.0
117,2019-07-23,9888.7,663380.0,211.87,8700000.0,2.3,106900.0,56.77,521880.0
118,2019-07-24,9804.3,639540.0,215.44,9720000.0,2.22,116590.0,55.88,745250.0
119,2019-07-25,9945.3,545850.0,217.65,8420000.0,2.244,47530.0,56.02,559280.0
120,2019-07-26,9831.0,493750.0,217.83,6960000.0,2.169,45840.0,56.2,476790.0
121,2019-07-29,9580.9,510900.0,209.82,7200000.0,2.141,8760.0,56.87,529740.0
122,2019-07-30,9580.7,511510.0,208.49,7150000.0,2.137,91720.0,58.05,547400.0
123,2019-07-31,10082.0,589840.0,217.23,7510000.0,2.233,221830.0,58.58,614000.0
124,2019-08-01,10380.0,608370.0,216.37,7090000.0,2.202,251300.0,53.95,886750.0
125,2019-08-02,10520.1,578290.0,216.54,7560000.0,2.121,206340.0,55.66,739810.0
126,2019-08-05,11816.8,769630.0,232.45,9790000.0,2.07,179230.0,54.69,823840.0
127,2019-08-06,11480.9,807580.0,225.63,9350000.0,2.111,142250.0,53.63,682790.0
128,2019-08-07,12013.9,702850.0,224.66,7900000.0,2.083,203420.0,51.09,1060000.0
129,2019-08-08,12191.6,592150.0,220.16,7540000.0,2.128,191130.0,52.54,724760.0
130,2019-08-09,12089.8,558720.0,209.49,9660000.0,2.119,171910.0,54.5,726390.0
131,2019-08-12,11394.2,391080.0,210.45,7940000.0,2.105,167910.0,54.93,611030.0
132,2019-08-13,10892.9,540780.0,207.68,18290000.0,2.147,199870.0,57.1,783490.0
133,2019-08-14,10049.4,745590.0,186.56,12460000.0,2.143,127370.0,55.23,718290.0
134,2019-08-15,10303.4,930050.0,187.8,14030000.0,2.232,206770.0,54.47,527870.0
135,2019-08-16,10335.6,798670.0,184.55,11330000.0,2.2,111990.0,54.87,168350.0
136,2019-08-19,10910.7,519010.0,201.64,8140000.000000001,2.21,144760.0,56.21,113570.0
137,2019-08-20,10752.6,515470.0,196.14,10010000.0,2.218,107840.0,56.34,47450.0
138,2019-08-21,10141.5,717650.0,187.24,12980000.0,2.17,193530.0,55.68,704040.0
139,2019-08-22,10105.0,520750.0,190.29,9970000.0,2.159,113110.0,55.35,621570.0
140,2019-08-23,10388.7,436260.0,193.43,8560000.0,2.152,81620.0,54.17,807150.0
141,2019-08-26,10371.8,568770.0,188.34,9020000.0,2.23,52780.0,53.64,679020.0
142,2019-08-27,10184.8,419810.0,186.58,7190000.0,2.202,63220.0,54.93,596620.0
143,2019-08-28,9729.4,580290.0,172.85,9720000.0,2.251,8660.0,55.78,674050.0
144,2019-08-29,9491.0,509130.0,168.66,9550000.0,2.296,200410.0,56.71,630760.0
145,2019-08-30,9585.4,413920.0,168.16,7490000.0,2.285,124710.0,55.1,708270.0
146,2019-09-03,10612.3,578790.0,178.81,9030000.0,2.358,221620.0,53.94,970800.0
147,2019-09-04,10568.2,504450.0,174.79,7550000.0,2.445,218510.0,56.26,682300.0
148,2019-09-05,10566.9,402090.0,173.83,7400000.0,2.435,229800.0,56.3,712470.0
149,2019-09-06,10309.3,643020.0,169.15,9980000.0,2.496,201590.0,56.52,714290.0
150,2019-09-09,10309.0,473760.0,180.65,9640000.0,2.585,276720.0,57.85,646990.0
151,2019-09-10,10105.4,383220.0,180.05,8270000.0,2.58,259970.00000000003,57.4,755470.0
152,2019-09-11,10162.5,413060.0,178.47,10660000.0,2.552,211020.0,55.75,858770.0
153,2019-09-12,10415.1,413220.0,180.87,7190000.0,2.574,218450.0,55.09,845980.0
154,2019-09-13,10342.1,365520.0,181.11,7680000.0,2.614,184460.0,54.85,599470.0
155,2019-09-16,10255.5,372530.0,197.32,10010000.0,2.681,197190.0,62.9,1400000.0
156,2019-09-17,10195.7,321640.0,207.77,11690000.0,2.668,180760.0,59.34,993240.0
157,2019-09-18,10164.7,318820.0,210.43,9780000.0,2.637,157920.0,58.11,216960.0
158,2019-09-19,10250.5,542250.0,220.21,12420000.0,2.538,199310.0,58.13,112330.0
159,2019-09-20,10172.7,362070.0,218.0,9100000.0,2.534,130290.0,58.09,37980.0
160,2019-09-23,9702.2,431100.0,201.18,9650000.0,2.527,114580.0,58.64,526790.0
161,2019-09-24,8513.9,933160.0,166.29,19020000.0,2.503,56840.0,57.29,591530.0
162,2019-09-25,8432.4,696110.0,168.92,13880000.0,2.502,60510.0,56.49,563550.0
163,2019-09-26,8063.8,731030.0,164.56,11970000.0,2.428,10410.0,56.41,599650.0
164,2019-09-27,8184.9,561400.0,173.19,10940000.0,2.404,132790.0,55.91,712970.0
165,2019-09-30,8284.3,600260.0,180.35,11930000.0,2.33,173790.0,54.07,532520.0
166,2019-10-01,8302.7,533950.0,175.78,11880000.0,2.283,232340.0,53.62,589180.0
167,2019-10-02,8364.1,405860.0,180.27,8470000.0,2.247,165880.0,52.64,590310.0
168,2019-10-03,8226.9,460970.0,174.54,8890000.0,2.329,275740.0,52.45,642470.0
169,2019-10-04,8148.1,416920.0,175.65,8440000.0,2.352,204660.0,52.81,541100.0
170,2019-10-07,8198.6,604740.0,179.87,10950000.0,2.303,207410.0,52.75,549020.0
171,2019-10-08,8182.9,469040.0,180.78,10260000.0,2.288,182130.0,52.63,658320.0
172,2019-10-09,8566.7,636430.0,192.64,12430000.0,2.234,197120.0,52.59,632670.0
173,2019-10-10,8562.3,511460.0,191.1,10420000.0,2.218,216640.0,53.55,613940.0
174,2019-10-11,8267.8,667860.0,180.6,13310000.0,2.214,264180.0,54.7,741700.0
175,2019-10-14,8353.3,505020.0,186.63,9910000.0,2.28,171690.0,53.59,467640.0
176,2019-10-15,8167.2,469730.0,180.59,11450000.0,2.339,177880.0,52.81,511250.0
177,2019-10-16,8000.4,538920.0,174.53,12280000.0,2.303,191280.0,53.36,451640.0
178,2019-10-17,8073.3,444950.0,177.31,9450000.0,2.318,159780.0,53.93,418420.0
179,2019-10-18,7948.5,505790.0,172.81,11270000.0,2.32,150020.0,53.78,174480.0
180,2019-10-21,8208.2,489400.0,174.18,9240000.0,2.238,215760.0,53.31,95980.0
181,2019-10-22,8031.4,570390.0,171.42,9860000.0,2.272,234960.0,54.16,33920.0
182,2019-10-23,7477.0,892080.0,162.28,16000000.0,2.282,146420.0,55.97,620200.0
183,2019-10-24,7422.7,586490.0,160.73,11360000.0,2.316,125650.0,56.23,480760.0
184,2019-10-25,8658.3,1180000.0,181.49,16190000.000000002,2.3,63900.0,56.66,445020.0
185,2019-10-28,9207.2,1040000.0,181.67,12750000.0,2.446,80630.0,55.81,437020.0
186,2019-10-29,9411.3,918480.0,190.45,14030000.0,2.597,8450.0,55.54,521460.00000000006
187,2019-10-30,9157.9,789730.0,183.25,13670000.0,2.691,214550.0,55.06,659330.0
188,2019-10-31,9152.6,798930.0,182.37,12940000.0,2.633,222320.0,54.18,677420.0
189,2019-11-01,9230.1,689650.0,183.12,10780000.0,2.714,239450.0,56.2,538120.0
190,2019-11-04,9396.4,681010.0,185.85,11890000.0,2.821,255670.0,56.54,580350.0
191,2019-11-05,9310.8,653420.0,188.67,11780000.0,2.862,218500.0,57.23,435320.0
192,2019-11-06,9338.9,578030.0,191.28,11720000.0,2.828,189260.0,56.35,623260.0
193,2019-11-07,9223.5,603540.0,186.94,11490000.0,2.772,301600.0,57.15,678170.0
194,2019-11-08,8778.2,791790.0,184.03,11710000.0,2.789,175960.0,57.24,636940.0
195,2019-11-11,8736.9,601160.0,185.09,10260000.0,2.637,250310.0,56.86,498980.0
196,2019-11-12,8812.6,575160.0,186.99,9350000.0,2.621,199640.0,56.8,586570.0
197,2019-11-13,8783.1,454330.0,188.36,7770000.0,2.6,206270.0,57.12,547640.0
198,2019-11-14,8661.2,515430.0,185.25,9570000.0,2.647,223570.0,56.77,516830.00000000006
199,2019-11-15,8476.3,653710.0,180.19,11860000.0,2.688,173530.0,57.72,375990.0
200,2019-11-18,8208.4,692600.0,178.5,9570000.0,2.566,186990.0,57.05,159330.0
201,2019-11-19,8145.7,654270.0,176.09,9110000.0,2.51,205950.0,55.21,121210.0
202,2019-11-20,8099.3,607270.0,174.96,8390000.0,2.559,146060.0,57.11,31920.0
203,2019-11-21,7627.9,891500.0,161.46,13360000.0,2.567,131310.0,58.58,593530.0
204,2019-11-22,7272.5,1410000.0,149.8,21120000.0,2.665,84150.0,57.77,508240.0
205,2019-11-25,7115.6,1290000.0,145.9,17980000.0,2.531,70300.0,58.01,420640.0
206,2019-11-26,7162.8,844270.0,147.61,10840000.0,2.47,12000.0,58.41,443820.0
207,2019-11-27,7510.6,996490.0,152.7,13340000.0,2.501,145160.0,58.11,454260.0
208,2019-11-29,7742.7,766710.0,154.55,10490000.0,2.281,244120.0,55.17,718720.0
209,2019-12-02,7298.2,687780.0,148.89,9180000.0,2.329,219040.0,55.96,616420.0
210,2019-12-03,7291.8,548770.0,147.82,8730000.0,2.441,307310.0,56.1,560550.0
211,2019-12-04,7204.4,971750.0,145.79,12850000.0,2.399,195330.0,58.43,760540.0
212,2019-12-05,7399.2,780780.0,148.69,9990000.0,2.427,179530.0,58.43,649460.0
213,2019-12-06,7530.8,706100.0,148.89,8770000.0,2.334,251410.0,59.2,679610.0
214,2019-12-09,7355.8,648660.0,147.88,9670000.0,2.232,322560.0,59.02,511560.0
215,2019-12-10,7235.7,609500.0,145.86,11120000.0,2.264,270890.0,59.24,566820.0
216,2019-12-11,7208.0,518400.0,143.51,10930000.0,2.243,220220.0,58.76,589650.0
217,2019-12-12,7208.0,611800.0,145.03,12230000.0,2.328,258900.0,59.18,530850.0
218,2019-12-13,7255.2,503490.0,144.96,10950000.0,2.296,170400.0,60.07,512290.0
219,2019-12-16,6903.5,689560.0,132.78,17600000.0,2.341,163030.0,60.21,347400.0
220,2019-12-17,6613.3,894550.0,122.06,17040000.0,2.319,162320.0,60.94,163740.0
221,2019-12-18,7276.0,1140000.0,132.92,20230000.0,2.286,186140.0,60.93,131070.0
222,2019-12-19,7165.5,778720.0,128.42,14220000.0,2.273,231820.0,61.22,35460.0
223,2019-12-20,7196.4,627040.0,128.7,12290000.0,2.328,153380.0,60.44,552520.0
224,2019-12-23,7322.8,952160.0,128.08,14730000.0,2.214,127890.0,60.52,314710.0
225,2019-12-24,7268.3,785540.0,128.05,11440000.0,2.172,49760.0,61.11,204540.0
226,2019-12-26,7210.9,795090.0,125.93,15550000.0,2.294,53810.0,61.68,265090.0
227,2019-12-27,7261.7,718070.0,126.41,12250000.0,2.158,8620.0,61.72,351900.0
228,2019-12-30,7261.8,606110.0,131.83,12470000.0,2.186,124330.0,61.68,427150.0
229,2019-12-31,7196.4,586600.0,129.21,12890000.0,2.189,116890.0,61.06,494540.0
230,2020-01-02,6967.0,632780.0,127.19,11450000.0,2.122,164570.0,61.18,486870.0
231,2020-01-03,7343.1,936290.0,134.27,15670000.0,2.13,144670.0,63.05,885860.0
232,2020-01-06,7759.1,786750.0,144.08,14360000.0,2.135,154680.0,63.27,724240.0
233,2020-01-07,8155.7,1010000.0,143.04,13580000.0,2.162,163010.0,62.7,582650.0
234,2020-01-08,8059.6,1190000.0,140.81,13710000.0,2.141,242560.0,59.61,1210000.0
235,2020-01-09,7842.4,786500.0,137.92,11380000.0,2.166,230030.0,59.56,750930.0
236,2020-01-10,8187.1,1050000.0,144.81,13370000.0,2.202,282650.0,59.04,596190.0
237,2020-01-13,8111.4,610660.0,143.6,10260000.0,2.182,232950.0,58.08,584000.0
238,2020-01-14,8829.2,1480000.0,166.07,22850000.0,2.187,281850.0,58.23,507710.0
239,2020-01-15,8818.3,1170000.0,166.45,16660000.0,2.12,218920.0,57.81,433170.0
240,2020-01-16,8726.9,748320.0,164.36,16239999.999999998,2.077,206420.0,58.52,182870.0
241,2020-01-17,8913.1,794110.0,170.22,18570000.0,2.003,213280.0,58.54,122560.0
242,2020-01-21,8732.6,540200.0,169.41,11520000.0,1.895,255720.0,58.34,50180.0
243,2020-01-22,8678.5,509060.0,168.13,11300000.0,1.905,240000.0,56.74,620120.0
244,2020-01-23,8405.1,722670.0,162.8,14860000.0,1.926,179790.0,55.59,704000.0
245,2020-01-24,8439.9,617020.0,162.55,14880000.0,1.893,142190.0,54.19,586200.0
246,2020-01-27,8866.6,706450.0,170.27,12540000.0,1.902,72170.0,53.14,712880.0
247,2020-01-28,9377.3,954200.0,175.74,12630000.0,1.934,59300.0,53.48,633960.0
248,2020-01-29,9298.9,749880.0,173.86,11270000.0,1.877,10050.0,53.33,624980.0
249,2020-01-30,9507.3,765210.0,184.59,13020000.0,1.829,219700.0,52.14,720120.0
250,2020-01-31,9349.1,633370.0,179.91,11770000.0,1.841,135680.0,51.56,827910.0
251,2020-02-03,9296.6,701390.0,189.79,11950000.0,1.819,163790.0,50.11,876040.0
252,2020-02-04,9193.9,651680.0,188.93,11560000.0,1.872,184040.0,49.61,859360.0
253,2020-02-05,9611.8,771460.0,203.83,14670000.0,1.861,195460.0,50.75,887950.0
254,2020-02-06,9772.0,778670.0,213.16,16440000.000000002,1.862,186210.0,50.95,750660.0
255,2020-02-07,9818.6,608960.0,223.51,16730000.0,1.858,272130.0,50.32,768350.0
256,2020-02-10,9854.1,781220.0,222.95,16500000.0,1.766,337230.0,49.57,715890.0
257,2020-02-11,10229.5,791280.0,236.76,17390000.0,1.788,278430.0,49.94,725730.0
258,2020-02-12,10317.7,803250.0,265.58,23790000.0,1.844,303310.0,51.17,795260.0
259,2020-02-13,10235.1,940300.0,268.75,25050000.0,1.826,280380.0,51.42,745400.0
260,2020-02-14,10333.0,732510.0,285.25,19990000.0,1.837,188950.0,52.05,607340.0
261,2020-02-18,10158.4,945910.0,282.26,24150000.0,1.981,322720.0,52.05,221770.0
262,2020-02-19,9609.4,905950.0,259.12,20760000.0,1.955,269980.0,53.29,113680.0
263,2020-02-20,9602.4,870800.0,257.39,22070000.0,1.92,266250.0,53.78,30670.0
264,2020-02-21,9684.5,716610.0,265.11,17460000.0,1.905,146810.0,53.38,707560.0
265,2020-02-24,9662.7,980000.0,265.65,19960000.0,1.827,75200.0,51.43,765520.0
266,2020-02-25,9317.2,937970.0,246.96,20310000.0,1.847,70530.0,49.9,764990.0
267,2020-02-26,8800.3,1320000.0,224.3,29550000.0,1.821,7700.0,48.73,884480.0
268,2020-02-27,8818.6,1130000.0,227.53,28830000.0,1.752,276100.0,47.09,1010000.0
269,2020-02-28,8697.5,1080000.0,226.93,24110000.0,1.684,218420.0,44.76,1100000.0
270,2020-03-02,8904.8,1020000.0,231.87,18120000.0,1.756,197990.0,46.75,949470.0
271,2020-03-03,8761.4,1010000.0,223.94,18480000.0,1.8,207500.0,47.18,1010000.0
272,2020-03-04,8757.9,759690.0,224.38,14650000.0,1.827,138210.0,46.78,745860.0
273,2020-03-05,9060.3,950760.0,228.45,17820000.0,1.772,152640.0,45.9,704590.0
274,2020-03-06,9134.8,1040000.0,244.9,17740000.0,1.708,213510.0,41.28,1280000.0
275,2020-03-09,7933.0,1540000.0,202.85,30270000.0,1.778,291350.0,31.13,1770000.0
276,2020-03-10,7891.2,1200000.0,200.56,21870000.0,1.936,350200.0,34.36,1060000.0
277,2020-03-11,7935.1,1100000.0,194.58,21260000.0,1.878,318550.0,32.98,874650.0
278,2020-03-12,4826.0,3220000.0,107.9,53510000.0,1.841,280150.0,31.5,1030000.0
279,2020-03-13,5584.3,4170000.0,133.99,60700000.0,1.869,222420.0,31.73,743130.0
280,2020-03-16,5030.0,2550000.0,111.02,40250000.0,1.815,167170.0,28.7,698830.0
281,2020-03-17,5261.1,1890000.0,116.06,27090000.0,1.729,163790.0,26.95,545820.0
282,2020-03-18,5361.4,1800000.0,117.77,25800000.0,1.604,216850.0,20.37,309480.0
283,2020-03-19,6172.0,2180000.0,135.43,33780000.0,1.654,189480.0,25.22,136720.0
284,2020-03-20,6205.3,2220000.0,133.32,38740000.0,1.604,160480.0,22.43,29760.0
285,2020-03-23,6468.9,1880000.0,136.02,28620000.0,1.602,138580.0,23.36,852950.0
286,2020-03-24,6744.6,1730000.0,138.62,27100000.0,1.653,92340.0,24.01,659700.0
287,2020-03-25,6678.9,1520000.0,136.07,24150000.0,1.659,42560.0,24.49,618730.0
288,2020-03-26,6725.1,1180000.0,138.38,17710000.0,1.637,48030.0,22.6,633880.0
289,2020-03-27,6373.4,1160000.0,131.74,18180000.0,1.634,6320.0,21.51,603120.0
290,2020-03-30,6391.0,1430000.0,132.15,20710000.0,1.69,102310.0,20.09,758710.0
291,2020-03-31,6412.5,1050000.0,132.86,17300000.0,1.64,142550.0,20.48,660080.0
292,2020-04-01,6638.5,1400000.0,135.66,19450000.0,1.587,143670.0,20.31,703290.0
293,2020-04-02,6800.5,1740000.0,141.3,29420000.0,1.552,165320.0,25.32,1100000.0
294,2020-04-03,6735.9,1350000.0,141.14,23340000.0,1.621,155160.0,28.34,1010000.0
295,2020-04-06,7332.3,1530000.0,171.06,37890000.0,1.731,187960.0,26.08,752710.0
296,2020-04-07,7185.2,1320000.0,164.71,35790000.0,1.852,261930.0,23.63,797710.0
297,2020-04-08,7361.2,983940.0,173.0,24310000.0,1.783,227400.0,25.09,823550.0
298,2020-04-09,7289.0,963550.0,169.68,20660000.0,1.733,202180.0,22.76,1120000.0
299,2020-04-13,6841.3,1250000.0,156.38,25300000.0,1.724,196130.0,22.41,775120.0
300,2020-04-14,6850.9,999530.0,158.45,21200000.0,1.65,198540.0,20.11,785480.0
301,2020-04-15,6629.1,1000000.0,152.9,20700000.0,1.598,152700.0,19.87,544800.0
302,2020-04-16,7085.6,1540000.0,172.31,32990000.000000004,1.686,235590.0,19.87,350940.0
303,2020-04-17,7035.8,810100.0,170.63,20050000.0,1.753,196980.0,18.27,240630.0
304,2020-04-20,6833.5,1260000.0,170.4,33680000.0,1.924,229820.0,0.0,247950.0
305,2020-04-21,6842.5,892570.0,170.79,23630000.0,1.821,283420.0,10.01,18440.0
306,2020-04-22,7112.9,914180.0,182.72,23810000.0,1.939,162990.0,13.78,1240000.0
307,2020-04-23,7488.5,1340000.0,185.46,28730000.0,1.815,93520.0,16.5,833580.0
308,2020-04-24,7503.8,951950.0,187.58,19840000.0,1.746,77810.0,16.94,600220.0
309,2020-04-27,7766.0,980500.0,196.14,23330000.0,1.819,67070.0,12.78,623200.0
310,2020-04-28,7746.9,808090.0,196.55,21810000.0,1.794,3600.0,12.34,897090.0
311,2020-04-29,8770.9,1830000.0,215.4,32870000.0,1.869,159450.0,15.06,554130.0
312,2020-04-30,8629.0,2040000.0,206.22,35460000.0,1.949,169440.0,18.84,545340.0
313,2020-05-01,8821.6,1110000.0,212.0,23080000.0,1.89,181680.0,19.78,403200.0
314,2020-05-04,8874.7,1120000.0,206.61,27210000.0,1.993,187910.0,20.39,311490.0
315,2020-05-05,9001.0,1050000.0,205.36,21050000.0,2.134,307830.0,24.56,387240.0
316,2020-05-06,9151.4,1620000.0,199.04,24030000.0,1.944,265470.0,23.99,381170.0
317,2020-05-07,9979.8,1910000.0,212.0,26710000.0,1.894,228870.0,23.55,310260.0
318,2020-05-08,9806.2,1420000.0,211.45,23080000.0,1.823,188400.0,24.74,205180.0
319,2020-05-11,8579.8,2290000.0,185.96,26740000.0,1.826,224970.0,24.14,179590.0
320,2020-05-12,8813.8,1350000.0,189.84,15580000.0,1.72,228490.0,25.78,212340.0
321,2020-05-13,9298.7,1500000.0,199.58,17470000.0,1.616,254680.0,25.29,150860.0
322,2020-05-14,9778.4,1770000.0,203.3,20750000.0,1.681,206530.0,27.56,160510.0
323,2020-05-15,9318.0,1560000.0,194.85,16620000.000000002,1.646,169710.0,29.43,108020.0
324,2020-05-18,9730.7,1180000.0,214.87,17730000.0,1.783,224940.0,31.82,89380.0
325,2020-05-19,9773.3,1160000.0,214.51,13960000.0,1.83,241440.0,32.5,36070.0
326,2020-05-20,9512.3,1150000.0,209.99,12190000.0,1.771,158340.0,33.49,406430.0
327,2020-05-21,9059.0,1410000.0,198.75,14360000.0,1.71,99420.0,33.92,372810.0
328,2020-05-22,9169.7,914590.0,207.35,12130000.0,1.731,53710.0,33.25,429040.0
329,2020-05-27,9199.1,810890.0,208.18,10280000.0,1.722,2990.0,32.81,415250.0
330,2020-05-28,9572.2,948860.0,220.18,12510000.0,1.827,160770.0,33.71,440170.0
331,2020-05-29,9424.8,814330.0,220.66,12360000.0,1.849,221370.0,35.49,443650.0
332,2020-06-01,10189.3,796680.0,247.97,11970000.0,1.774,205240.0,35.44,385710.0
333,2020-06-02,9527.6,1060000.0,237.94,12690000.0,1.777,142960.0,36.81,343480.0
334,2020-06-03,9667.2,558120.0,244.52,8150000.0,1.821,200600.0,37.29,494250.0
335,2020-06-04,9794.4,593660.0,243.37,8750000.0,1.822,114330.0,37.41,307610.0
336,2020-06-05,9631.2,527050.0,240.23,7750000.0,1.782,207230.0,39.55,396860.0
337,2020-06-08,9777.9,431040.0,246.18,6550000.0,1.789,206090.0,38.19,416640.0
338,2020-06-09,9768.8,479550.0,243.82,6860000.0,1.767,207730.0,38.94,396030.0
339,2020-06-10,9878.8,533550.0,247.78,7630000.0,1.78,203930.0,39.6,385870.0
340,2020-06-11,9283.2,919300.0,230.71,12400000.0,1.813,213620.0,36.34,513910.0
341,2020-06-12,9466.6,529280.0,237.54,7340000.0,1.731,148100.0,36.26,406510.0
342,2020-06-15,9425.4,750900.0,230.93,10180000.0,1.669,191890.0,37.12,387550.0
343,2020-06-16,9523.5,545470.0,235.36,7030000.0,1.614,167100.0,38.38,366320.0
344,2020-06-17,9464.6,446450.0,233.88,5940000.0,1.638,150270.0,37.96,239520.0
345,2020-06-18,9388.1,391670.0,231.34,4960000.0,1.638,124790.0,38.84,113380.0
346,2020-06-19,9314.0,478490.0,229.11,5560000.0,1.669,123840.0,39.75,64110.0
347,2020-06-22,9683.7,523320.00000000006,243.25,7930000.0,1.664,121430.0,40.46,29890.0
348,2020-06-23,9624.6,375490.0,243.2,5160000.0,1.637,85190.0,40.37,368730.0
349,2020-06-24,9302.0,515780.0,234.75,9130000.0,1.597,43230.0,38.01,499490.0
350,2020-06-25,9247.5,524450.0,232.56,6480000.0,1.482,62680.0,38.72,451640.0
351,2020-06-26,9160.0,489840.0,229.67,6960000.0,1.495,7250.0,38.49,356710.0
352,2020-06-29,9185.4,401120.0,227.87,6800000.0,1.709,273250.0,39.7,343910.0
353,2020-06-30,9135.4,381730.0,225.63,5600000.0,1.751,186910.0,39.27,370060.0
354,2020-07-01,9229.9,366780.0,230.95,6310000.0,1.671,173540.0,39.82,407170.0
355,2020-07-02,9085.1,483100.0,226.42,7280000.0,1.734,142220.0,40.65,347100.0
356,2020-07-07,9256.0,420550.0,239.25,6260000.0,1.876,203760.0,40.62,256600.00000000003
357,2020-07-08,9429.9,509940.0,246.99,12980000.0,1.824,187550.0,40.9,286740.0
358,2020-07-09,9235.7,444270.0,242.02,9020000.0,1.779,179260.0,39.62,367390.0
359,2020-07-10,9285.1,418470.0,241.26,6840000.0,1.805,166220.0,40.55,393150.0
360,2020-07-13,9243.6,456870.0,239.73,8320000.0,1.739,158850.0,40.1,370720.0
361,2020-07-14,9253.4,453830.0,240.5,7070000.0,1.746,138350.0,40.29,426970.0
362,2020-07-15,9198.7,429840.0,238.62,7350000.0,1.778,93860.0,41.2,352540.0
363,2020-07-16,9135.3,429040.0,233.65,6630000.0,1.723,136970.0,40.75,200100.0
364,2020-07-17,9155.8,310920.0,232.75,5880000.0,1.718,110720.0,40.59,88220.0
365,2020-07-20,9162.4,312980.0,236.1,5360000.0,1.641,165620.0,40.81,60180.0
366,2020-07-21,9387.3,458990.0,245.53,6290000.0,1.675,131340.0,41.96,25620.0
367,2020-07-22,9513.7,386000.0,263.28,6680000.0,1.681,118420.0,41.9,333650.0
368,2020-07-23,9599.6,425660.0,275.34,8790000.0,1.785,122590.0,41.07,389410.0
369,2020-07-24,9546.4,359160.0,279.33,7170000.0,1.808,71800.0,41.29,353160.0
370,2020-07-27,11022.8,908990.0,321.8,13730000.0,1.734,37480.0,41.6,377710.0
371,2020-07-28,10908.5,658370.0,316.96,9910000.0,1.8,32530.0,41.04,276800.0
372,2020-07-29,11105.9,576830.0,317.82,8720000.0,1.854,4060.0,41.27,295860.0
373,2020-07-30,11096.2,501140.0,334.87,9070000.0,1.829,165710.0,39.92,487330.0
374,2020-07-31,11333.4,530950.0,346.51,8690000.0,1.799,112250.0,40.27,318790.0
375,2020-08-03,11224.4,470240.0,385.8,9920000.0,2.101,381970.0,41.01,338330.0
376,2020-08-04,11184.7,485790.0,389.62,9840000.0,2.193,230890.0,41.7,451580.0
377,2020-08-05,11735.1,570830.0,400.79,8740000.0,2.191,182430.0,42.19,491270.0
378,2020-08-06,11757.1,554850.0,394.83,7920000.0,2.165,161990.0,41.95,359610.0
379,2020-08-07,11592.0,517000.0,379.57,8340000.0,2.238,206250.0,41.22,399000.0
380,2020-08-10,11889.2,564110.0,395.53,8010000.0,2.153,207910.0,41.94,367800.0
381,2020-08-11,11390.4,615900.0,379.01,9440000.0,2.171,166070.0,41.61,432840.0
382,2020-08-12,11557.2,549590.0,387.12,8590000.0,2.152,175920.0,42.67,397830.0
383,2020-08-13,11770.9,545670.0,424.31,12040000.0,2.182,173310.0,42.24,329510.0
384,2020-08-14,11750.8,435440.0,438.03,8670000.0,2.356,229930.0,42.01,310870.0
385,2020-08-17,12282.6,628410.0,430.56,7830000.0,2.339,143940.0,42.89,208430.0
386,2020-08-18,11947.6,606790.0,422.16,8180000.0,2.417,141590.0,42.89,111630.0
387,2020-08-19,11750.2,550260.0,407.44,8440000.0,2.426,112840.0,42.93,81300.0
388,2020-08-20,11856.9,430930.0,416.05,6230000.0,2.352,146660.0,42.58,27430.0
389,2020-08-21,11529.2,506380.0,387.99,7620000.0,2.448,134960.0,42.34,345370.0
390,2020-08-24,11753.5,429130.0,407.7,6690000.0,2.513,101300.0,42.62,294730.0
391,2020-08-25,11324.8,594070.0,383.2,8279999.999999999,2.489,43870.0,43.35,330800.0
392,2020-08-26,11462.3,513060.0,385.96,6690000.0,2.461,37630.0,43.39,262240.0
393,2020-08-27,11327.4,560590.0,383.11,7030000.0,2.579,2600.0,43.04,320970.0
394,2020-08-28,11527.4,464940.0,395.11,6160000.0,2.657,152900.0,42.97,272800.0
395,2020-08-31,11644.2,496140.0,433.9,7890000.0,2.63,203890.0,42.61,236880.0
396,2020-09-01,11914.9,580690.0,475.8,10420000.0,2.527,228380.0,42.76,285150.0
397,2020-09-02,11413.3,20260000.0,439.08,30140000.0,2.486,257130.0,41.51,421770.0
398,2020-09-03,10168.8,9650000.0,381.97,33590000.0,2.487,146080.0,41.37,417630.0
399,2020-09-04,10472.5,12500000.0,385.94,25200000.0,2.588,165240.0,39.77,444180.0
400,2020-09-09,10224.6,71370.0,351.1,14070000.0,2.406,201390.0,38.05,455360.0
401,2020-09-10,10339.7,88010.0,367.92,16500000.0,2.323,139970.0,37.3,367560.0
402,2020-09-11,10390.2,62280.0,373.72,12530000.0,2.269,123020.0,37.33,363790.0
403,2020-09-14,10675.3,96640.0,376.7,10340000.0,2.31,151170.0,37.26,347560.0
404,2020-09-15,10785.3,91700.0,364.01,9060000.0,2.362,114510.0,38.28,348860.0
405,2020-09-16,10949.5,94940.0,364.88,9060000.0,2.267,119390.0,40.16,367610.0
406,2020-09-17,10941.3,77220.0,388.97,12850000.0,2.042,238360.0,40.97,280670.0
407,2020-09-18,10933.0,63480.0,384.2,8950000.0,2.048,146580.0,41.11,73760.0
408,2020-09-21,10416.8,109850.0,341.3,11410000.0,1.835,256630.0,39.31,66200.0
409,2020-09-22,10531.5,63520.0,344.03,9290000.0,1.834,102270.0,39.6,23220.0
410,2020-09-23,10237.3,74950.0,319.95,13880000.0,2.125,100580.0,39.93,318750.0
411,2020-09-24,10739.4,82950.0,349.17,9400000.0,2.248,60480.0,40.31,269990.0
412,2020-09-25,10688.8,71430.0,351.63,8470000.0,2.139,40390.0,40.25,229030.0
413,2020-09-28,10693.2,72290.0,354.08,7770000.0,2.101,3360.0,40.6,226430.0
414,2020-09-29,10840.9,59640.0,359.86,6260000.0,2.561,196450.0,39.29,379600.0
415,2020-09-30,10776.1,55550.0,359.39,5430000.0,2.527,145930.0,40.22,340290.0
416,2020-10-01,10620.5,95330.0,353.07,7930000.0,2.527,155890.0,38.72,443440.0
417,2020-10-02,10572.3,77940.0,345.68,7270000.0,2.438,163730.0,37.05,391430.0
418,2020-10-05,10789.5,48860.0,353.28,4960000.0,2.615,195410.0,39.22,378580.0
419,2020-10-06,10602.6,69070.0,340.61,7320000.0,2.52,149530.0,40.67,400530.0
420,2020-10-07,10670.9,49270.0,341.48,5770000.0,2.606,211070.0,39.95,433070.0
421,2020-10-08,10924.1,79780.0,350.83,6850000.0,2.627,198490.0,41.19,409790.0
422,2020-10-09,11054.2,70950.0,365.28,7850000.0,2.741,207340.0,40.6,331700.0
423,2020-10-12,11533.9,84020.0,386.68,10390000.0,2.881,179700.0,39.43,322040.0
424,2020-10-13,11423.8,64670.0,381.23,7920000.0,2.855,178430.0,40.2,375470.0
425,2020-10-14,11420.4,59120.0,379.15,8080000.0,2.636,184590.0,41.04,328300.0
426,2020-10-15,11503.0,70840.0,377.45,7930000.0,2.775,150330.0,40.96,248250.0
427,2020-10-16,11322.0,71420.0,365.17,7590000.0,2.773,146430.0,40.88,96490.0
428,2020-10-19,11753.4,73040.0,379.19,6850000.0,2.795,150450.0,40.83,75340.0
429,2020-10-20,11913.5,94590.0,368.35,7460000.0,2.913,119810.0,41.46,24520.0
430,2020-10-21,12808.7,197720.0,391.2,13610000.0,3.023,154370.0,40.03,366900.0
431,2020-10-22,12974.6,113310.0,414.05,12650000.0,3.007,93190.0,40.64,307490.0
432,2020-10-23,12934.1,73940.0,408.52,8180000.0,2.971,73250.0,39.85,268930.0
433,2020-10-26,13061.6,89470.0,394.11,9060000.0,3.024,35710.0,38.56,360180.0
434,2020-10-27,13657.8,128640.0,403.15,6290000.0,3.019,57590.0,39.57,339540.0
435,2020-10-28,13278.9,144180.0,388.14,9960000.0,2.996,4960.0,37.39,489950.0
436,2020-10-29,13457.2,111230.0,386.76,3040000.0,3.301,168760.0,36.17,568820.0
437,2020-10-30,13559.9,108770.0,382.41,2810000.0,3.354,146430.0,35.79,388970.0
438,2020-11-02,13561.4,97760.0,383.53,9430000.0,3.244,156210.0,36.81,489200.0
439,2020-11-03,14019.9,108170.0,387.92,6730000.0,3.059,184780.0,37.66,410610.0
440,2020-11-04,14145.6,140800.0,402.19,6170000.0,3.046,145540.0,39.15,437000.0
441,2020-11-05,15587.1,227490.0,416.63,7040000.0,2.942,173750.0,38.79,298370.0
442,2020-11-06,15577.9,186130.0,455.72,6530000.0,2.888,186660.0,37.14,411030.0
443,2020-11-09,15327.2,165040.0,444.33,28850000.0,2.859,125980.0,40.29,622920.0
444,2020-11-10,15303.6,93360.0,450.22,20760000.0,2.949,158190.0,41.36,457050.0
445,2020-11-11,15695.8,119070.0,463.33,15130000.0,3.031,139900.0,41.45,443770.0
446,2020-11-12,16294.7,165540.0,462.56,9330000.0,2.976,126610.0,41.12,401030.0
447,2020-11-13,16324.2,113750.0,476.29,9850000.0,2.995,127130.0,40.13,338190.0
448,2020-11-16,16715.8,118090.0,460.43,5620000.0,2.697,189360.0,41.34,378790.0
449,2020-11-17,17662.3,175870.0,481.95,7930000.0,2.692,110710.0,41.43,243680.0
450,2020-11-18,17774.6,233430.0,478.52,18190000.0,2.712,124470.0,41.82,107010.0
451,2020-11-19,17803.5,135940.0,471.21,12530000.0,2.592,159960.0,41.74,88140.0
452,2020-11-20,18675.2,134420.0,509.98,30850000.0,2.65,76190.0,42.15,29780.0
453,2020-11-23,18379.6,127350.0,609.22,49680000.0,2.711,38780.0,43.06,300720.0
454,2020-11-24,19152.6,180790.0,605.03,41110000.0,2.775,41700.0,44.91,418530.0
455,2020-11-25,18723.0,146120.0,569.67,14500000.0,2.896,5630.0,45.71,417180.0
456,2020-11-30,19698.1,185590.0,615.92,51720000.0,2.882,146180.0,45.34,370760.0
457,2020-12-01,18770.7,208720.0,585.66,49420000.0,2.88,137670.0,44.55,314920.0
458,2020-12-02,19218.8,91920.0,598.05,16210000.0,2.78,142880.0,45.28,368850.0
459,2020-12-03,19433.3,99970.0,616.32,24000000.0,2.507,269560.0,45.64,350770.0
460,2020-12-04,18658.1,110630.0,567.91,48950000.0,2.575,142530.0,46.26,335450.0
461,2020-12-07,19170.7,61980.0,591.09,7720000.0,2.406,236670.0,45.76,348870.0
462,2020-12-08,18326.6,101410.0,555.05,8109999.999999999,2.399,177630.0,45.6,332640.0
463,2020-12-09,18546.0,129720.0,573.21,9100000.0,2.442,185150.0,45.52,434980.0
464,2020-12-10,18247.2,85310.0,558.13,19600000.0,2.553,215460.0,46.78,447530.0
465,2020-12-11,18023.6,111530.0,544.17,30170000.0,2.591,177710.0,46.57,367310.0
466,2020-12-14,19273.8,67110.0,586.19,1780000.0,2.682,142940.0,46.99,403540.0
467,2020-12-15,19434.9,98390.0,588.91,1740000.0,2.682,137600.0,47.62,311170.0
468,2020-12-16,21352.2,199810.0,637.38,3110000.0,2.677,128970.0,47.82,275330.0
469,2020-12-17,22825.4,310740.0,643.17,3670000.0,2.636,154240.0,48.36,96540.0
470,2020-12-18,23127.9,131800.0,653.85,2630000.0,2.7,121680.0,49.1,83710.0
471,2020-12-21,22728.5,154690.0,607.85,1880000.0,2.705,104270.0,47.74,27960.0
472,2020-12-22,23823.2,130750.0,637.47,2120000.0,2.78,112740.0,47.02,295740.0
473,2020-12-23,23257.9,178470.0,585.69,2200000.0,2.608,98710.0,48.12,344310.0
474,2020-12-24,23736.5,104590.0,612.34,1720000.0,2.518,39990.0,48.23,167390.0
475,2020-12-28,27057.8,126980.0,730.05,2750000.0,2.305,49280.0,47.62,238460.0
476,2020-12-29,27376.0,119570.0,731.76,1820000.0,2.467,3270.0,48.0,213780.0
477,2020-12-30,28868.7,159820.0,751.8,1860000.0,2.422,81790.0,48.4,266960.0
478,2020-12-31,28949.4,136690.0,735.94,1040000.0,2.539,111110.0,48.52,181890.0
479,2021-01-04,32022.6,255270.0,1042.4,5190000.0,2.581,128380.0,47.62,528530.0
480,2021-01-05,33991.5,202130.0,1099.52,3250000.0,2.702,149830.0,49.93,643190.0
481,2021-01-06,36793.2,227560.0,1207.77,3750000.0,2.716,144690.0,50.63,509370.0
482,2021-01-07,39460.2,249600.0,1224.35,2710000.0,2.729,135480.0,50.83,369290.0
483,2021-01-08,40599.3,251290.0,1215.73,2710000.0,2.7,148730.0,52.24,499420.0
484,2021-01-11,35544.3,251040.0,1091.47,4190000.000000001,2.747,177250.0,52.25,394820.0
485,2021-01-12,34076.1,241930.0,1050.19,3090000.0,2.753,201430.0,53.21,400200.0
486,2021-01-13,37382.2,209930.0,1128.46,2250000.0,2.727,169240.0,52.91,429900.0
487,2021-01-14,39175.7,172400.0,1226.17,1550000.0,2.666,163040.0,53.57,390090.0
488,2021-01-15,36845.8,118420.0,1171.68,2850000.0,2.737,150990.0,52.36,165670.0
489,2021-01-20,35476.3,153610.0,1377.53,3050000.0,2.539,133440.0,53.24,37840.0
490,2021-01-21,30842.1,253270.0,1117.33,2760000.0,2.491,100320.0,53.13,352400.0
491,2021-01-22,33000.5,243090.0,1234.58,2940000.0,2.446,63830.0,52.27,437480.0
492,2021-01-25,32252.3,142430.0,1317.9,2770000.0,2.602,42990.0,52.77,349080.0
493,2021-01-26,32502.1,139840.0,1366.27,2560000.0,2.656,32230.0,52.61,314540.0
494,2021-01-27,30404.0,194350.0,1247.62,2900000.0,2.76,5520.0,52.85,442380.0
495,2021-01-28,33374.8,167390.0,1328.47,814310.0,2.664,159820.0,52.34,411410.0
496,2021-01-29,34301.8,297730.0,1379.3,3330000.0,2.564,133180.0,52.2,410910.0
497,2021-02-01,33515.7,126320.0,1373.4,1650000.0,2.85,243660.0,53.55,416070.0
498,2021-02-02,35485.2,120850.0,1511.36,2730000.0,2.845,236390.0,54.76,463720.0
499,2021-02-03,37646.8,131030.0,1664.34,2270000.0,2.789,158480.0,55.69,448690.0
500,2021-02-04,36982.1,151440.0,1594.0,2340000.0,2.935,186930.0,56.23,381400.0
501,2021-02-05,38297.6,100600.0,1719.2,1800000.0,2.863,270030.0,56.85,400830.0
502,2021-02-08,46395.7,248470.0,1750.18,2170000.0,2.882,194660.0,57.97,399720.0
503,2021-02-09,46508.6,193870.0,1770.63,1940000.0,2.835,196930.0,58.36,514700.00000000006
504,2021-02-10,44836.0,151830.0,1742.09,2010000.0,2.911,266990.0,58.68,457540.0
505,2021-02-11,47990.7,145770.0,1786.35,1560000.0,2.868,261920.00000000003,58.24,380450.0
506,2021-02-12,47371.7,133730.0,1841.02,1750000.0,2.912,190050.0,59.47,480820.0
507,2021-02-17,52079.2,140030.0,1847.95,1690000.0,3.219,218620.0,61.14,335420.0
508,2021-02-18,51582.2,94350.0,1934.16,881870.0,3.082,171650.0,60.52,132040.0
509,2021-02-19,55906.6,139430.0,1955.59,1780000.0,3.069,67060.0,59.24,102430.0
510,2021-02-22,54111.8,244950.0,1777.28,2680000.0,2.953,39810.0,61.49,37040.0
511,2021-02-23,48911.2,315070.0,1578.11,3600000.0,2.879,45700.0,61.67,570680.0
512,2021-02-24,49697.5,153750.0,1623.71,2190000.0,2.854,6640.0,63.22,489930.0
513,2021-02-25,46928.5,83220.0,1476.15,1750000.0,2.777,123990.0,63.53,510360.0
514,2021-02-26,46345.6,189410.0,1445.44,2130000.0,2.771,132990.0,61.5,472720.0
515,2021-03-01,49595.5,137520.0,1570.03,1920000.0,2.777,75970.0,60.64,456680.0
516,2021-03-02,48424.2,102100.0,1488.62,1740000.0,2.839,109640.0,59.75,464130.0
517,2021-03-03,50395.1,44930.0,1571.05,1170000.0,2.816,93790.0,61.28,465310.0
518,2021-03-04,48428.0,9560.0,1538.61,1700000.0,2.746,138700.0,63.83,694630.0
519,2021-03-05,48792.5,113640.0,1530.29,1670000.0,2.701,116200.0,66.09,573170.0
520,2021-03-08,52311.0,68140.0,1831.49,1970000.0,2.664,130870.0,65.05,533380.0
521,2021-03-09,54879.0,114060.0,1869.1,1580000.0,2.662,96800.0,64.01,554560.0
522,2021-03-10,55851.9,140960.0,1794.14,1660000.0,2.692,93180.0,64.44,498490.0
523,2021-03-11,57799.5,129630.0,1825.79,1580000.0,2.668,119770.0,66.02,441060.0
524,2021-03-12,57265.1,116960.0,1766.9,1520000.0,2.6,104730.0,65.61,321710.0
525,2021-03-15,55791.3,117710.0,1792.38,1700000.0,2.484,136040.0,65.39,378010.0
526,2021-03-16,56889.7,128510.0,1804.85,1810000.0,2.562,99290.0,64.8,317540.0
527,2021-03-17,58913.5,118260.0,1823.35,1500000.0,2.528,91680.0,64.6,254720.0
528,2021-03-18,57656.0,102620.0,1776.08,1530000.0,2.481,143770.0,60.0,143600.0
529,2021-03-19,58088.0,83980.0,1809.64,1200000.0,2.535,74380.0,61.42,84170.0
530,2021-03-22,54158.3,95530.0,1682.37,1580000.0,2.582,108230.0,61.55,28260.0
531,2021-03-23,54452.5,84840.0,1667.9,1460000.0,2.508,89370.0,57.76,712320.0
532,2021-03-24,52325.4,137910.0,1582.38,1880000.0,2.518,48420.0,61.18,566290.0
533,2021-03-25,51322.3,143350.0,1586.54,1540000.0,2.57,39050.0,58.56,580110.0
534,2021-03-26,55036.1,100300.0,1698.6,1640000.0,2.557,35200.0,60.97,472000.0
535,2021-03-29,57616.2,107910.0,1816.69,1940000.0,2.586,6540.0,61.56,449360.0
536,2021-03-30,58771.3,86210.0,1841.01,3030000.0,2.623,100810.0,60.55,388190.0
537,2021-03-31,58763.7,98060.0,1917.99,2590000.0,2.608,92080.0,59.16,414160.0
538,2021-04-01,58718.3,69040.0,1967.96,2080000.0,2.639,116690.0,61.45,605570.0
539,2021-04-05,58993.4,54130.0,2106.41,2310000.0,2.511,146890.0,58.65,438860.0
540,2021-04-06,57996.3,77150.0,2111.53,1930000.0,2.456,142680.0,59.33,457350.0
541,2021-04-07,55948.7,110690.0,1961.46,2300000.0,2.52,132270.0,59.77,475540.0
542,2021-04-08,58077.4,64780.0,2079.92,1730000.0,2.522,140800.0,59.6,419910.0
543,2021-04-09,58118.7,59220.0,2066.93,2470000.0,2.526,121590.0,59.32,351440.0
544,2021-04-12,59863.8,81880.0,2137.81,2160000.0,2.561,144320.0,59.7,410220.0
545,2021-04-13,63540.9,126560.0,2299.93,2380000.0,2.619,166000.0,60.18,349730.0
546,2021-04-14,62980.4,130430.0,2431.56,2110000.0,2.618,129020.0,63.15,419810.0
547,2021-04-15,63216.0,76970.0,2514.22,1910000.0,2.658,135590.0,63.46,243370.0
548,2021-04-16,61379.7,136850.0,2423.18,2080000.0,2.68,94880.0,63.13,87800.0
549,2021-04-19,55646.1,117510.0,2160.63,1900000.0,2.749,105070.0,63.38,74380.0
550,2021-04-20,56483.2,115490.0,2332.14,1860000.0,2.727,96680.0,62.44,33040.0
551,2021-04-21,53820.2,100260.0,2360.81,2100000.0,2.692,99730.0,61.35,431490.0
552,2021-04-22,51729.5,168130.0,2401.1,3170000.0,2.749,126330.0,61.43,344700.0
553,2021-04-23,51143.6,214460.0,2367.31,3460000.0,2.73,50600.0,62.14,345410.0
554,2021-04-26,54020.5,129760.0,2533.12,1790000.0,2.79,34310.0,61.91,366870.0
555,2021-04-27,55036.5,84080.0,2665.24,1450000.0,2.873,41280.0,62.94,361540.0
556,2021-04-28,54841.4,86960.0,2746.54,1740000.0,2.925,3250.0,63.86,387680.0
557,2021-04-29,53560.8,83900.0,2757.36,1650000.0,2.911,123110.0,65.01,384490.0
558,2021-04-30,57720.3,103740.0,2772.78,1520000.0,2.931,101570.0,63.58,400520.0
559,2021-05-03,57169.8,89240.0,3429.37,2320000.0,2.966,101040.0,64.49,285970.0
560,2021-05-04,53741.5,132330.0,3286.71,2740000.0,2.967,102050.0,65.69,370210.0
561,2021-05-05,57441.3,119820.0,3522.76,1870000.0,2.938,90210.0,65.63,460070.0
562,2021-05-06,56405.4,109020.0,3489.52,1510000.0,2.928,83810.0,64.71,389210.0
563,2021-05-07,57337.2,110010.0,3481.22,1350000.0,2.958,102870.0,64.9,431420.0
564,2021-05-10,55848.9,142610.0,3947.9,2700000.0,2.932,92280.0,64.92,448340.0
565,2021-05-11,56695.7,96470.0,4167.78,1270000.0,2.955,107220.0,65.28,514950.00000000006
566,2021-05-12,49384.2,160740.0,3811.77,2780000.0,2.969,90580.0,66.08,508520.0
567,2021-05-13,49704.6,236710.0,3719.62,3210000.0,2.973,96120.0,63.82,547690.0
568,2021-05-14,49839.8,118840.0,4075.38,2060000.0,2.961,84200.0,65.37,383750.0
569,2021-05-17,43541.3,274760.0,3279.68,2850000.0,3.109,169010.0,66.27,268480.0
570,2021-05-18,42897.3,154960.0,3377.55,2300000.0,3.012,129180.0,65.49,167350.0
571,2021-05-19,36720.5,607100.0,2435.69,6420000.0,2.964,100250.0,63.36,101900.0
572,2021-05-20,40717.2,269750.0,2777.55,4330000.0,2.925,85090.0,62.05,29620.0
573,2021-05-21,37297.4,315500.0,2433.11,4230000.0,2.906,58270.0,63.58,530830.0
574,2021-05-24,38750.6,244880.0,2646.79,3240000.0,2.886,43510.0,66.05,466650.0
575,2021-05-25,38378.3,163010.0,2705.09,3280000.0,2.913,38340.0,66.07,497390.0
576,2021-05-26,39249.2,153800.0,2884.66,2660000.0,2.984,5090.0,66.21,376210.0
577,2021-05-27,38417.3,122930.0,2735.88,2390000.0,2.958,123070.0,66.85,337540.0
578,2021-05-28,35662.5,199580.0,2414.29,3260000.0,2.986,110000.0,66.32,390460.0
579,2021-06-02,37555.8,96890.0,2706.1,2600000.0,3.075,114980.0,68.83,333000.0
580,2021-06-03,39187.3,106440.0,2853.35,1090000.0,3.041,100520.0,68.81,351370.0
581,2021-06-04,36851.3,127710.0,2686.5,2470000.0,3.097,118040.0,69.62,326250.0
582,2021-06-07,33578.0,119500.0,2592.63,3010000.0,3.07,138840.0,69.23,365620.0
583,2021-06-08,33382.9,193540.0,2510.65,75180.0,3.128,208580.0,70.05,441300.0
584,2021-06-09,37332.2,209820.0,2606.23,2320000.0,3.129,131720.0,69.96,410820.0
585,2021-06-10,36649.4,154320.0,2469.97,1290000.0,3.149,151570.0,70.29,492460.0
586,2021-06-11,37314.6,109150.0,2351.45,587180.0,3.296,194490.0,70.91,563580.0
587,2021-06-14,40529.4,157350.0,2581.48,1790000.0,3.352,113120.0,70.88,319640.0
588,2021-06-15,40156.1,117550.0,2543.83,1950000.0,3.24,154410.0,72.12,336040.0
589,2021-06-16,38336.0,123520.0,2367.28,1370000.0,3.251,111290.0,72.15,426780.0
590,2021-06-17,38052.0,109580.0,2371.62,1060000.0,3.253,150050.0,71.04,373780.0
591,2021-06-18,35749.4,102840.0,2229.53,778790.0,3.215,104940.0,71.64,139580.0
592,2021-06-21,31692.0,256870.0,1891.18,2690000.0,3.191,103040.0,73.66,123660.0
593,2021-06-22,32496.4,309650.0,1876.66,2840000.0,3.258,77090.0,73.06,29000.0
594,2021-06-23,33674.3,173340.0,1968.39,1770000.0,3.333,75390.0,73.08,429210.0
595,2021-06-24,34665.8,119250.0,1989.14,1640000.0,3.418,49400.0,73.3,334830.0
596,2021-06-25,31594.0,193430.0,1810.57,1650000.0,3.496,39080.0,74.05,364720.0
597,2021-06-28,34475.9,112000.0,2083.09,2190000.0,3.617,6840.0,72.91,354700.0
598,2021-06-29,35834.7,97270.0,2158.71,898060.0,3.63,205480.0,72.98,321450.0
599,2021-06-30,35026.9,107070.0,2273.84,1900000.0,3.65,187010.0,73.47,383630.0
600,2021-07-01,33543.6,27410.0,2109.11,1710000.0,3.661,149420.0,75.23,615680.0
601,2021-07-02,33813.4,78930.0,2154.78,1390000.0,3.7,111460.0,75.16,377530.0
602,2021-07-07,33867.8,72030.0,2316.57,1320000.0,3.596,124620.0,72.2,607970.0
603,2021-07-08,32866.3,108090.0,2120.22,1820000.0,3.688,148550.0,72.94,529690.0
604,2021-07-09,33797.4,67140.0,2145.89,1420000.0,3.674,115680.0,74.56,422150.0
605,2021-07-12,33113.0,63240.0,2035.09,540100.0,3.749,127070.0,74.1,397930.0
606,2021-07-13,32728.1,60040.0,1940.72,717850.0,3.696,104040.0,75.25,444080.0
607,2021-07-14,32820.7,69560.0,1994.64,1050000.0,3.66,137350.0,73.13,528360.0
608,2021-07-15,31840.5,76950.0,1917.21,645060.0,3.614,117590.0,71.65,368680.0
609,2021-07-16,31394.0,70480.0,1878.2,619620.0,3.674,89980.0,71.81,133930.0
610,2021-07-19,30837.2,77480.0,1818.07,802780.0,3.779,124160.0,66.42,82570.0
611,2021-07-20,29793.8,97460.0,1786.07,1200000.0,3.876,118400.0,67.42,29740.0
612,2021-07-21,32131.4,118340.0,1994.49,1510000.0,3.959,111930.0,70.3,503030.0
613,2021-07-22,32298.9,64870.00000000001,2024.58,1020000.0,4.003,102160.0,71.91,435180.0
614,2021-07-23,33603.3,66150.0,2123.61,961670.0,4.06,73870.0,72.07,274780.0
615,2021-07-26,37276.6,177630.0,2229.53,1890000.0,4.102,49420.0,71.91,395740.0
616,2021-07-27,39452.0,100240.0,2300.22,1250000.0,3.971,46960.0,71.65,333120.0
617,2021-07-28,40003.2,148920.0,2299.11,968940.0,4.044,3880.0,72.39,318910.0
618,2021-07-29,40001.4,75300.0,2380.93,642750.0,4.059,118450.0,73.62,294460.0
619,2021-07-30,42203.4,98450.0,2460.95,1030000.0,3.914,161870.0,73.95,303700.0
620,2021-08-02,39168.4,74810.0,2608.04,970670.0,3.935,110950.0,71.26,448200.0
621,2021-08-03,38130.3,260.0,2506.65,158450.0,4.027,120860.0,70.56,509940.0
622,2021-08-04,39736.9,79220.0,2725.29,1230000.0,4.158,142590.0,68.15,582920.0
623,2021-08-05,40867.2,130600.0,2827.21,1650000.0,4.14,125230.0,69.09,416330.0
624,2021-08-06,42795.4,111930.0,2889.43,1060000.0,4.14,153150.0,68.28,537140.0
625,2021-08-09,46284.3,117080.0,3162.93,1440000.0,4.06,180000.0,66.48,598380.0
626,2021-08-10,45593.8,80550.0,3140.71,1120000.0,4.089,157510.0,68.29,452130.0
627,2021-08-11,45564.3,75430.0,3163.66,950120.0,4.059,161900.0,69.25,513290.0
628,2021-08-12,44403.4,81070.0,3043.61,965630.0,3.933,186990.0,69.09,352470.0
629,2021-08-13,47809.1,75270.0,3322.43,795540.0,3.861,123010.0,68.44,272030.0
630,2021-08-16,45996.3,2410.0,3147.65,859090.0,3.946,101670.0,67.29,334840.0
631,2021-08-17,44691.6,84140.0,3014.58,1060000.0,3.837,131220.0,66.59,235300.0
632,2021-08-18,44723.8,22360.0,3016.91,750740.0,3.852,95510.0,65.46,121200.0
633,2021-08-19,46755.9,77920.0,3184.82,844130.0,3.83,121760.0,63.69,88240.0
634,2021-08-20,49324.0,83190.0,3284.21,739320.0,3.851,108520.0,62.32,24630.0
635,2021-08-23,49539.7,75370.0,3319.49,1090000.0,3.945,85500.0,65.64,397290.0
636,2021-08-24,47714.7,74260.0,3173.26,988820.0,3.896,57630.0,67.54,335890.0
637,2021-08-25,48994.5,63540.0,3228.15,923130.0,3.897,39370.0,68.36,353740.0
638,2021-08-26,46831.6,73790.0,3093.54,118440.0,4.184,76860.0,67.42,344290.0
639,2021-08-27,49064.3,62470.0,3273.58,839540.0,4.37,4280.0,68.74,326060.0
640,2021-08-30,46992.7,61680.0,3225.67,966580.0,4.305,167100.0,69.21,360800.0
641,2021-08-31,47130.4,71480.0,3430.74,1520000.0,4.377,147420.0,68.5,325850.0
642,2021-09-01,48819.4,74380.0,3832.73,1480000.0,4.615,241160.0,68.59,399500.0
643,2021-09-02,49274.3,80210.0,3786.19,928700.0,4.641,176850.0,69.99,403310.0
644,2021-09-03,49999.0,88080.0,3936.29,1200000.0,4.712,110950.0,69.29,313090.0
645,2021-09-08,46061.4,100480.0,3495.1,780680.0,4.914,244740.0,69.3,389330.0
646,2021-09-09,46385.6,73630.0,3423.51,1090000.0,5.031,234850.0,68.14,556450.0
647,2021-09-10,44842.8,75620.0,3207.27,1210000.0,4.938,151040.0,69.72,411080.0
648,2021-09-13,44949.5,96150.0,3284.52,1340000.0,5.231,201770.0,70.45,390940.0
649,2021-09-14,47077.5,65330.0,3428.87,720340.0,5.26,200940.0,70.46,414230.0
650,2021-09-15,48130.6,63400.0,3611.9,790270.0,5.46,279120.0,72.61,418670.0
651,2021-09-16,47748.0,60910.0,3569.43,195790.0,5.335,221140.0,72.61,298410.0
652,2021-09-17,47282.8,50160.0,3398.65,748100.0,5.105,164580.0,71.97,119930.0
653,2021-09-20,42870.6,77960.0,2976.05,1720000.0,4.985,156870.0,70.29,75840.0
654,2021-09-21,40651.3,142550.0,2761.52,1790000.0,4.805,163100.0,70.56,37610.0
655,2021-09-22,43551.6,93980.0,3077.78,1190000.0,4.805,108780.0,72.23,381060.0
656,2021-09-23,44869.2,74540.0,3152.92,841540.0,4.976,105200.0,73.3,403410.0
657,2021-09-24,42819.9,128880.0,2928.57,1740000.0,5.14,47440.0,73.98,350380.0
658,2021-09-27,42172.6,54120.0,2926.24,865300.0,5.706,63070.0,75.45,417830.0
659,2021-09-28,41022.3,60010.0,2807.28,896280.0,5.841,5660.0,75.29,476140.0
660,2021-09-29,41536.8,48210.0,2851.5,728860.0,5.477,226340.0,74.83,424190.0
661,2021-09-30,43823.3,64319.99999999999,3000.59,968230.0,5.867,243240.0,75.03,583190.0
662,2021-10-01,48146.0,94660.0,3309.13,1140000.0,5.619,178940.0,75.88,389000.0
663,2021-10-04,49227.3,66920.0,3382.9,826830.0,5.766,209580.0,77.62,458010.0
664,2021-10-05,51469.3,76630.0,3517.26,663880.0,6.312,219520.0,78.93,449620.0
665,2021-10-06,55323.2,116260.0,3575.41,1050000.0,5.675,274650.0,77.43,459060.0
666,2021-10-07,53783.9,75680.0,3586.0,826290.0,5.677,239500.0,78.3,545010.0
667,2021-10-08,53914.7,64050.0,3559.42,681740.0,5.565,163350.0,79.35,662010.0
668,2021-10-11,57477.3,73840.0,3545.06,683240.0,5.345,188700.0,80.52,653760.0
669,2021-10-12,56015.9,74850.0,3489.9,609890.0,5.505,215450.0,80.64,598180.0
670,2021-10-13,57380.1,73620.0,3607.28,557180.0,5.59,198790.0,80.44,487220.0
671,2021-10-14,57345.8,59840.0,3790.41,697090.0,5.687,169160.0,81.31,399810.0
672,2021-10-15,61672.5,121480.0,3866.9,721140.0,5.41,184580.0,82.28,277950.0
673,2021-10-18,62056.3,80150.0,3747.6,578210.0,4.989,167900.0,82.44,134100.0
674,2021-10-19,64278.5,80160.0,3876.78,488600.0,5.088,152730.0,82.96,82610.0
675,2021-10-20,65979.1,79870.0,4159.89,752030.0,5.17,140030.0,83.87,25720.0
676,2021-10-21,62210.2,105380.0,4054.16,1140000.0,5.115,107710.0,82.5,567500.0
677,2021-10-22,60690.3,75690.0,3970.94,654770.0,5.28,74370.0,83.76,465360.0
678,2021-10-25,63067.0,51060.0,4219.92,481410.0,5.898,50880.0,83.76,568730.0
679,2021-10-26,60310.8,57130.0,4129.51,559290.0,5.882,50710.0,84.65,467720.0
680,2021-10-27,58438.1,88110.0,3921.93,1070000.0,6.202,5780.0,82.66,529950.0
681,2021-10-28,60582.5,88470.0,4284.9,865800.0,5.782,165630.0,82.81,491590.0
682,2021-10-29,62242.8,63390.0,4413.7,781570.0,5.426,154410.0,83.57,507310.0
683,2021-11-01,60915.3,61210.0,4320.85,574260.0,5.186,163260.0,84.05,412310.0
684,2021-11-02,63221.7,65260.00000000001,4586.06,630260.0,5.542,153760.0,83.91,429610.0
685,2021-11-03,62918.5,61050.0,4602.21,634680.0,5.67,141500.0,80.86,546580.0
686,2021-11-04,61412.6,49910.0,4535.11,495860.0,5.716,147040.0,78.81,701120.0
687,2021-11-05,60974.3,44460.0,4475.0,409750.0,5.516,133340.0,81.27,531050.0
688,2021-11-08,67527.9,81080.0,4808.38,673210.0,5.427,154220.0,81.93,393950.0
689,2021-11-09,66904.4,66130.0,4731.83,437410.0,4.979,202740.0,84.15,504830.0
690,2021-11-10,64932.6,96210.0,4634.03,761900.0,4.88,170390.0,81.34,555220.0
691,2021-11-11,64806.7,50370.0,4720.87,418610.0,5.149,135950.0,81.59,475440.0
692,2021-11-12,64134.5,63270.0,4667.31,634590.0,4.791,137100.0,80.79,390300.0
693,2021-11-15,63597.9,53530.0,4562.98,495960.0,5.017,117670.0,80.88,343480.0
694,2021-11-16,60089.1,115360.0,4208.16,1120000.0,5.177,141140.0,80.76,325670.0
695,2021-11-17,60367.8,73930.0,4290.88,664940.0,4.816,145610.0,78.36,174470.0
696,2021-11-18,56955.3,100370.0,4001.87,792380.0,4.902,111030.0,79.01,83980.0
697,2021-11-19,58083.4,74440.0,4295.43,571960.0,5.065,110060.0,76.1,30700.0
698,2021-11-22,56308.8,76450.0,4086.95,717080.0,4.789,96190.0,76.75,465770.0
699,2021-11-23,57573.2,72480.0,4340.23,684350.0,4.967,47430.0,78.5,506990.0
700,2021-11-24,57171.7,56680.0,4273.54,595960.0,5.068,40860.0,78.39,328850.0
701,2021-11-29,57794.8,58650.0,4443.22,532660.0,4.854,172470.0,69.95,675090.0
702,2021-11-30,56882.9,73660.0,4628.9,973460.0,4.567,171820.0,66.18,722480.0
703,2021-12-01,57210.3,66750.0,4583.28,669180.0,4.258,171940.0,65.57,602450.0
704,2021-12-02,56496.0,54940.0,4512.9,608070.0,4.056,145510.0,66.5,668290.0
705,2021-12-03,53631.5,89200.0,4219.3,942770.0,4.132,124770.0,66.26,449970.0
706,2021-12-06,50562.1,89680.0,4353.31,993790.0,3.657,176720.0,69.49,401060.0
707,2021-12-07,50595.2,56290.0,4307.08,550780.0,3.708,162970.0,72.05,496530.0
708,2021-12-08,50473.9,55590.0,4435.74,574330.0,3.815,146870.0,72.36,464850.0
709,2021-12-09,47596.6,58690.0,4107.69,642170.0,3.814,141110.0,70.94,393210.0
710,2021-12-10,47137.2,68060.0,3903.48,798120.0,3.925,133280.0,71.67,397880.0
711,2021-12-13,46703.6,80370.0,3781.94,891670.0,3.794,162590.0,71.29,406600.0
712,2021-12-14,48366.5,62540.0,3861.55,577610.0,3.747,116830.0,70.73,359450.0
713,2021-12-15,48871.5,80280.0,4019.24,821220.0,3.802,110310.0,70.87,294340.0
714,2021-12-16,47628.2,48200.0,3956.62,512120.0,3.766,122850.0,72.38,142540.0
715,2021-12-17,46172.2,67500.0,3878.29,654900.0,3.69,101630.0,70.86,78130.0
716,2021-12-20,46895.2,57530.0,3938.8,531110.0,3.834,128580.0,68.23,36730.0
717,2021-12-21,48902.0,57880.0,4016.59,496710.0,3.869,128440.0,71.12,358780.0
718,2021-12-22,48599.7,40890.0,3979.54,426430.0,3.976,86620.0,72.76,306710.0
719,2021-12-23,50801.0,56240.0,4110.14,573180.0,3.731,82230.0,73.79,270220.0
720,2021-12-27,50678.2,43900.0,4036.24,313320.0,4.06,38910.0,75.57,268490.0
721,2021-12-28,47545.2,74390.0,3791.69,527230.0,4.055,35640.0,75.98,249730.0
722,2021-12-29,46461.7,63920.0,3627.93,456030.0,4.024,4820.0,76.56,283560.0
723,2021-12-30,47123.3,60960.0,3709.57,355720.0,3.561,124670.0,76.99,231160.0
724,2021-12-31,46219.5,58180.0,3677.85,405650.0,3.73,93100.0,75.21,237120.0
725,2022-01-03,46430.2,41060.0,3764.24,338510.0,3.815,99070.0,76.08,317630.0
726,2022-01-04,45837.3,55590.0,3789.52,415810.0,3.717,133390.0,76.99,372850.0
727,2022-01-05,43425.9,83740.0,3535.86,582710.0,3.882,96810.0,77.85,397900.0
728,2022-01-06,43097.5,63080.0,3407.77,701890.0,3.812,116580.0,79.46,476670.0
729,2022-01-07,41546.7,88360.0,3195.31,979250.0,3.916,127010.0,78.9,414430.0
730,2022-01-10,41832.2,85500.0,3085.43,804380.0,4.079,177630.0,78.23,389960.0
731,2022-01-11,42733.2,61780.0,3237.89,505210.0,4.249,121620.0,81.22,481820.0
732,2022-01-12,43901.0,53950.0,3370.89,530960.0,4.857,217500.0,82.64,420620.0
733,2022-01-13,42560.0,53420.0,3238.03,462810.0,4.27,221610.0,82.12,364770.0
734,2022-01-14,43073.3,50500.0,3307.9,415180.0,4.262,108860.0,83.82,364440.0
735,2022-01-19,41677.8,53770.0,3083.65,459810.0,4.031,116540.0,86.96,113150.0
736,2022-01-20,40715.9,65280.0,3004.72,481080.0,3.802,104200.0,86.9,30390.0
737,2022-01-21,36475.5,155800.0,2571.29,1420000.0,3.999,70260.0,85.14,509100.0
738,2022-01-24,36686.3,153770.0,2441.01,1560000.0,4.027,47100.0,83.31,511700.0
739,2022-01-25,36950.6,79680.0,2458.07,656030.0,4.053,23440.0,85.6,507220.0
740,2022-01-26,36800.4,107870.0,2461.41,1050000.0,4.277,44320.0,87.35,459640.0
741,2022-01-27,37164.3,83520.0,2424.66,774540.0,4.283,7180.0,86.61,427800.0
742,2022-01-28,37745.1,69450.0,2545.95,634500.0,4.639,263420.0,86.82,436170.0
743,2022-01-31,38498.6,61270.0,2686.82,601730.0,4.874,156750.0,88.15,359080.0
744,2022-02-01,38709.7,55200.0,2787.16,521740.0,4.751,140790.0,88.2,376840.0
745,2022-02-02,36890.2,53740.0,2681.0,602400.0,5.501,305900.0,88.26,456860.0
746,2022-02-03,37287.8,50350.0,2692.8,549270.0,4.888,205840.0,90.27,465770.0
747,2022-02-04,41567.6,95490.0,2994.99,908750.0,4.572,152120.0,92.31,410930.0
748,2022-02-07,43833.9,76600.0,3140.18,568420.0,4.232,192860.0,91.32,497750.0
749,2022-02-08,44038.2,92880.0,3115.88,664450.0,4.248,154440.0,89.36,467390.0
750,2022-02-09,44388.9,50920.0,3243.62,477820.0,4.009,154600.0,89.66,445620.0
751,2022-02-10,43521.0,89690.0,3071.83,742540.0,3.959,141740.0,89.88,492090.0
752,2022-02-11,42388.4,69950.0,2927.63,607930.0,3.941,177370.0,93.1,554420.0
753,2022-02-14,42550.3,53600.0,2929.31,477240.0,4.195,121200.0,95.46,467070.0
754,2022-02-15,44544.4,56340.0,3182.27,540040.0,4.306,141950.0,92.07,442640.0
755,2022-02-16,43883.6,41400.0,3118.9,416700.0,4.717,155480.0,93.66,401450.0
756,2022-02-17,40552.8,72630.0,2894.03,661980.0,4.486,117790.0,91.76,212550.0
757,2022-02-18,40000.1,64959.99999999999,2779.56,623190.0,4.431,73220.0,91.07,150380.0
758,2022-02-23,37224.6,64840.0,2578.15,636500.0,4.623,47180.0,92.1,440570.0
759,2022-02-24,38339.2,180470.0,2596.52,1850000.0,4.568,3540.0,92.81,872240.0
760,2022-02-25,39209.6,83780.0,2767.53,828870.0,4.47,114860.0,91.59,523790.0
761,2022-02-28,43188.2,108070.0,2922.5,899190.0,4.402,107190.0,95.72,490800.0
762,2022-03-01,44420.3,90670.0,2975.81,828620.0,4.573,112550.0,103.41,698810.0
763,2022-03-02,43912.8,80820.0,2947.14,740370.0,4.762,141690.0,110.6,651850.0
764,2022-03-03,42463.0,74110.0,2834.91,521360.0,4.722,137150.0,107.67,592030.0
765,2022-03-04,39142.7,3210000000.0,2622.15,1500000000.0,5.016,125390.0,115.68,493880.0
766,2022-03-07,38024.8,3020000000.0,2492.53,1580000000.0,4.833,130860.0,119.4,576020.0
767,2022-03-08,38744.8,2670000000.0,2577.21,1440000000.0,4.527,159170.0,123.7,583110.0
768,2022-03-09,41929.0,3600000000.0,2726.94,1520000000.0,4.526,95130.0,108.7,594770.0
769,2022-03-10,39416.3,3620000000.0,2606.5,1460000000.0,4.631,81810.0,106.02,437920.0
770,2022-03-11,38730.2,2790000000.0,2556.96,1280000000.0,4.725,84510.0,109.33,368190.0
771,2022-03-14,39671.1,2330000000.0,2589.3,991820000.0,4.658,73960.0,103.01,344180.0
772,2022-03-15,39285.7,2250000000.0,2617.43,1190000000.0,4.568,86940.0,96.44,401690.0
773,2022-03-16,41118.7,4470000000.0,2773.94,1790000000.0,4.748,80520.0,95.04,293950.0
774,2022-03-17,40914.8,1900000000.0,2812.29,1060000000.0,4.99,93840.0,102.98,210760.0
775,2022-03-18,41767.8,2310000000.0,2939.76,1590000000.0,4.863,67270.0,104.7,74250.0
776,2022-03-21,41022.0,406620000.0,2891.63,546610.0,4.9,75460.0,112.12,77220.0
777,2022-03-22,42373.0,537060000.0,2969.64,716470.0,5.187,122750.0,111.76,22940.0
778,2022-03-23,42912.0,433960000.0,3036.12,536630.0,5.232,74540.0,114.93,289180.0
779,2022-03-24,44013.0,491660000.0,3109.25,699580.0,5.401,84230.0,112.34,307240.0
780,2022-03-25,44331.0,494090000.0,3103.51,583250.0,5.571,29470.0,113.9,320300.0
781,2022-03-28,47105.0,610270000.0,3329.38,628910.0,5.508,33910.0,105.96,372250.0
782,2022-03-29,47449.0,478820000.0,3401.89,570030.0,5.336,2270.0,104.24,387200.0
783,2022-03-30,47075.0,467760000.0,3385.64,425380.0,5.605,117850.0,107.82,284540.0
784,2022-03-31,45525.0,520000000.0,3282.35,545440.0,5.642,159720.0,100.28,450850.0
785,2022-04-01,46297.0,632930000.0,3456.18,649920.0,5.72,178520.0,99.27,324780.0
786,2022-04-04,46629.0,446120000.0,3520.41,547680.0,5.712,137180.0,103.28,288130.0
787,2022-04-05,45506.0,421110000.0,3406.78,500270.0,6.032,158220.0,101.96,280280.0
788,2022-04-06,43173.0,649520000.0,3169.58,950590.0,6.029,166720.0,96.23,366040.0
789,2022-04-07,43448.0,390850000.0,3228.84,569390.0,6.359,199510.0,96.03,367320.0
790,2022-04-08,42275.0,467830000.0,3193.93,654820.0,6.278,188340.0,98.26,310080.0
791,2022-04-11,39497.0,608380000.0,2978.29,876670.0,6.643,177960.0,94.29,315870.0
792,2022-04-12,40078.0,468270000.0,3027.25,790540.0,6.68,234250.0,100.6,329040.0
793,2022-04-13,41133.0,406700000.0,3116.92,563890.0,6.997,210550.0,104.25,312500.0
794,2022-04-14,39936.0,294290000.0,3021.93,546540.0,7.3,214220.0,106.95,244950.0
795,2022-04-18,40803.0,484260000.0,3055.64,681760.0,7.82,191080.0,108.21,68490.0
796,2022-04-19,41503.0,268280000.0,3102.01,427140.0,7.176,237000.0,102.56,71790.0
797,2022-04-20,41368.0,382840000.0,3076.38,512720.0,6.937,157960.0,102.75,17020.0
798,2022-04-21,40482.0,493050000.0,2983.95,675440.0,6.957,145260.0,103.79,280320.0
799,2022-04-22,39709.0,421300000.0,2963.0,544890.0,6.534,80600.0,102.07,246120.0
800,2022-04-25,40427.0,654600000.0,3006.04,807690.0,6.669,32520.000000000004,98.54,328150.0
801,2022-04-26,38113.0,681470000.0,2810.42,694460.0,6.85,41410.0,101.7,351850.0
802,2022-04-27,39243.0,426830000.0,2888.99,602240.0,7.339,139570.0,102.02,278780.0
803,2022-04-28,39748.0,542390000.0,2937.01,726030.0,6.888,139570.0,105.36,312060.0
804,2022-04-29,38581.0,382900000.0,2816.66,629560.0,7.244,109240.0,104.69,294390.0
805,2022-05-02,38514.0,580790000.0,2856.01,617740.0,7.475,110920.0,105.17,261880.0
806,2022-05-03,37718.0,367210000.0,2781.47,447800.0,7.954,153340.0,102.41,239270.0
807,2022-05-04,39688.0,691490000.0,2940.7,662070.0,8.415,132320.0,107.81,272910.0
808,2022-05-05,36544.0,1040000000.0,2747.46,899820.0,8.783,160160.0,108.26,286920.0
809,2022-05-06,36009.0,752840000.0,2692.88,881180.0,8.043,168300.0,109.77,294280.0
810,2022-05-09,30095.0,268090.0,2229.1,1930000.0,7.026,202620.0,103.09,368180.0
811,2022-05-10,31007.5,235610.0,2342.3,1950000.0,7.385,185460.0,99.76,389750.0
812,2022-05-11,29068.2,296900.0,2080.79,2700000.0,7.64,120930.0,105.71,382700.0
813,2022-05-12,28976.0,309480.0,1955.36,2840000.0,7.739,107060.0,106.13,323550.0
814,2022-05-13,29284.4,141230.0,2009.53,1340000.0,7.663,85040.0,110.49,240990.0
815,2022-05-16,29849.0,100250.0,2022.93,950850.0,7.956,93520.0,114.2,289130.0
816,2022-05-17,30437.5,79630.0,2091.14,736630.0,8.304,76670.0,112.4,252630.0
817,2022-05-18,28683.7,92030.0,1912.12,751820.0,8.368,80720.0,109.59,103670.0
818,2022-05-19,30305.9,101380.0,2019.34,858970.0,8.308,90580.0,112.21,68510.0
819,2022-05-20,29178.6,98780.0,1959.85,699690.0,8.083,85460.0,113.23,20000.0
820,2022-05-23,29093.3,92100.0,1972.93,738090.0,8.744,65550.0,110.29,215620.0
821,2022-05-24,29648.7,79420.0,1979.35,620410.0,8.796,31660.0,109.77,224790.0
822,2022-05-25,29540.6,78850.0,1942.91,639930.0,8.971,37390.0,110.33,191370.0
823,2022-05-26,29203.5,126710.0,1793.42,1420000.0,8.908,1470.0,114.09,234750.0
824,2022-05-27,28601.2,116410.0,1724.3,1570000.0,8.727,107090.0,115.07,217280.0
825,2022-06-01,29798.5,135090.0,1818.07,1290000.0,8.696,111960.0,115.26,290530.0
826,2022-06-02,30455.5,81400.0,1834.64,975530.0,8.485,119010.0,116.87,327600.0
827,2022-06-03,29700.9,72130.0,1775.29,884530.0,8.523,75230.0,118.87,240830.0
828,2022-06-06,31367.6,94010.0,1859.99,939370.0,9.322,129100.0,118.5,246830.0
829,2022-06-07,31128.8,140320.0,1813.72,1640000.0,9.293,140030.0,119.41,341690.0
830,2022-06-08,30201.6,87960.0,1793.0,1090000.0,8.699,250300.0,122.11,340590.0
831,2022-06-09,30097.8,61720.0,1788.06,625760.0,8.963,244480.0,121.51,293300.0
832,2022-06-10,29083.3,104260.0,1663.02,1130000.0,8.85,134610.0,120.67,352910.0
833,2022-06-13,22448.0,379260.0,1206.67,4390000.0,8.609,167560.0,120.93,372400.0
834,2022-06-14,22157.3,251010.0,1210.84,3270000.0,7.189,273720.0,118.93,366320.0
835,2022-06-15,22577.9,280410.0,1237.92,3730000.0,7.42,123590.0,115.31,301750.0
836,2022-06-16,20386.6,144000.0,1068.49,1760000.0,7.464,137430.0,117.59,162540.0
837,2022-06-17,20444.6,136270.0,1086.47,1450000.0,6.944,103760.0,109.56,103150.0
838,2022-06-22,19965.8,125940.0,1049.02,1580000.0,6.858,92470.0,106.19,432720.0
839,2022-06-23,21100.7,110700.0,1144.19,1570000.0,6.239,78030.0,104.27,346360.0
840,2022-06-24,21226.9,104560.0,1225.03,1660000.0,6.22,26570.0,107.62,321590.0
841,2022-06-27,20730.2,84690.0,1190.84,1070000.0,6.501,33100.0,109.57,282910.0
842,2022-06-28,20278.0,83830.0,1143.97,1320000.0,6.551,2460.0,111.76,306750.0
843,2022-06-29,20111.3,98970.0,1099.51,1540000.0,6.498,82210.0,109.78,322060.0
844,2022-06-30,19926.6,127730.0,1069.05,1710000.0,5.424,182580.0,105.76,362890.0
845,2022-07-01,19262.9,150180.0,1058.94,1890000.0,5.73,106970.0,108.43,305340.0
846,2022-07-06,20561.1,105240.0,1186.45,1420000.0,5.51,73510.0,98.53,444110.0
847,2022-07-07,21637.8,115810.0,1238.15,1180000.0,6.297,127670.0,102.73,379860.0
848,2022-07-08,21611.2,439900.0,1216.33,1450000.0,6.034,70940.0,104.79,327460.0
849,2022-07-11,19963.2,160200.0,1096.43,1340000.0,6.319,70940.0,104.09,348570.0
850,2022-07-12,19330.9,167910.0,1038.56,1490000.0,6.021,73230.0,95.84,398550.0
851,2022-07-13,20250.0,249380.0,1115.83,2480000.0,6.589,67360.0,96.3,347190.0
852,2022-07-14,20586.0,205280.0,1192.75,1860000.0,6.511,69080.0,95.78,387530.0
853,2022-07-15,20825.1,164670.0,1231.03,1740000.0,6.926,49320.0,97.59,240770.0
854,2022-07-18,22525.8,279720.0,1584.77,2370000.0,7.382,52890.0,102.6,84670.0
855,2022-07-19,23410.2,308910.0,1543.5,2180000.0,7.15,58010.0,104.22,63150.0
856,2022-07-20,23215.2,281310.0,1520.64,1650000.0,7.899,75270.0,102.26,28960.0
857,2022-07-21,23153.0,217080.0,1575.68,1550000.0,7.815,84550.0,96.35,318910.0
858,2022-07-22,22675.2,197540.0,1534.85,1430000.0,8.195,86580.0,94.7,307570.0
859,2022-07-25,21301.9,206930.0,1438.52,1650000.0,8.571,79050.0,96.7,279000.0
860,2022-07-26,21248.7,201570.0,1450.7,1420000.0,8.825,146560.0,94.98,310040.0
861,2022-07-27,22958.3,242660.0,1636.01,1800000.0,8.554,105220.0,97.26,321900.0
862,2022-07-28,23850.0,268320.0,1726.01,1870000.0,8.134,89240.0,96.42,318400.0
863,2022-07-29,23774.3,221660.0,1720.77,1440000.0,8.229,77770.0,98.62,349370.0
864,2022-08-01,23271.2,162330.0,1630.1,959530.0,8.283,104020.0,93.89,365290.0
865,2022-08-02,22988.6,177300.0,1631.48,1250000.0,7.706,106080.0,94.42,328540.0
866,2022-08-03,22820.8,174660.0,1618.08,906080.0,8.266,134210.0,90.66,395100.0
867,2022-08-04,22612.1,181190.0,1606.94,881560.0,8.122,102540.0,88.54,334930.0
868,2022-08-05,23308.2,208900.0,1737.71,1210000.0,8.064,111700.0,89.01,350020.0
869,2022-08-08,23816.3,197940.0,1778.42,951020.0,7.589,117790.0,90.76,340160.0
870,2022-08-09,23146.7,169620.0,1702.8,960580.0,7.833,88510.0,90.5,347050.0
871,2022-08-10,23962.9,243610.0,1853.46,1520000.0,8.202,111810.0,91.93,383770.0
872,2022-08-11,23935.3,285360.0,1880.28,1310000.0,8.874,141750.0,94.34,341230.0
873,2022-08-12,24398.7,194960.0,1957.63,834690.0,8.768,68130.0,92.09,264950.0
874,2022-08-15,24101.7,279280.0,1900.25,1090000.0,8.728,80220.0,89.41,275440.0
875,2022-08-16,23856.8,201700.0,1876.7,725780.0,9.329,104090.0,86.53,305370.0
876,2022-08-17,23338.0,239530.0,1834.18,1100000.0,9.244,88680.0,88.11,230350.0
877,2022-08-18,23203.6,160970.0,1846.51,675270.0,9.188,112100.0,90.5,80030.0
878,2022-08-19,20831.3,339470.0,1609.48,1590000.0,9.336,69810.0,90.77,58710.0
879,2022-08-22,21416.3,251830.0,1626.75,1040000.0,9.647,60480.0,90.23,24870.0
880,2022-08-23,21517.2,228650.0,1664.89,1050000.0,9.155,86530.0,93.74,285610.0
881,2022-08-24,21365.2,202400.0,1656.64,827200.0,9.3,72190.0,94.89,320390.0
882,2022-08-25,21565.4,190150.0,1695.37,677670.0,9.375,25830.0,92.52,279880.0
883,2022-08-26,20249.9,322160.0,1508.08,1340000.0,9.296,33980.0,93.06,288390.0
884,2022-08-29,20295.8,248040.0,1552.6,931760.0,9.353,1200.0,97.01,283460.0
885,2022-08-30,19792.6,308410.0,1523.34,1140000.0,9.042,76600.0,91.64,386270.0
886,2022-08-31,20043.9,318170.0,1555.12,1070000.0,9.127,86290.0,89.55,344150.0
887,2022-09-01,20126.1,275080.0,1585.48,823900.0,9.262,94240.0,86.61,305110.0
888,2022-09-02,19952.7,272220.0,1575.34,1040000.0,8.786,103170.0,86.87,277530.0
889,2022-09-07,19281.5,319100.0,1629.51,976590.0,7.842,127190.0,81.94,380780.0
890,2022-09-08,19317.4,291430.0,1634.85,772840.0,7.954,90500.0,83.54,342760.0
891,2022-09-09,21365.2,480370.0,1718.81,969870.0,7.996,90500.0,86.79,305190.0
892,2022-09-12,22395.3,431980.0,1716.42,727780.0,8.249,106170.0,87.78,275100.0
893,2022-09-13,20175.5,485320.0,1574.47,1300000.0,8.284,108830.0,87.31,348000.0
894,2022-09-14,20222.5,374220.0,1637.92,858280.0,9.114,137210.0,88.48,335380.0
895,2022-09-15,19701.7,358420.0,1472.64,1660000.0,8.324,127210.0,85.1,235360.0
896,2022-09-16,19802.4,315590.0,1434.01,829010.0,7.764,96570.0,85.11,87830.0
897,2022-09-19,19538.9,423430.0,1376.0,1110000.0,7.752,87550.0,85.73,59630.0
898,2022-09-20,18872.4,361180.0,1323.33,765140.0,7.772,42910.0,84.45,26230.0
899,2022-09-21,18489.0,446850.0,1247.74,1390000.0,7.827,60250.0,82.94,339680.0
900,2022-09-22,19404.0,448630.0,1326.44,1110000.0,7.193,94310.0,83.49,303490.0
901,2022-09-23,19293.5,431150.0,1327.96,1160000.0,6.992,123600.0,78.74,334270.0
902,2022-09-26,19225.7,516030.0,1337.06,1050000.0,7.014,81080.0,76.71,280930.0
903,2022-09-27,19081.0,660120.0,1328.23,1000000.0,6.76,130920.0,78.5,283610.0
904,2022-09-28,19411.0,581190.0,1337.37,1080000.0,6.868,1870.0,82.15,324680.0
905,2022-09-29,19593.0,449570.0,1336.08,871660.0,6.874,85720.0,81.23,286130.0
906,2022-09-30,19423.0,490290.0,1328.73,866630.0,6.766,97370.0,79.49,253150.0
907,2022-10-03,19628.3,333030.0,1323.41,604190.0,6.47,104480.0,83.63,287170.0
908,2022-10-04,20340.2,368170.0,1361.48,550050.0,6.837,121680.0,86.52,302550.0
909,2022-10-05,20157.5,352760.0,1352.07,564420.0,6.93,80870.0,87.76,329790.0
910,2022-10-06,19956.7,370600.0,1352.27,680650.0,6.972,109940.0,88.45,235300.0
911,2022-10-07,19531.3,263500.0,1330.99,574760.0,6.748,124710.0,92.64,429160.0
912,2022-10-10,19134.6,243770.0,1290.04,451440.0,6.435,114240.0,91.13,289510.0
913,2022-10-11,19059.1,288570.0,1279.97,498630.0,6.596,106890.0,89.35,333160.0
914,2022-10-12,19154.8,242180.0,1294.57,418570.0,6.435,112380.0,87.27,332270.0
915,2022-10-13,19379.8,455130.0,1287.34,1090000.0,6.741,131390.0,89.11,298030.0
916,2022-10-14,19181.8,400450.0,1296.74,734030.0,6.453,96730.0,85.61,237030.0
917,2022-10-17,19548.2,248400.0,1331.12,498150.0,5.999,132420.0,85.46,172020.0
918,2022-10-18,19328.2,290070.0,1310.81,625850.0,5.745,102090.0,82.82,97300.0
919,2022-10-19,19123.9,209280.0,1285.32,406740.0,5.462,107160.0,85.55,71310.0
920,2022-10-20,19042.9,253200.0,1282.87,483190.0,5.358,104220.0,85.98,18180.0
921,2022-10-21,19162.6,294660.0,1299.76,525540.0,4.959,101730.0,85.05,272800.0
922,2022-10-24,19331.5,286940.0,1343.88,665580.0,5.199,69670.0,84.58,250730.0
923,2022-10-25,20082.7,371540.0,1459.6,1280000.0,5.613,39950.0,85.32,240440.0
924,2022-10-26,20769.5,427990.0,1566.16,1430000.0,5.606,36780.0,87.91,287180.0
925,2022-10-27,20292.9,365490.0,1514.19,1020000.0,5.186,1730.0,89.08,292560.0
926,2022-10-28,20594.4,318900.0,1554.47,966350.0,5.684,84710.0,87.9,263400.0
927,2022-10-31,20496.3,327470.0,1572.89,938650.0,6.355,128750.0,86.53,285340.0
928,2022-11-01,20483.5,302720.0,1579.64,593310.0,5.714,136650.0,88.37,274320.0
929,2022-11-02,20154.4,420230.0,1519.04,1140000.0,6.268,104850.0,90.0,280960.0
930,2022-11-03,20206.4,347230.0,1531.08,631900.0,5.975,98530.0,88.17,239820.0
931,2022-11-04,21145.9,499500.0,1645.01,1070000.0,6.4,117250.0,92.61,354060.0
932,2022-11-07,20589.0,414240.0,1567.57,719300.0,6.944,171260.0,91.79,322420.0
933,2022-11-08,18527.4,865100.0,1335.25,2870000.0,6.138,146540.0,88.91,344220.0
934,2022-11-09,15886.9,869570.0,1100.84,2920000.0,5.865,134650.0,85.83,388300.0
935,2022-11-10,17589.1,720740.0,1299.15,2190000.0,6.239,101640.0,86.47,340010.0
936,2022-11-11,17049.9,466350.0,1288.63,1450000.0,5.879,110490.0,88.96,301660.0
937,2022-11-14,16613.7,442460.0,1242.64,1010000.0,5.933,110910.0,85.87,315450.0
938,2022-11-15,16895.1,337150.0,1253.45,686180.0,6.034,76930.0,86.92,331710.0
939,2022-11-16,16540.5,295730.0,1206.16,705310.0,6.2,112920.0,85.59,225670.0
940,2022-11-17,16691.2,257000.0,1205.17,567610.0,6.369,106770.0,81.64,138480.0
941,2022-11-18,16638.3,241960.0,1207.31,388690.0,6.303,102560.0,80.08,96580.0
942,2022-11-21,15776.2,372150.0,1107.46,981810.0,6.776,107820.0,79.73,21980.0
943,2022-11-22,16212.9,287210.0,1139.74,815180.0,6.779,73120.0,80.95,269620.0
944,2022-11-23,16623.9,305080.0,1185.79,688960.0,7.308,59050.0,77.94,379150.0
945,2022-11-25,16512.3,204070.0,1198.12,426960.0,7.024,35510.0,76.28,266450.0
946,2022-11-28,16211.7,284840.0,1167.73,518170.0,6.712,3650.0,77.24,405030.0
947,2022-11-29,16440.4,271580.0,1216.55,549930.0,7.235,101680.0,78.2,381870.0
948,2022-11-30,17163.9,348220.0,1294.41,858510.0,6.93,107310.0,80.56,139840.0
949,2022-12-01,16972.0,266140.0,1276.05,453590.0,6.738,94560.0,81.33,139840.0
950,2022-12-02,17093.6,227010.0,1295.69,393370.0,6.169,29960.0,80.3,139840.0
951,2022-12-05,16966.5,268720.0,1259.56,430540.0,5.484,48480.0,77.4,139840.0
952,2022-12-06,17089.3,246190.0,1271.26,342160.0,5.378,42690.0,74.47,139840.0
953,2022-12-07,16835.2,244360.0,1231.04,422120.0,5.617,67440.0,72.58,139840.0
954,2022-12-08,17225.7,261640.0,1280.29,447070.0,5.82,49950.0,72.06,139840.0
955,2022-12-09,17125.7,260840.0,1262.86,437550.0,6.082,48190.0,71.5,139840.0
956,2022-12-12,17210.4,249390.0,1275.02,395620.0,6.416,62490.0,73.44,139840.0
957,2022-12-13,17778.6,328710.0,1320.76,717710.0,6.733,55830.0,75.19,139840.0
958,2022-12-14,17796.4,318980.0,1307.3,614310.0,6.22,52190.0,77.27,139840.0
959,2022-12-15,17356.1,263440.0,1266.32,446340.0,6.589,63690.0,76.25,139840.0
960,2022-12-16,16629.6,303560.0,1166.7,829230.0,6.303,48450.0,74.45,139840.0
961,2022-12-19,16441.3,207930.0,1167.8,337020.0,5.71,65660.0,75.89,139840.0
962,2022-12-20,16902.8,284570.0,1217.2,497610.0,5.216,77840.0,76.23,139840.0
963,2022-12-21,16831.8,174340.0,1213.85,269180.0,5.238,55520.0,78.24,139840.0
964,2022-12-22,16820.6,198280.0,1217.57,383630.0,4.928,82270.0,78.45,139840.0
965,2022-12-23,16779.1,184120.0,1220.03,301170.0,4.98,87380.0,79.34,139840.0
966,2022-12-27,16706.1,192180.0,1211.6,290020.0,5.282,41150.0,79.77,139840.0
967,2022-12-28,16546.2,217960.0,1189.98,407450.0,4.709,1720.0,78.6,139840.0
968,2022-12-29,16636.4,181470.0,1200.84,272590.0,4.559,78440.0,78.61,139840.0
969,2022-12-30,16607.2,192760.0,1199.8,285770.0,4.475,62280.0,80.47,139840.0
970,2023-01-03,16674.2,178730.0,1214.57,219980.0,3.988,116840.0,77.12,139840.0
971,2023-01-04,16852.1,247390.0,1256.92,504280.0,4.172,99760.0,73.1,149770.0
972,2023-01-05,16829.8,178960.0,1250.95,289490.0,3.72,116680.0,73.92,112450.0
973,2023-01-06,16950.9,233470.0,1269.14,369540.0,3.71,105050.0,74.04,95220.0
974,2023-01-09,17180.1,301240.0,1320.51,629220.0,3.91,130280.0,74.92,154200.0
975,2023-01-10,17439.1,247140.0,1335.13,487240.0,3.639,112230.0,75.37,164980.0
976,2023-01-11,17942.3,291530.0,1389.84,509990.0,3.671,133200.0,77.68,179830.0
977,2023-01-12,18851.3,522010.0,1416.08,960620.0,3.695,123740.0,78.65,188060.0
978,2023-01-13,19927.0,426670.0,1450.86,552050.0,3.419,112100.0,80.11,189320.0
979,2023-01-17,21137.1,310040.0,1564.67,536730.0,3.586,143310.0,80.45,267910.0
980,2023-01-18,20670.6,388670.0,1511.31,801710.0,3.311,119850.0,79.8,326230.0
981,2023-01-19,21081.2,275760.0,1551.62,329040.0,3.275,99670.0,80.61,321130.0
982,2023-01-20,22677.2,373740.0,1659.98,472150.0,3.174,106740.0,81.64,300150.0
983,2023-01-23,22915.5,327850.0,1626.53,436570.0,3.222,139300.0,81.62,297080.0
984,2023-01-24,22632.5,334170.0,1556.15,493470.0,3.057,133730.0,80.13,288210.0
985,2023-01-25,23055.1,388180.0,1611.2,681590.0,2.915,152920.0,80.15,297230.0
986,2023-01-26,23016.0,320970.0,1602.55,552260.0,2.848,222210.0,81.01,291060.0
987,2023-01-27,23074.6,310360.0,1597.6,533750.0,2.849,128690.0,79.68,367590.0
988,2023-01-30,22832.2,339620.0,1566.5,630550.0,2.731,61800.0,77.9,327430.0
989,2023-01-31,23125.1,289380.0,1585.27,368940.0,2.741,80030.0,78.87,312730.0
990,2023-02-01,23725.6,333180.0,1642.1,505440.0,2.536,88090.0,76.41,360860.0
991,2023-02-02,23427.6,382860.0,1641.71,685270.0,2.522,70790.0,75.88,339760.0
992,2023-02-03,23431.2,349360.0,1663.79,489790.0,2.48,63360.0,73.39,413410.0
993,2023-02-06,22761.8,278580.0,1613.72,401030.0,2.535,64959.99999999999,74.11,380030.0
994,2023-02-07,23251.7,318980.0,1671.4,481910.0,2.664,119360.0,77.14,408280.0
995,2023-02-08,22964.6,289120.0,1650.99,447570.0,2.477,93350.0,78.47,353470.0
996,2023-02-09,21792.5,425440.0,1545.35,702210.0,2.492,112910.0,78.06,324160.0
997,2023-02-10,21635.0,352790.0,1513.82,523330.00000000006,2.607,135220.0,79.72,356060.0
998,2023-02-13,21772.6,312040.0,1505.84,681850.0,2.499,144730.0,80.14,301300.0
999,2023-02-14,22198.5,378390.0,1555.46,705280.0,2.652,120080.0,79.06,299940.0
1000,2023-02-15,24327.9,401530.0,1675.43,627070.0,2.555,106900.0,78.59,264490.0
1001,2023-02-16,23539.6,484500.0,1640.66,894270.0,2.485,101080.0,78.49,117600.0
1002,2023-02-17,24573.5,523850.0,1693.96,617210.0,2.352,132580.0,76.34,93270.0
1003,2023-02-21,24450.7,395970.0,1659.41,554520.0,2.177,175520.0,76.16,35480.0
1004,2023-02-22,24186.6,400240.0,1643.39,560400.0,2.174,57850.0,73.95,332020.0
1005,2023-02-23,23936.3,417460.0,1650.52,529750.0,2.314,57090.0,75.39,333840.0
1006,2023-02-24,23191.5,367990.0,1608.24,548070.0,2.451,3050.0,76.32,313040.0
1007,2023-02-27,23494.1,297650.0,1633.66,458530.0,2.731,238900.0,75.68,266090.0
1008,2023-02-28,23130.5,275100.0,1604.69,411490.0,2.747,160840.0,77.05,300090.0
1009,2023-03-01,23642.2,328770.0,1666.09,497120.0,2.811,157120.0,77.69,342120.0
1010,2023-03-02,23465.4,249260.0,1647.38,440630.0,2.765,134240.0,78.16,260330.0
1011,2023-03-03,22354.4,344630.0,1568.89,783740.0,3.009,185070.0,79.68,374200.0
1012,2023-03-06,22410.0,215310.0,1565.84,322160.0,2.572,246370.0,80.46,292350.0
1013,2023-03-07,22197.8,304750.0,1561.78,460100.0,2.687,149480.0,77.58,398240.0
1014,2023-03-08,21710.8,316510.0,1533.04,478440.0,2.551,132610.0,76.66,335930.0
1015,2023-03-09,20361.8,468760.0,1438.5,764770.0,2.543,138150.0,75.72,349960.0
1016,2023-03-10,20156.7,655270.0,1426.75,1010000.0,2.43,127170.0,76.68,371830.0
1017,2023-03-13,24114.4,733630.0,1673.93,1300000.0,2.606,146570.0,74.8,457420.0
1018,2023-03-14,24699.7,753060.0,1700.15,1360000.0,2.573,93920.0,71.33,432860.0
1019,2023-03-15,24282.7,614310.0,1649.65,1020000.0,2.546,117570.0,67.61,555160.0
1020,2023-03-16,25004.1,462580.0,1673.85,660140.0,2.626,93850.0,68.35,327120.0
1021,2023-03-17,27391.8,674960.0,1789.38,975130.0,2.446,101400.0,66.74,152260.0
1022,2023-03-20,27720.5,503900.0,1732.31,716260.0,2.331,101860.0,67.64,76870.0
1023,2023-03-21,28114.0,438780.0,1803.54,779810.0,2.485,151460.0,69.33,26350.0
1024,2023-03-22,27261.7,262030.0,1734.48,933240.0,2.307,133980.0,70.9,337640.0
1025,2023-03-23,28310.7,158460.0,1814.08,767730.0,2.283,106540.0,69.96,335240.0
1026,2023-03-24,27462.2,110360.0,1749.26,602300.0,2.361,122740.0,69.26,380850.0
1027,2023-03-27,27129.8,107240.0,1714.65,607000.0,2.088,39810.0,72.81,353600.0
1028,2023-03-28,27262.2,94160.0,1772.63,561330.0,2.03,62600.0,73.2,328470.0
1029,2023-03-29,28350.4,109320.0,1793.27,564930.0,1.991,3490.0,72.97,312670.0
1030,2023-03-30,28029.5,122510.0,1793.59,607740.0,2.104,153730.0,74.37,269740.0
1031,2023-03-31,28473.7,98440.0,1821.62,579010.0,2.216,164650.0,75.67,304360.0
1032,2023-04-03,27802.1,98000.0,1810.77,657580.0,2.097,173580.0,80.42,547130.0
1033,2023-04-04,28164.4,64060.0,1870.52,658370.0,2.106,149120.0,80.71,343570.0
1034,2023-04-05,28173.5,77320.0,1908.96,583840.0,2.155,147110.0,80.61,254970.0
1035,2023-04-06,28036.7,51290.0,1872.35,420800.0,2.011,189060.0,80.7,259520.0
1036,2023-04-10,29641.0,85730.0,1910.36,457410.0,2.172,256800.0,79.74,264910.0
1037,2023-04-11,30209.6,89380.0,1889.86,428260.0,2.186,220670.0,81.53,309680.0
1038,2023-04-12,29886.4,78690.0,1916.58,669430.0,2.093,247320.0,83.26,356130.0
1039,2023-04-13,30387.4,65870.0,2012.11,721560.0,2.007,224380.0,82.16,261230.00000000003
1040,2023-04-14,30472.5,98380.0,2099.98,957030.0,2.114,226790.0,82.52,275130.0
1041,2023-04-17,29434.9,71900.0,2074.74,448140.0,2.275,191440.0,80.83,217050.0
1042,2023-04-18,30382.2,76580.0,2103.34,437100.0,2.366,120610.0,80.86,96290.0
1043,2023-04-19,28813.7,111270.0,1935.97,855360.0,2.222,147570.0,79.16,78310.0
1044,2023-04-20,28240.5,95450.0,1942.72,665650.0,2.249,115590.0,77.29,24990.0
1045,2023-04-21,27264.8,98720.0,1849.81,769940.0,2.233,82960.0,77.87,291110.0
1046,2023-04-24,27509.3,66740.0,1841.88,480280.0,2.273,56320.0,78.76,306720.0
1047,2023-04-25,28298.8,65310.0,1865.95,491980.0,2.307,66130.0,77.07,361650.0
1048,2023-04-26,28424.6,164310.0,1866.05,958230.0,2.117,2410.0,74.3,497780.0
1049,2023-04-27,29475.9,121630.0,1908.81,771480.0,2.355,105220.0,74.76,345880.0
1050,2023-04-28,29321.8,69880.0,1891.14,408450.0,2.41,176420.0,76.78,328400.0
1051,2023-05-01,28077.6,84360.0,1830.75,475920.0,2.318,108990.0,75.66,215020.0
1052,2023-05-02,28669.1,65330.0,1869.74,391270.0,2.214,127230.0,71.66,417820.0
1053,2023-05-03,29023.6,81220.0,1904.74,489660.0,2.17,130330.0,68.6,490520.0
1054,2023-05-04,28842.1,53800.0,1877.06,372690.0,2.101,113280.0,68.56,412500.0
1055,2023-05-05,29513.2,74520.0,1993.33,589050.0,2.137,120690.0,71.34,330590.0
1056,2023-05-08,27670.5,85720.0,1847.48,667820.0,2.238,125350.0,73.16,290080.0
1057,2023-05-09,27634.9,49750.0,1846.56,318790.0,2.267,134530.0,73.71,317490.0
1058,2023-05-10,27603.3,91450.0,1840.92,685110.0,2.191,126490.0,72.56,351510.0
1059,2023-05-11,26983.5,62850.0,1794.71,548420.0,2.345,89130.0,70.87,365890.0
1060,2023-05-12,26799.2,87490.0,1807.31,598870.0,2.438,131020.0,70.04,275440.0
1061,2023-05-15,27183.9,53270.0,1817.11,405840.0,2.375,142750.0,71.11,259010.0
1062,2023-05-16,27035.3,45290.0,1823.98,325770.0,2.376,135430.0,70.86,232330.0
1063,2023-05-17,27403.1,58140.0,1821.73,376260.0,2.365,139260.0,72.83,273710.0
1064,2023-05-18,26828.0,63390.0,1800.99,311240.0,2.592,186290.0,71.86,80860.0
1065,2023-05-19,26882.9,36670.0,1812.32,253500.0,2.585,162130.0,71.55,69950.0
1066,2023-05-22,26847.3,35560.0,1817.19,250270.0,2.4,114480.0,71.99,18680.0
1067,2023-05-23,27220.7,50890.0,1854.08,428050.0,2.321,58740.0,72.91,317590.0
1068,2023-05-24,26328.4,72650.0,1799.91,441640.0,2.398,33040.0,74.34,386610.0
1069,2023-05-25,26475.8,50170.0,1805.69,370600.0,2.307,48660.0,71.83,422640.0
1070,2023-05-26,26711.5,45880.0,1827.8,290890.0,2.181,2170.0,72.67,261500.0
1071,2023-05-30,27698.2,45190.0,1900.59,288670.0,2.327,183530.0,69.46,440860.0
1072,2023-05-31,27216.1,63080.0,1873.63,337870.0,2.266,151830.0,68.09,444790.0
1073,2023-06-01,26819.0,51980.0,1861.77,286980.0,2.158,210620.0,70.1,395390.0
1074,2023-06-02,27244.7,49370.0,1907.1,329160.0,2.172,155170.0,71.74,322600.0
1075,2023-06-05,25747.4,85420.0,1811.2,588610.0,2.245,149920.0,72.15,383940.0
1076,2023-06-06,27230.2,88610.0,1884.17,518570.00000000006,2.262,147730.0,71.74,314960.0
1077,2023-06-07,26342.5,77480.0,1832.1,454830.0,2.329,182390.0,72.53,299130.0
1078,2023-06-08,26501.1,39950.0,1845.68,202780.0,2.352,217010.0,71.29,485400.0
1079,2023-06-09,26479.3,38960.0,1840.41,215710.0,2.254,169480.0,70.17,300720.0
1080,2023-06-12,25906.8,40750.0,1742.6,320470.0,2.266,174480.0,67.12,404770.0
1081,2023-06-13,25929.4,56240.0,1739.6,303230.0,2.34,179760.0,69.42,366350.0
1082,2023-06-14,25129.5,60820.0,1650.96,451130.0,2.342,141180.0,68.27,304450.0
1083,2023-06-15,25591.3,68380.0,1666.96,397400.0,2.533,260280.0,70.62,115610.0
1084,2023-06-16,26341.3,69240.0,1717.92,333350.0,2.632,194540.0,71.78,99190.0
1085,2023-06-20,28307.7,100550.0,1791.61,359770.0,2.492,198220.0,70.5,28740.0
1086,2023-06-21,29996.9,143490.0,1889.87,653630.0,2.597,125410.0,72.53,264660.0
1087,2023-06-22,29890.5,79220.0,1872.32,438750.0,2.608,109160.0,69.51,421350.0
1088,2023-06-23,30679.4,98850.0,1891.97,428030.0,2.729,84430.0,69.16,322480.0
1089,2023-06-26,30267.0,58710.0,1859.0,479760.0,2.791,31600.0,69.37,280120.0
1090,2023-06-27,30689.1,55820.0,1889.51,386050.0,2.763,71150.0,67.7,384750.0
1091,2023-06-28,30078.6,51060.0,1827.95,356710.0,2.603,1320.0,69.56,368300.0
1092,2023-06-29,30445.7,49570.0,1851.92,256220.00000000003,2.701,118610.0,69.86,292870.0
1093,2023-06-30,30472.9,118650.0,1933.8,765420.0,2.798,147270.0,70.64,299870.0
1094,2023-07-03,31151.3,56490.0,1955.56,346330.0,2.709,79620.0,69.79,303480.0
1095,2023-07-05,30512.8,43230.0,1910.43,284340.0,2.657,124910.0,71.79,456810.0
1096,2023-07-06,29913.1,90810.0,1848.36,483000.0,2.609,109300.0,71.8,395380.0
1097,2023-07-07,30346.4,46420.0,1870.92,249820.0,2.582,103590.0,73.86,362630.0
1098,2023-07-10,30415.3,55240.0,1880.42,264830.0,2.669,124500.0,72.99,301010.0
1099,2023-07-11,30623.3,39840.0,1878.33,191470.0,2.731,130580.0,74.83,326880.0
1100,2023-07-12,30387.3,54060.0,1871.86,280910.0,2.597,99290.0,75.75,352890.0
1101,2023-07-13,31466.1,99810.0,2004.77,588530.0,2.534,120190.0,76.89,379730.0
1102,2023-07-14,30317.4,82420.0,1938.05,530860.0,2.53,115680.0,75.42,299580.0
1103,2023-07-17,30139.7,42840.0,1911.24,293540.0,2.504,90910.0,74.15,244790.0
1104,2023-07-18,29866.8,42400.0,1897.58,233000.0,2.618,101520.0,75.75,125090.0
1105,2023-07-19,29909.7,34960.0,1888.65,244920.0,2.585,81160.0,75.35,92920.0
1106,2023-07-20,29801.0,50330.0,1891.23,321920.0,2.731,147710.0,75.63,23710.0
1107,2023-07-21,29903.1,32590.000000000004,1891.75,176390.0,2.707,103190.0,77.07,308110.0
1108,2023-07-24,29178.1,55730.0,1850.04,297130.0,2.685,54170.0,78.74,368290.0
1109,2023-07-25,29228.6,29050.0,1857.67,161060.0,2.73,35550.0,79.63,349600.0
1110,2023-07-26,29352.2,44330.0,1872.0,286610.0,2.665,37310.0,78.78,322030.0
1111,2023-07-27,29222.7,30420.0,1861.32,176210.0,2.492,2420.0,80.09,374360.0
1112,2023-07-28,29315.0,31420.0,1874.23,148920.0,2.638,136510.0,80.58,299550.0
1113,2023-07-31,29232.4,31840.0,1856.17,177970.0,2.634,97880.0,81.8,297270.0
1114,2023-08-01,29712.2,64010.00000000001,1874.21,386290.0,2.56,135520.0,81.37,307860.0
1115,2023-08-02,29173.7,67410.0,1840.21,272700.0,2.477,147610.0,79.49,414830.0
1116,2023-08-03,29189.3,36080.0,1835.98,182560.0,2.565,139150.0,81.55,402640.0
1117,2023-08-04,29105.5,31430.0,1830.24,199600.0,2.577,104010.0,82.82,320870.0
1118,2023-08-07,29204.2,41190.0,1829.11,243920.0,2.725,228910.0,81.94,293040.0
1119,2023-08-08,29777.4,62570.0,1856.24,253390.0,2.777,186800.0,82.92,424550.0
1120,2023-08-09,29578.0,49670.0,1855.36,203580.0,2.959,312250.0,84.4,478140.0
1121,2023-08-10,29449.0,32000.0,1852.46,134210.0,2.763,230510.0,82.82,362190.0
1122,2023-08-11,29420.8,27710.0,1848.88,120550.0,2.77,163960.0,83.19,331250.0
1123,2023-08-14,29426.7,39300.0,1845.51,158110.0,2.795,93500.0,82.51,277350.0
1124,2023-08-15,29195.3,33810.0,1828.98,196600.0,2.659,158890.0,80.99,303210.0
1125,2023-08-16,28726.3,43710.0,1807.81,217470.0,2.592,142520.0,79.38,325400.0
1126,2023-08-17,26635.7,132920.0,1683.89,876700.0,2.621,119540.0,80.39,235580.0
1127,2023-08-18,26053.2,93050.0,1661.26,572900.0,2.551,128030.0,81.25,128090.0
1128,2023-08-21,26126.0,41100.0,1667.6,265910.0,2.632,102630.0,80.72,115870.0
1129,2023-08-22,26039.9,47720.0,1634.29,424510.0,2.56,111970.0,80.35,21690.0
1130,2023-08-23,26436.2,60960.0,1679.93,399710.0,2.497,93840.0,78.89,378150.0
1131,2023-08-24,26177.0,41040.0,1660.89,246620.0,2.519,76080.0,79.05,349230.0
1132,2023-08-25,26057.2,39960.0,1653.74,250860.0,2.54,31330.0,79.83,411410.0
1133,2023-08-28,26118.9,28840.0,1653.22,229390.0,2.579,58220.0,80.1,246580.0
1134,2023-08-29,27723.9,98320.0,1729.69,528630.0,2.556,2350.0,81.16,284170.0
1135,2023-08-30,27298.8,46540.0,1705.22,218440.0,2.796,146880.0,81.63,299420.0
1136,2023-08-31,25937.3,69110.0,1645.82,355270.0,2.768,176020.0,83.63,368850.0
1137,2023-09-01,25803.2,58080.0,1629.0,319190.0,2.765,127250.0,85.55,420460.0
1138,2023-09-05,25790.2,28400.0,1634.46,219790.0,2.582,178330.0,86.69,452910.0
1139,2023-09-06,25758.0,37780.0,1633.18,240730.0,2.51,116660.0,87.54,307120.0
1140,2023-09-07,26249.8,39770.0,1648.09,243550.0,2.579,140330.0,86.87,270740.0
1141,2023-09-08,25909.5,41010.0,1636.45,236380.0,2.605,101230.0,87.51,294440.0
1142,2023-09-11,25166.4,56320.0,1551.89,444950.0,2.608,110880.0,87.29,292390.0
1143,2023-09-12,25834.5,78710.0,1592.5,354590.0,2.743,202190.0,88.84,341140.0
1144,2023-09-13,26223.0,42580.0,1607.63,238310.0,2.68,191710.0,88.52,345970.0
1145,2023-09-14,26524.7,53820.0,1626.49,293640.0,2.708,154080.0,90.16,325270.0
1146,2023-09-15,26601.0,36470.0,1641.31,194290.0,2.644,127780.0,90.77,315000.0
1147,2023-09-18,26763.5,63350.0,1636.92,302350.0,2.728,128310.0,91.48,119260.0
1148,2023-09-19,27209.2,52170.0,1643.08,201840.0,2.848,164810.0,91.2,94600.0
1149,2023-09-20,27125.0,47230.0,1622.28,253880.0,2.733,140310.0,90.28,35990.0
1150,2023-09-21,26570.0,47810.0,1584.03,264250.0,2.61,99970.0,89.63,351030.0
1151,2023-09-22,26581.9,28790.0,1593.1,135120.0,2.637,52640.0,90.03,402090.0
1152,2023-09-25,26302.7,38200.0,1588.62,191410.0,2.639,36180.0,89.68,328370.0
1153,2023-09-26,26218.9,26410.0,1594.04,141610.0,2.656,57090.0,90.39,318020.0
1154,2023-09-27,26366.1,50800.0,1598.49,307590.0,2.764,1880.0,93.68,504630.0
1155,2023-09-28,27022.6,64560.0,1652.89,354030.0,2.945,123670.0,91.71,406710.0
1156,2023-09-29,26909.8,42240.0,1667.72,273450.0,2.929,114660.0,90.79,355780.0
1157,2023-10-02,27505.3,84300.0,1662.79,412810.0,2.84,124340.0,88.82,334490.0
1158,2023-10-03,27428.4,44060.0,1656.88,216110.0,2.949,128580.0,89.23,350660.0
1159,2023-10-04,27790.9,40930.0,1647.05,243080.0,2.962,155570.0,84.22,460000.0
1160,2023-10-05,27410.3,46260.0,1611.58,253050.0,3.166,220410.0,82.31,466000.0
1161,2023-10-06,27936.9,52510.0,1645.62,238240.0,3.338,248000.0,82.79,461140.0
1162,2023-10-09,27581.4,44810.0,1579.74,372110.0,3.376,208300.0,86.38,435040.0
1163,2023-10-10,27391.0,34320.0,1567.6,255410.0,3.382,170100.0,85.97,337650.0
1164,2023-10-11,26876.6,55780.0,1566.88,279010.0,3.377,211410.0,83.49,425400.0
1165,2023-10-12,26761.1,32750.0,1539.7,260590.0,3.344,160320.0,82.91,373490.0
1166,2023-10-13,26863.5,33660.0,1552.17,208910.0,3.236,139190.0,87.69,356860.0
1167,2023-10-16,28509.7,119180.0,1599.48,452690.0,3.109,165020.0,86.66,235780.0
1168,2023-10-17,28403.6,53420.0,1564.99,250220.0,3.079,133590.0,86.66,197120.0
1169,2023-10-18,28321.7,45010.0,1563.43,199430.0,3.056,122850.0,88.32,92800.0
1170,2023-10-19,28723.0,50100.0,1566.79,238420.0,2.957,138650.0,89.37,72060.0
1171,2023-10-20,29674.5,82680.0,1603.89,343610.0,2.899,144040.0,88.75,27310.0
1172,2023-10-23,33041.8,133460.0,1763.75,672280.0,2.926,99130.0,85.49,315520.0
1173,2023-10-24,33917.0,159080.0,1784.88,750210.0,2.971,65430.00000000001,83.74,370590.0
1174,2023-10-25,34496.8,75810.0,1787.0,389390.0,3.01,31460.0,85.39,429460.0
1175,2023-10-26,34153.7,56620.0,1803.13,471170.0,3.214,88610.0,83.21,341790.0
1176,2023-10-27,33901.8,47330.0,1779.54,298240.0,3.164,4090.0,85.54,333760.0
1177,2023-10-30,34477.9,45200.0,1809.05,304470.0,3.352,119530.0,82.31,356930.0
1178,2023-10-31,34650.6,43400.0,1815.13,279110.0,3.575,238330.0,81.02,346010.0
1179,2023-11-01,35423.8,71660.0,1846.6,509010.0,3.494,151260.0,80.44,321590.0
1180,2023-11-02,34931.4,63660.0,1800.27,398430.0,3.472,118510.0,82.46,307120.0
1181,2023-11-03,34718.7,54540.0,1832.29,337000.0,3.515,110110.0,80.51,457280.0
1182,2023-11-06,35042.0,29810.0,1900.98,359000.0,3.264,185740.0,80.82,271130.0
1183,2023-11-07,35426.1,53490.0,1885.97,370100.0,3.14,186180.0,77.37,396290.0
1184,2023-11-08,35636.9,46330.0,1889.29,265080.0,3.106,172750.0,75.33,429650.0
1185,2023-11-09,36700.5,115560.0,2120.16,1210000.0,3.041,142580.0,75.74,303430.0
1186,2023-11-10,37303.0,59560.0,2077.78,640310.0,3.033,106720.0,77.17,267000.0
1187,2023-11-13,36478.3,44550.0,2054.18,578440.0,3.197,165650.0,78.26,262900.0
1188,2023-11-14,35549.3,63560.0,1979.1,521220.0,3.106,146720.0,78.26,263000.0
1189,2023-11-15,37874.9,75510.0,2058.93,455570.0,3.362,109450.0,76.66,282300.0
1190,2023-11-16,36161.2,66920.0,1961.76,585120.0,3.239,166400.0,72.9,125170.0
1191,2023-11-17,36595.4,51370.0,1960.8,430920.0,3.131,146650.0,75.89,101480.0
1192,2023-11-20,37454.1,51800.0,2021.49,455230.0,2.882,113700.0,77.6,27250.0
1193,2023-11-21,35813.6,71070.0,1934.62,527410.0,2.846,103670.0,77.77,238630.0
1194,2023-11-22,37410.8,64810.0,2063.05,506350.0,2.897,59220.0,77.1,389330.0
1195,2023-11-24,37717.3,65830.0,2080.62,460970.0,2.855,34120.0,75.54,281150.0
1196,2023-11-27,37248.6,45240.0,2027.51,354280.0,2.794,67040.0,74.86,289560.0
1197,2023-11-28,37823.3,57500.0,2048.47,312940.0,2.706,4140.0,76.41,286620.0
1198,2023-11-29,37855.5,49340.0,2028.99,269970.0,2.804,141590.0,77.86,322170.0
1199,2023-11-30,37712.9,33530.0,2051.56,252490.0,2.802,147750.0,75.96,559170.0
1200,2023-12-01,38688.2,62500.0,2087.21,402510.0,2.773,48470.0,74.07,358980.0
1201,2023-12-04,41987.8,104210.0,2243.54,601450.0,2.651,53830.0,73.04,388830.0
1202,2023-12-05,44076.2,96840.0,2293.34,561410.0,2.667,42490.0,72.32,358700.0
1203,2023-12-06,43776.3,72520.0,2233.45,431570.0,2.517,82950.0,69.38,436800.0
1204,2023-12-07,43289.7,63090.0,2355.8,518610.0,2.52,125250.0,69.34,339000.0
1205,2023-12-08,44175.5,58440.0,2358.42,397410.0,2.504,88300.0,71.23,302250.0
1206,2023-12-11,41256.1,105190.0,2225.34,678030.0,2.35,144300.0,71.32,274410.0
1207,2023-12-12,41487.0,57040.0,2203.49,377050.0,2.311,223460.0,68.61,324530.0
1208,2023-12-13,42884.5,63110.0,2260.18,436640.0,2.335,255190.0,69.47,307000.0
1209,2023-12-14,43025.9,59150.0,2315.64,461600.0,2.392,159490.0,71.58,275690.0
1210,2023-12-15,41929.0,45280.0,2220.41,349630.0,2.491,189240.0,71.43,95510.0
1211,2023-12-18,42659.7,61580.0,2218.8,388260.0,2.503,154300.0,72.47,73940.0
1212,2023-12-19,42259.3,55290.0,2177.44,400940.0,2.492,170440.0,73.44,25690.0
1213,2023-12-20,43662.8,70190.0,2202.19,440350.0,2.447,125260.0,74.22,273360.0
1214,2023-12-21,43865.9,48960.0,2239.62,471460.0,2.572,84550.0,73.89,251980.0
1215,2023-12-22,43968.9,44500.0,2324.23,620730.0,2.61,42840.0,73.56,222600.0
1216,2023-12-26,42513.3,56030.0,2230.74,429500.0,2.55,50760.0,75.57,208720.0
1217,2023-12-27,43446.5,50100.0,2378.63,577270.0,2.619,3930.0,74.11,253320.0
1218,2023-12-28,42581.1,49840.0,2344.47,626910.0,2.557,116060.0,71.77,262750.0
1219,2023-12-29,42072.4,60980.0,2299.24,475370.0,2.514,89600.0,71.65,214490.0
1220,2024-01-02,44943.7,97840.0,2355.27,491560.0,2.568,132450.0,70.38,330990.0
1221,2024-01-03,42836.1,117650.0,2209.49,852010.0,2.668,166470.0,72.7,334860.0
1222,2024-01-04,44157.0,68050.0,2267.27,467010.0,2.821,206310.0,72.19,344470.0
1223,2024-01-05,44156.9,68070.0,2268.12,426010.0,2.893,187500.0,73.81,325530.0
1224,2024-01-08,46962.2,103090.0,2330.98,565230.0,2.98,237670.0,70.77,392250.0
1225,2024-01-09,46129.0,100090.0,2344.67,588190.0,3.19,351780.0,72.24,363450.0
1226,2024-01-10,46629.3,131480.0,2581.79,1120000.0,3.039,258010.0,71.37,352770.0
1227,2024-01-11,46348.2,131040.0,2618.08,889360.0,3.097,235030.0,72.02,373650.0
1228,2024-01-12,42835.9,136920.0,2523.98,931960.0,3.313,265880.0,72.68,403640.0
1229,2024-01-16,43145.5,63930.0,2588.64,395070.0,2.9,228160.0,72.4,430440.0
1230,2024-01-17,42768.7,50440.0,2531.26,380900.0,2.87,150330.0,72.56,315680.0
1231,2024-01-18,41292.7,70350.0,2469.77,467220.0,2.697,151820.0,74.08,86650.0
1232,2024-01-19,41648.0,72640.0,2491.81,443420.0,2.519,138430.0,73.41,78230.0
1233,2024-01-22,39556.4,85100.0,2313.64,560840.0,2.419,121580.0,75.19,28910.0
1234,2024-01-23,39888.8,82670.0,2243.74,750520.0,2.45,69160.0,74.37,306060.0
1235,2024-01-24,40086.0,58640.0,2234.64,373250.0,2.641,65500.0,75.09,323730.0
1236,2024-01-25,39935.7,46300.0,2217.71,344110.0,2.571,44980.0,77.36,320180.0
1237,2024-01-26,41811.3,69470.0,2267.55,377790.0,2.712,73020.0,78.01,365460.0
1238,2024-01-29,43299.8,45230.0,2317.79,318840.0,2.49,3590.0,76.78,331930.0
1239,2024-01-30,42946.2,55130.0,2343.11,387120.0,2.077,139750.0,77.82,347240.0
1240,2024-01-31,42580.5,56480.0,2283.14,408790.0,2.1,142860.0,75.85,344490.0
1241,2024-02-01,43081.4,47690.0,2304.28,323610.0,2.05,161340.0,73.82,577940.0
1242,2024-02-02,43194.7,42650.0,2309.28,246890.0,2.079,,72.28,
