,Nvidia_Price,Nvidia_Vol.,Date,Timestamp
0,37.3,52860000.0,2019-02-04,1549213200.0
1,37.49,54240000.0,2019-02-05,1549299600.0
2,38.25,70250000.0,2019-02-06,1549386000.0
3,36.85,63710000.0,2019-02-07,1549472400.0
4,37.04,46160000.0,2019-02-08,1549558800.0
5,36.61,49520000.0,2019-02-11,1549818000.0
6,37.79,59110000.0,2019-02-12,1549904400.0
7,38.22,60540000.0,2019-02-13,1549990800.0
8,38.63,82730000.0,2019-02-14,1550077200.0
9,39.34,151670000.0,2019-02-15,1550163600.0
10,39.16,55190000.0,2019-02-19,1550509200.0
11,39.64,54100000.0,2019-02-20,1550595600.0
12,38.94,44850000.0,2019-02-21,1550682000.0
13,39.8,40170000.0,2019-02-22,1550768400.0
14,39.67,65599999.99999999,2019-02-25,1551027600.0
15,39.27,48850000.0,2019-02-26,1551114000.0
16,38.85,50030000.0,2019-02-27,1551200400.0
17,38.56,32490000.000000004,2019-02-28,1551286800.0
18,39.11,35720000.0,2019-03-01,1551373200.0
19,39.2,41000000.0,2019-03-04,1551632400.0
20,39.13,36290000.0,2019-03-05,1551718800.0
21,38.01,40350000.0,2019-03-06,1551805200.0
22,37.31,45010000.0,2019-03-07,1551891600.0
23,37.66,42240000.0,2019-03-08,1551978000.0
24,40.28,85970000.0,2019-03-11,1552237200.0
25,40.63,57960000.0,2019-03-12,1552323600.0
26,42.16,76890000.0,2019-03-13,1552410000.0
27,41.39,51940000.0,2019-03-14,1552496400.0
28,42.45,66150000.00000001,2019-03-15,1552582800.0
29,42.24,48700000.0,2019-03-18,1552842000.0
30,43.93,85500000.0,2019-03-19,1552928400.0
31,43.6,71910000.0,2019-03-20,1553014800.0
32,45.98,82430000.0,2019-03-21,1553101200.0
33,44.38,74760000.0,2019-03-22,1553187600.0
34,43.45,52520000.0,2019-03-25,1553446800.0
35,44.22,70350000.0,2019-03-26,1553533200.0
36,44.12,47440000.0,2019-03-27,1553619600.0
37,44.31,48030000.0,2019-03-28,1553706000.0
38,44.89,45690000.0,2019-03-29,1553792400.0
39,45.57,48380000.0,2019-04-01,1554051600.0
40,45.75,44090000.0,2019-04-02,1554138000.0
41,47.16,78880000.0,2019-04-03,1554224400.0
42,47.06,45740000.0,2019-04-04,1554310800.0
43,47.74,48170000.0,2019-04-05,1554397200.0
44,47.95,42420000.0,2019-04-08,1554656400.0
45,47.31,44000000.0,2019-04-09,1554742800.0
46,48.02,44480000.0,2019-04-10,1554829200.0
47,47.88,37460000.0,2019-04-11,1554915600.0
48,47.5,47170000.0,2019-04-12,1555002000.0
49,46.17,44010000.0,2019-04-15,1555261200.0
50,47.05,39500000.0,2019-04-16,1555347600.0
51,46.82,35100000.0,2019-04-17,1555434000.0
52,46.58,38100000.0,2019-04-18,1555520400.0
53,47.12,27990000.0,2019-04-22,1555866000.0
54,47.67,34690000.0,2019-04-23,1555952400.0
55,47.79,31820000.0,2019-04-24,1556038800.0
56,46.73,49930000.0,2019-04-25,1556125200.0
57,44.52,86900000.0,2019-04-26,1556211600.0
58,44.83,39190000.0,2019-04-29,1556470800.0
59,45.25,36290000.0,2019-04-30,1556557200.0
60,45.12,35430000.0,2019-05-01,1556643600.0
61,45.8,39470000.0,2019-05-02,1556730000.0
62,45.75,33680000.0,2019-05-03,1556816400.0
63,44.96,42220000.0,2019-05-06,1557075600.0
64,43.28,55520000.0,2019-05-07,1557162000.0
65,43.48,41920000.0,2019-05-08,1557248400.0
66,42.55,66019999.99999999,2019-05-09,1557334800.0
67,42.2,56950000.0,2019-05-10,1557421200.0
68,39.61,65690000.0,2019-05-13,1557680400.0
69,40.51,52490000.0,2019-05-14,1557766800.0
70,39.9,50230000.0,2019-05-15,1557853200.0
71,40.05,78110000.0,2019-05-16,1557939600.0
72,39.13,102210000.0,2019-05-17,1558026000.0
73,37.94,57210000.0,2019-05-20,1558285200.0
74,38.77,36180000.0,2019-05-21,1558371600.0
75,38.05,32590000.000000004,2019-05-22,1558458000.0
76,36.83,59180000.0,2019-05-23,1558544400.0
77,36.29,35760000.0,2019-05-24,1558630800.0
78,35.83,42840000.0,2019-05-28,1558976400.0
79,35.09,55980000.0,2019-05-29,1559062800.0
80,34.78,39430000.0,2019-05-30,1559149200.0
81,33.87,38970000.0,2019-05-31,1559235600.0
82,33.45,47860000.0,2019-06-03,1559494800.0
83,35.75,64180000.00000001,2019-06-04,1559581200.0
84,35.32,51160000.0,2019-06-05,1559667600.0
85,35.95,40810000.0,2019-06-06,1559754000.0
86,36.38,34890000.0,2019-06-07,1559840400.0
87,37.11,40280000.0,2019-06-10,1560099600.0
88,37.69,38390000.0,2019-06-11,1560186000.0
89,36.55,35890000.0,2019-06-12,1560272400.0
90,37.06,30810000.0,2019-06-13,1560358800.0
91,36.16,39440000.0,2019-06-14,1560445200.0
92,36.26,27600000.0,2019-06-17,1560704400.0
93,38.22,58190000.0,2019-06-18,1560790800.0
94,38.28,33160000.0,2019-06-19,1560877200.0
95,38.52,35020000.0,2019-06-20,1560963600.0
96,37.94,43440000.0,2019-06-21,1561050000.0
97,38.16,28290000.0,2019-06-24,1561309200.0
98,37.87,31190000.0,2019-06-25,1561395600.0
99,39.81,58410000.0,2019-06-26,1561482000.0
100,40.81,44540000.0,2019-06-27,1561568400.0
101,41.06,39770000.0,2019-06-28,1561654800.0
102,41.54,71150000.0,2019-07-01,1561914000.0
103,40.56,40020000.0,2019-07-02,1562000400.0
104,40.69,24660000.0,2019-07-03,1562086800.0
105,40.06,39660000.0,2019-07-05,1562259600.0
106,39.3,32980000.0,2019-07-08,1562518800.0
107,39.33,34290000.0,2019-07-09,1562605200.0
108,40.02,45210000.0,2019-07-10,1562691600.0
109,41.57,68260000.0,2019-07-11,1562778000.0
110,41.9,50640000.0,2019-07-12,1562864400.0
111,41.82,28980000.0,2019-07-15,1563123600.0
112,41.77,34140000.0,2019-07-16,1563210000.0
113,42.43,34820000.0,2019-07-17,1563296400.0
114,42.55,44320000.0,2019-07-18,1563382800.0
115,42.11,34490000.0,2019-07-19,1563469200.0
116,42.83,31590000.0,2019-07-22,1563728400.0
117,43.91,42820000.0,2019-07-23,1563814800.0
118,44.66,36620000.0,2019-07-24,1563901200.0
119,43.34,39270000.0,2019-07-25,1563987600.0
120,43.77,27420000.0,2019-07-26,1564074000.0
121,43.7,24820000.0,2019-07-29,1564333200.0
122,43.86,19780000.0,2019-07-30,1564419600.0
123,42.18,35940000.0,2019-07-31,1564506000.0
124,41.23,42120000.0,2019-08-01,1564592400.0
125,40.3,42830000.0,2019-08-02,1564678800.0
126,37.7,58920000.0,2019-08-05,1564938000.0
127,38.09,36130000.0,2019-08-06,1565024400.0
128,38.47,37260000.0,2019-08-07,1565110800.0
129,39.56,30930000.0,2019-08-08,1565197200.0
130,38.55,34180000.0,2019-08-09,1565283600.0
131,37.86,27920000.0,2019-08-12,1565542800.0
132,39.01,36050000.0,2019-08-13,1565629200.0
133,37.52,41990000.0,2019-08-14,1565715600.0
134,37.19,55450000.0,2019-08-15,1565802000.0
135,39.89,101540000.0,2019-08-16,1565888400.0
136,42.7,81630000.0,2019-08-19,1566147600.0
137,41.97,46350000.0,2019-08-20,1566234000.0
138,42.81,42790000.0,2019-08-21,1566320400.0
139,42.87,30380000.0,2019-08-22,1566406800.0
140,40.61,56950000.0,2019-08-23,1566493200.0
141,41.36,31860000.0,2019-08-26,1566752400.0
142,40.45,29150000.0,2019-08-27,1566838800.0
143,40.3,25580000.0,2019-08-28,1566925200.0
144,41.75,35840000.0,2019-08-29,1567011600.0
145,41.88,29090000.0,2019-08-30,1567098000.0
146,41.04,29650000.0,2019-09-03,1567443600.0
147,42.19,22810000.0,2019-09-04,1567530000.0
148,44.94,69650000.0,2019-09-05,1567616400.0
149,44.66,37700000.0,2019-09-06,1567702800.0
150,45.12,41750000.0,2019-09-09,1567962000.0
151,45.8,35280000.0,2019-09-10,1568048400.0
152,46.08,36150000.0,2019-09-11,1568134800.0
153,46.07,32780000.0,2019-09-12,1568221200.0
154,45.48,32460000.0,2019-09-13,1568307600.0
155,45.05,23180000.0,2019-09-16,1568566800.0
156,45.27,22850000.0,2019-09-17,1568653200.0
157,44.99,26400000.0,2019-09-18,1568739600.0
158,44.23,25630000.0,2019-09-19,1568826000.0
159,43.17,35730000.0,2019-09-20,1568912400.0
160,43.71,25580000.0,2019-09-23,1569171600.0
161,43.13,32120000.0,2019-09-24,1569258000.0
162,44.56,31310000.0,2019-09-25,1569344400.0
163,44.34,23780000.0,2019-09-26,1569430800.0
164,42.94,36600000.0,2019-09-27,1569517200.0
165,43.52,19320000.0,2019-09-30,1569776400.0
166,43.5,36760000.0,2019-10-01,1569862800.0
167,43.26,29570000.0,2019-10-02,1569949200.0
168,45.33,46270000.0,2019-10-03,1570035600.0
169,45.49,26800000.0,2019-10-04,1570122000.0
170,46.08,48830000.0,2019-10-07,1570381200.0
171,44.31,44930000.0,2019-10-08,1570467600.0
172,45.18,30790000.0,2019-10-09,1570554000.0
173,45.76,32750000.0,2019-10-10,1570640400.0
174,46.5,45090000.0,2019-10-11,1570726800.0
175,46.63,21030000.0,2019-10-14,1570986000.0
176,49.09,66800000.0,2019-10-15,1571072400.0
177,48.55,43280000.0,2019-10-16,1571158800.0
178,48.57,26430000.0,2019-10-17,1571245200.0
179,47.62,30760000.0,2019-10-18,1571331600.0
180,49.0,26700000.0,2019-10-21,1571590800.0
181,48.9,33740000.0,2019-10-22,1571677200.0
182,48.77,28580000.0,2019-10-23,1571763600.0
183,49.22,23900000.0,2019-10-24,1571850000.0
184,51.13,42310000.0,2019-10-25,1571936400.0
185,51.7,33080000.0,2019-10-28,1572195600.0
186,50.73,21120000.0,2019-10-29,1572282000.0
187,50.75,20600000.0,2019-10-30,1572368400.0
188,50.26,20970000.0,2019-10-31,1572454800.0
189,50.65,28360000.0,2019-11-01,1572541200.0
190,52.62,37670000.0,2019-11-04,1572800400.0
191,52.4,30090000.0,2019-11-05,1572886800.0
192,51.91,26900000.0,2019-11-06,1572973200.0
193,52.09,28030000.0,2019-11-07,1573059600.0
194,51.95,18940000.0,2019-11-08,1573146000.0
195,52.05,24380000.0,2019-11-11,1573405200.0
196,52.4,28380000.0,2019-11-12,1573491600.0
197,52.14,30240000.0,2019-11-13,1573578000.0
198,52.45,52700000.0,2019-11-14,1573664400.0
199,51.05,105420000.0,2019-11-15,1573750800.0
200,53.07,57530000.0,2019-11-18,1574010000.0
201,52.0,41540000.0,2019-11-19,1574096400.0
202,52.8,47300000.0,2019-11-20,1574182800.0
203,52.55,28840000.0,2019-11-21,1574269200.0
204,52.72,22410000.0,2019-11-22,1574355600.0
205,55.3,50730000.0,2019-11-25,1574614800.0
206,54.25,38570000.0,2019-11-26,1574701200.0
207,54.56,21640000.0,2019-11-27,1574787600.0
208,54.19,14160000.0,2019-11-29,1574960400.0
209,52.31,37390000.0,2019-12-02,1575219600.0
210,51.91,47410000.0,2019-12-03,1575306000.0
211,52.35,27360000.0,2019-12-04,1575392400.0
212,52.19,18510000.0,2019-12-05,1575478800.0
213,53.04,23240000.0,2019-12-06,1575565200.0
214,53.04,21510000.0,2019-12-09,1575824400.0
215,53.49,25670000.0,2019-12-10,1575910800.0
216,54.34,23400000.0,2019-12-11,1575997200.0
217,56.02,40610000.0,2019-12-12,1576083600.0
218,56.0,45500000.0,2019-12-13,1576170000.0
219,56.29,32130000.000000004,2019-12-16,1576429200.0
220,57.07,32330000.0,2019-12-17,1576515600.0
221,57.38,34430000.0,2019-12-18,1576602000.0
222,58.87,45310000.0,2019-12-19,1576688400.0
223,59.84,60340000.0,2019-12-20,1576774800.0
224,59.7,35540000.0,2019-12-23,1577034000.0
225,59.66,13890000.0,2019-12-24,1577120400.0
226,59.8,18320000.0,2019-12-26,1577293200.0
227,59.22,25480000.0,2019-12-27,1577379600.0
228,58.08,25820000.0,2019-12-30,1577638800.0
229,58.83,23120000.0,2019-12-31,1577725200.0
230,59.98,23770000.0,2020-01-02,1577898000.0
231,59.02,20580000.0,2020-01-03,1577984400.0
232,59.27,26290000.0,2020-01-06,1578243600.0
233,59.98,31920000.0,2020-01-07,1578330000.0
234,60.09,27720000.0,2020-01-08,1578416400.0
235,60.76,25540000.0,2020-01-09,1578502800.0
236,61.08,31650000.0,2020-01-10,1578589200.0
237,62.99,32030000.0,2020-01-13,1578848400.0
238,61.82,35960000.0,2020-01-14,1578934800.0
239,61.39,26310000.0,2020-01-15,1579021200.0
240,62.23,28420000.0,2020-01-16,1579107600.0
241,62.32,25380000.0,2020-01-17,1579194000.0
242,61.98,21790000.0,2020-01-21,1579539600.0
243,62.51,23920000.0,2020-01-22,1579626000.0
244,63.22,24450000.0,2020-01-23,1579712400.0
245,62.62,37350000.0,2020-01-24,1579798800.0
246,60.05,47050000.0,2020-01-27,1580058000.0
247,61.99,31100000.0,2020-01-28,1580144400.0
248,61.38,25950000.0,2020-01-29,1580230800.0
249,61.45,29050000.0,2020-01-30,1580317200.0
250,59.11,37040000.0,2020-01-31,1580403600.0
251,60.08,25590000.0,2020-02-03,1580662800.0
252,61.78,27150000.0,2020-02-04,1580749200.0
253,62.69,20820000.0,2020-02-05,1580835600.0
254,63.56,21830000.0,2020-02-06,1580922000.0
255,62.9,18980000.0,2020-02-07,1581008400.0
256,65.74,52960000.0,2020-02-10,1581267600.0
257,66.97,63860000.0,2020-02-11,1581354000.0
258,68.14,37460000.0,2020-02-12,1581440400.0
259,67.69,52800000.0,2020-02-13,1581526800.0
260,72.45,104190000.0,2020-02-14,1581613200.0
261,74.14,62190000.0,2020-02-18,1581958800.0
262,78.67,69430000.0,2020-02-19,1582045200.0
263,77.17,81010000.0,2020-02-20,1582131600.0
264,73.52,76930000.0,2020-02-21,1582218000.0
265,68.32,85690000.0,2020-02-24,1582477200.0
266,65.51,105550000.0,2020-02-25,1582563600.0
267,66.91,74970000.0,2020-02-26,1582650000.0
268,63.15,90640000.0,2020-02-27,1582736400.0
269,67.52,113470000.0,2020-02-28,1582822800.0
270,69.11,89070000.0,2020-03-02,1583082000.0
271,66.47,65280000.0,2020-03-03,1583168400.0
272,71.13,59740000.0,2020-03-04,1583254800.0
273,68.32,54030000.0,2020-03-05,1583341200.0
274,66.51,51540000.0,2020-03-06,1583427600.0
275,61.36,61420000.0,2020-03-09,1583686800.0
276,65.27,58060000.0,2020-03-10,1583773200.0
277,61.62,50210000.0,2020-03-11,1583859600.0
278,54.08,81650000.0,2020-03-12,1583946000.0
279,60.21,63480000.0,2020-03-13,1584032400.0
280,49.1,72700000.0,2020-03-16,1584291600.0
281,54.32,83360000.0,2020-03-17,1584378000.0
282,50.7,87430000.0,2020-03-18,1584464400.0
283,53.24,76550000.0,2020-03-19,1584550800.0
284,51.44,80460000.0,2020-03-20,1584637200.0
285,53.17,64390000.0,2020-03-23,1584896400.0
286,62.3,110160000.0,2020-03-24,1584982800.0
287,61.41,79340000.0,2020-03-25,1585069200.0
288,64.31,69760000.0,2020-03-26,1585155600.0
289,63.18,63880000.0,2020-03-27,1585242000.0
290,66.4,60230000.0,2020-03-30,1585501200.0
291,65.9,95000000.0,2020-03-31,1585587600.0
292,60.77,65690000.0,2020-04-01,1585674000.0
293,63.87,67580000.0,2020-04-02,1585760400.0
294,60.98,66319999.99999999,2020-04-03,1585846800.0
295,67.1,72790000.0,2020-04-06,1586106000.0
296,64.76,78450000.0,2020-04-07,1586192400.0
297,66.74,54240000.0,2020-04-08,1586278800.0
298,65.74,52620000.0,2020-04-09,1586365200.0
299,67.46,39840000.0,2020-04-13,1586710800.0
300,70.99,53090000.0,2020-04-14,1586797200.0
301,70.21,36610000.0,2020-04-15,1586883600.0
302,73.67,74560000.0,2020-04-16,1586970000.0
303,73.08,53910000.0,2020-04-17,1587056400.0
304,71.76,44940000.0,2020-04-20,1587315600.0
305,67.38,73520000.0,2020-04-21,1587402000.0
306,71.54,48470000.0,2020-04-22,1587488400.0
307,71.0,42420000.0,2020-04-23,1587574800.0
308,72.4,35260000.0,2020-04-24,1587661200.0
309,74.27,47940000.0,2020-04-27,1587920400.0
310,72.84,44290000.0,2020-04-28,1588006800.0
311,74.61,37920000.0,2020-04-29,1588093200.0
312,73.07,37590000.0,2020-04-30,1588179600.0
313,70.69,34210000.0,2020-05-01,1588266000.0
314,72.82,31760000.0,2020-05-04,1588525200.0
315,73.44,36890000.0,2020-05-05,1588611600.0
316,74.45,32350000.0,2020-05-06,1588698000.0
317,76.22,37370000.0,2020-05-07,1588784400.0
318,78.12,33990000.0,2020-05-08,1588870800.0
319,80.66,46910000.0,2020-05-11,1589130000.0
320,78.03,49310000.0,2020-05-12,1589216400.0
321,77.8,62590000.0,2020-05-13,1589302800.0
322,80.31,60230000.0,2020-05-14,1589389200.0
323,84.91,98770000.0,2020-05-15,1589475600.0
324,87.5,77640000.0,2020-05-18,1589734800.0
325,88.06,71730000.0,2020-05-19,1589821200.0
326,89.7,58750000.0,2020-05-20,1589907600.0
327,87.75,76110000.0,2020-05-21,1589994000.0
328,90.26,103880000.0,2020-05-22,1590080400.0
329,85.25,117590000.0,2020-05-27,1590512400.0
330,84.87,73610000.0,2020-05-28,1590598800.0
331,88.75,74590000.0,2020-05-29,1590685200.0
332,88.06,39050000.0,2020-06-01,1590944400.0
333,88.25,39130000.0,2020-06-02,1591030800.0
334,87.69,36540000.0,2020-06-03,1591117200.0
335,87.67,42430000.0,2020-06-04,1591203600.0
336,89.2,48170000.0,2020-06-05,1591290000.0
337,88.05,38770000.0,2020-06-08,1591549200.0
338,90.46,46850000.0,2020-06-09,1591635600.0
339,93.67,63220000.0,2020-06-10,1591722000.0
340,87.96,58370000.0,2020-06-11,1591808400.0
341,89.33,57090000.0,2020-06-12,1591894800.0
342,91.74,40000000.0,2020-06-15,1592154000.0
343,90.69,53570000.0,2020-06-16,1592240400.0
344,92.36,40830000.0,2020-06-17,1592326800.0
345,92.18,25440000.0,2020-06-18,1592413200.0
346,92.61,52420000.0,2020-06-19,1592499600.0
347,95.27,39850000.0,2020-06-22,1592758800.0
348,94.5,37510000.0,2020-06-23,1592845200.0
349,92.36,44940000.0,2020-06-24,1592931600.0
350,94.9,37610000.0,2020-06-25,1593018000.0
351,91.55,59210000.0,2020-06-26,1593104400.0
352,92.0,34220000.0,2020-06-29,1593363600.0
353,94.98,36790000.0,2020-06-30,1593450000.0
354,95.3,32660000.0,2020-07-01,1593536400.0
355,96.12,36410000.0,2020-07-02,1593622800.0
356,98.72,35780000.0,2020-07-07,1594054800.0
357,102.16,36550000.0,2020-07-08,1594141200.0
358,105.09,49450000.0,2020-07-09,1594227600.0
359,104.79,49770000.0,2020-07-10,1594314000.0
360,100.52,45710000.0,2020-07-13,1594573200.0
361,103.77,54270000.0,2020-07-14,1594659600.0
362,102.27,40400000.0,2020-07-15,1594746000.0
363,101.35,34500000.0,2020-07-16,1594832400.0
364,102.02,26630000.0,2020-07-17,1594918800.0
365,105.11,28490000.0,2020-07-20,1595178000.0
366,103.29,27770000.0,2020-07-21,1595264400.0
367,104.39,36730000.0,2020-07-22,1595350800.0
368,101.3,41170000.0,2020-07-23,1595437200.0
369,101.94,47330000.0,2020-07-24,1595523600.0
370,104.21,29210000.0,2020-07-27,1595782800.0
371,102.15,27160000.0,2020-07-28,1595869200.0
372,104.65,28450000.0,2020-07-29,1595955600.0
373,106.14,30890000.0,2020-07-30,1596042000.0
374,106.15,38630000.0,2020-07-31,1596128400.0
375,110.1,41300000.0,2020-08-03,1596387600.0
376,112.28,31030000.0,2020-08-04,1596474000.0
377,112.87,25050000.0,2020-08-05,1596560400.0
378,113.36,24430000.0,2020-08-06,1596646800.0
379,112.0,34250000.0,2020-08-07,1596733200.0
380,111.65,42780000.0,2020-08-10,1596992400.0
381,108.5,35450000.0,2020-08-11,1597078800.0
382,114.4,46490000.0,2020-08-12,1597165200.0
383,114.43,37450000.0,2020-08-13,1597251600.0
384,115.64,36640000.0,2020-08-14,1597338000.0
385,123.37,62130000.0,2020-08-17,1597597200.0
386,122.61,50340000.0,2020-08-18,1597683600.0
387,121.39,62260000.0,2020-08-19,1597770000.0
388,121.41,92140000.0,2020-08-20,1597856400.0
389,126.83,99990000.0,2020-08-21,1597942800.0
390,127.2,49060000.0,2020-08-24,1598202000.0
391,127.5,28910000.0,2020-08-25,1598288400.0
392,127.73,32120000.0,2020-08-26,1598374800.0
393,126.28,31760000.0,2020-08-27,1598461200.0
394,131.48,53720000.0,2020-08-28,1598547600.0
395,133.74,50080000.0,2020-08-31,1598806800.0
396,138.21,51250000.0,2020-09-01,1598893200.0
397,143.46,87400000.0,2020-09-02,1598979600.0
398,130.15,94510000.0,2020-09-03,1599066000.0
399,126.22,146370000.0,2020-09-04,1599152400.0
400,127.15,73620000.0,2020-09-09,1599584400.0
401,123.12,69870000.0,2020-09-10,1599670800.0
402,121.64,63690000.0,2020-09-11,1599757200.0
403,128.72,120170000.0,2020-09-14,1600016400.0
404,129.91,72760000.0,2020-09-15,1600102800.0
405,125.14,55760000.0,2020-09-16,1600189200.0
406,124.64,79250000.0,2020-09-17,1600275600.0
407,121.89,69850000.0,2020-09-18,1600362000.0
408,125.17,72100000.0,2020-09-21,1600621200.0
409,126.38,64650000.00000001,2020-09-22,1600707600.0
410,121.24,64700000.0,2020-09-23,1600794000.0
411,123.48,73120000.0,2020-09-24,1600880400.0
412,128.74,58800000.0,2020-09-25,1600966800.0
413,130.35,57380000.0,2020-09-28,1601226000.0
414,132.26,62300000.0,2020-09-29,1601312400.0
415,135.3,68920000.0,2020-09-30,1601398800.0
416,136.15,52500000.0,2020-10-01,1601485200.0
417,130.62,55250000.0,2020-10-02,1601571600.0
418,136.43,47980000.0,2020-10-05,1601830800.0
419,137.37,78440000.0,2020-10-06,1601917200.0
420,139.64,41810000.0,2020-10-07,1602003600.0
421,138.39,37890000.0,2020-10-08,1602090000.0
422,137.63,34690000.0,2020-10-09,1602176400.0
423,142.26,43470000.0,2020-10-12,1602435600.0
424,142.48,34460000.0,2020-10-13,1602522000.0
425,140.95,27660000.0,2020-10-14,1602608400.0
426,139.7,26720000.0,2020-10-15,1602694800.0
427,138.12,24260000.0,2020-10-16,1602781200.0
428,134.98,29810000.0,2020-10-19,1603040400.0
429,136.46,22920000.0,2020-10-20,1603126800.0
430,135.25,21960000.0,2020-10-21,1603213200.0
431,133.61,29050000.0,2020-10-22,1603299600.0
432,135.9,23350000.0,2020-10-23,1603386000.0
433,131.41,33690000.0,2020-10-26,1603645200.0
434,133.97,25050000.0,2020-10-27,1603731600.0
435,126.27,37650000.0,2020-10-28,1603818000.0
436,130.24,32010000.0,2020-10-29,1603904400.0
437,125.34,41740000.0,2020-10-30,1603990800.0
438,125.81,29970000.0,2020-11-02,1604250000.0
439,130.2,27290000.0,2020-11-03,1604336400.0
440,137.94,41020000.0,2020-11-04,1604422800.0
441,141.6,31900000.0,2020-11-05,1604509200.0
442,145.62,38330000.0,2020-11-06,1604595600.0
443,136.31,58300000.0,2020-11-09,1604854800.0
444,127.7,64410000.0,2020-11-10,1604941200.0
445,134.18,40470000.0,2020-11-11,1605027600.0
446,134.57,36660000.0,2020-11-12,1605114000.0
447,132.97,34680000.0,2020-11-13,1605200400.0
448,135.15,41380000.0,2020-11-16,1605459600.0
449,134.22,31200000.0,2020-11-17,1605546000.0
450,134.29,51090000.0,2020-11-18,1605632400.0
451,134.4,56590000.0,2020-11-19,1605718800.0
452,130.88,34110000.0,2020-11-20,1605805200.0
453,131.4,36140000.0,2020-11-23,1606064400.0
454,129.58,34650000.0,2020-11-24,1606150800.0
455,132.35,25990000.0,2020-11-25,1606237200.0
456,134.01,28700000.0,2020-11-30,1606669200.0
457,133.9,29760000.0,2020-12-01,1606755600.0
458,135.45,28340000.0,2020-12-02,1606842000.0
459,133.96,19950000.0,2020-12-03,1606928400.0
460,135.58,20220000.0,2020-12-04,1607014800.0
461,136.07,22320000.0,2020-12-07,1607274000.0
462,133.5,27190000.0,2020-12-08,1607360400.0
463,129.31,40130000.0,2020-12-09,1607446800.0
464,129.72,20780000.0,2020-12-10,1607533200.0
465,130.13,20930000.0,2020-12-11,1607619600.0
466,133.09,27020000.0,2020-12-14,1607878800.0
467,133.6,19350000.0,2020-12-15,1607965200.0
468,132.43,22310000.0,2020-12-16,1608051600.0
469,133.41,23140000.0,2020-12-17,1608138000.0
470,132.72,34210000.0,2020-12-18,1608224400.0
471,133.32,30230000.0,2020-12-21,1608483600.0
472,132.78,18630000.0,2020-12-22,1608570000.0
473,130.09,17910000.0,2020-12-23,1608656400.0
474,129.94,9790000.0,2020-12-24,1608742800.0
475,129.0,21260000.0,2020-12-28,1609088400.0
476,129.43,17040000.0,2020-12-29,1609174800.0
477,131.46,22540000.0,2020-12-30,1609261200.0
478,130.55,19240000.0,2020-12-31,1609347600.0
479,131.13,56060000.0,2021-01-04,1609693200.0
480,134.05,32280000.0,2021-01-05,1609779600.0
481,126.14,58040000.0,2021-01-06,1609866000.0
482,133.44,46150000.0,2021-01-07,1609952400.0
483,132.77,29250000.0,2021-01-08,1610038800.0
484,136.21,51900000.0,2021-01-11,1610298000.0
485,134.85,29150000.0,2021-01-12,1610384400.0
486,135.32,21000000.0,2021-01-13,1610470800.0
487,132.0,28310000.0,2021-01-14,1610557200.0
488,128.6,27780000.0,2021-01-15,1610643600.0
489,133.66,25860000.0,2021-01-20,1611075600.0
490,138.68,33830000.0,2021-01-21,1611162000.0
491,137.13,24680000.0,2021-01-22,1611248400.0
492,136.53,25110000.0,2021-01-25,1611507600.0
493,134.35,16399999.999999998,2021-01-26,1611594000.0
494,129.18,37130000.0,2021-01-27,1611680400.0
495,130.51,22830000.0,2021-01-28,1611766800.0
496,129.9,27160000.0,2021-01-29,1611853200.0
497,132.37,21720000.0,2021-02-01,1612112400.0
498,135.57,22040000.0,2021-02-02,1612198800.0
499,135.3,24540000.0,2021-02-03,1612285200.0
500,136.64,20130000.0,2021-02-04,1612371600.0
501,135.91,16920000.0,2021-02-05,1612458000.0
502,144.39,43460000.0,2021-02-08,1612717200.0
503,142.63,28760000.0,2021-02-09,1612803600.0
504,147.64,48540000.0,2021-02-10,1612890000.0
505,152.51,45080000.0,2021-02-11,1612976400.0
506,149.61,37480000.0,2021-02-12,1613062800.0
507,149.06,27570000.0,2021-02-17,1613494800.0
508,148.29,23410000.0,2021-02-18,1613581200.0
509,149.26,27170000.0,2021-02-19,1613667600.0
510,143.56,32590000.000000004,2021-02-22,1613926800.0
511,141.42,39180000.0,2021-02-23,1614013200.0
512,144.99,44830000.0,2021-02-24,1614099600.0
513,133.07,82440000.0,2021-02-25,1614186000.0
514,137.15,50090000.0,2021-02-26,1614272400.0
515,138.42,35320000.0,2021-03-01,1614531600.0
516,134.06,26410000.0,2021-03-02,1614618000.0
517,128.05,37760000.0,2021-03-03,1614704400.0
518,123.7,57330000.0,2021-03-04,1614790800.0
519,124.61,54280000.0,2021-03-05,1614877200.0
520,115.93,54310000.0,2021-03-08,1615136400.0
521,125.2,52180000.0,2021-03-09,1615222800.0
522,124.68,38440000.0,2021-03-10,1615309200.0
523,129.93,29990000.0,2021-03-11,1615395600.0
524,128.56,24400000.0,2021-03-12,1615482000.0
525,131.91,22250000.0,2021-03-15,1615741200.0
526,132.91,27210000.0,2021-03-16,1615827600.0
527,133.41,24390000.0,2021-03-17,1615914000.0
528,127.22,29420000.0,2021-03-18,1616000400.0
529,128.46,29920000.0,2021-03-19,1616086800.0
530,131.86,29780000.0,2021-03-22,1616346000.0
531,130.71,22200000.0,2021-03-23,1616432400.0
532,126.43,24580000.0,2021-03-24,1616518800.0
533,125.35,29510000.0,2021-03-25,1616605200.0
534,128.39,36400000.0,2021-03-26,1616691600.0
535,129.48,27350000.0,2021-03-29,1616950800.0
536,128.72,20020000.0,2021-03-30,1617037200.0
537,133.48,31480000.0,2021-03-31,1617123600.0
538,138.12,30830000.0,2021-04-01,1617210000.0
539,139.88,25570000.0,2021-04-05,1617555600.0
540,138.62,19170000.0,2021-04-06,1617642000.0
541,141.43,25130000.0,2021-04-07,1617728400.0
542,143.17,24440000.0,2021-04-08,1617814800.0
543,144.0,19520000.0,2021-04-09,1617901200.0
544,152.09,86930000.0,2021-04-12,1618160400.0
545,156.79,67620000.0,2021-04-13,1618246800.0
546,152.77,38550000.0,2021-04-14,1618333200.0
547,161.37,59850000.0,2021-04-15,1618419600.0
548,159.13,33520000.000000004,2021-04-16,1618506000.0
549,153.62,40440000.0,2021-04-19,1618765200.0
550,151.71,33410000.0,2021-04-20,1618851600.0
551,153.6,21680000.0,2021-04-21,1618938000.0
552,148.5,27780000.0,2021-04-22,1619024400.0
553,152.65,22780000.0,2021-04-23,1619110800.0
554,154.78,19780000.0,2021-04-26,1619370000.0
555,153.82,16460000.0,2021-04-27,1619456400.0
556,152.77,20940000.0,2021-04-28,1619542800.0
557,153.25,17320000.0,2021-04-29,1619629200.0
558,150.1,20190000.0,2021-04-30,1619715600.0
559,148.37,20390000.0,2021-05-03,1619974800.0
560,143.51,40530000.0,2021-05-04,1620061200.0
561,144.59,29200000.0,2021-05-05,1620147600.0
562,145.23,19340000.0,2021-05-06,1620234000.0
563,148.12,22930000.0,2021-05-07,1620320400.0
564,142.66,26890000.0,2021-05-10,1620579600.0
565,143.06,28560000.0,2021-05-11,1620666000.0
566,137.59,30340000.0,2021-05-12,1620752400.0
567,136.65,28570000.0,2021-05-13,1620838800.0
568,142.43,25860000.0,2021-05-14,1620925200.0
569,141.65,21700000.0,2021-05-17,1621184400.0
570,140.16,18630000.0,2021-05-18,1621270800.0
571,140.66,34400000.0,2021-05-19,1621357200.0
572,146.13,32160000.0,2021-05-20,1621443600.0
573,149.92,67300000.0,2021-05-21,1621530000.0
574,156.12,55480000.0,2021-05-24,1621789200.0
575,156.48,43540000.0,2021-05-25,1621875600.0
576,157.0,37040000.0,2021-05-26,1621962000.0
577,154.88,58150000.0,2021-05-27,1622048400.0
578,162.45,64450000.0,2021-05-28,1622134800.0
579,167.78,59420000.0,2021-06-02,1622566800.0
580,169.7,58000000.0,2021-06-03,1622653200.0
581,175.78,61710000.0,2021-06-04,1622739600.0
582,176.19,57580000.0,2021-06-07,1622998800.0
583,174.57,32380000.000000004,2021-06-08,1623085200.0
584,173.58,38170000.0,2021-06-09,1623171600.0
585,174.25,28780000.0,2021-06-10,1623258000.0
586,178.25,41630000.0,2021-06-11,1623344400.0
587,180.19,32140000.0,2021-06-14,1623603600.0
588,177.88,24300000.0,2021-06-15,1623690000.0
589,178.1,30710000.0,2021-06-16,1623776400.0
590,186.57,80970000.0,2021-06-17,1623862800.0
591,186.39,96890000.0,2021-06-18,1623949200.0
592,184.27,67240000.0,2021-06-21,1624208400.0
593,188.87,58010000.0,2021-06-22,1624294800.0
594,190.57,33240000.000000004,2021-06-23,1624381200.0
595,192.05,32090000.000000004,2021-06-24,1624467600.0
596,190.31,27840000.0,2021-06-25,1624554000.0
597,199.85,49540000.0,2021-06-28,1624813200.0
598,200.27,36760000.0,2021-06-29,1624899600.0
599,200.02,32660000.0,2021-06-30,1624986000.0
600,202.12,48010000.0,2021-07-01,1625072400.0
601,204.87,34340000.0,2021-07-02,1625158800.0
602,203.72,41840000.0,2021-07-07,1625590800.0
603,199.03,50330000.0,2021-07-08,1625677200.0
604,200.5,29660000.0,2021-07-09,1625763600.0
605,205.13,32200000.000000004,2021-07-12,1626022800.0
606,202.5,29070000.0,2021-07-13,1626109200.0
607,198.41,38010000.0,2021-07-14,1626195600.0
608,189.66,55060000.0,2021-07-15,1626282000.0
609,181.61,68820000.0,2021-07-16,1626368400.0
610,187.8,74910000.0,2021-07-19,1626627600.0
611,186.12,43470000.0,2021-07-20,1626714000.0
612,194.1,37100000.0,2021-07-21,1626800400.0
613,195.94,32380000.000000004,2021-07-22,1626886800.0
614,195.58,19570000.0,2021-07-23,1626973200.0
615,192.94,20390000.0,2021-07-26,1627232400.0
616,192.08,24890000.0,2021-07-27,1627318800.0
617,195.03,20220000.0,2021-07-28,1627405200.0
618,196.62,19080000.0,2021-07-29,1627491600.0
619,194.99,18350000.0,2021-07-30,1627578000.0
620,197.5,21740000.0,2021-08-02,1627837200.0
621,198.15,30180000.0,2021-08-03,1627923600.0
622,202.74,23130000.0,2021-08-04,1628010000.0
623,206.37,21140000.0,2021-08-05,1628096400.0
624,203.66,17850000.0,2021-08-06,1628182800.0
625,202.95,14640000.0,2021-08-09,1628442000.0
626,199.36,17920000.0,2021-08-10,1628528400.0
627,196.99,18590000.0,2021-08-11,1628614800.0
628,199.05,15190000.0,2021-08-12,1628701200.0
629,201.88,18310000.0,2021-08-13,1628787600.0
630,199.5,21120000.0,2021-08-16,1629046800.0
631,194.58,20460000.0,2021-08-17,1629133200.0
632,190.4,28590000.0,2021-08-18,1629219600.0
633,197.98,76660000.0,2021-08-19,1629306000.0
634,208.16,67570000.0,2021-08-20,1629392400.0
635,219.58,57580000.0,2021-08-23,1629651600.0
636,217.93,29730000.0,2021-08-24,1629738000.0
637,222.13,34770000.0,2021-08-25,1629824400.0
638,220.68,23790000.0,2021-08-26,1629910800.0
639,226.36,30470000.0,2021-08-27,1629997200.0
640,226.88,26260000.0,2021-08-30,1630256400.0
641,223.85,25980000.0,2021-08-31,1630342800.0
642,224.41,20180000.0,2021-09-01,1630429200.0
643,223.96,18810000.0,2021-09-02,1630515600.0
644,228.43,28080000.0,2021-09-03,1630602000.0
645,223.39,25440000.0,2021-09-08,1631034000.0
646,221.77,19690000.0,2021-09-09,1631120400.0
647,224.78,24840000.0,2021-09-10,1631206800.0
648,221.52,29750000.0,2021-09-13,1631466000.0
649,222.42,19980000.0,2021-09-14,1631552400.0
650,223.41,16649999.999999998,2021-09-15,1631638800.0
651,222.42,15600000.0,2021-09-16,1631725200.0
652,219.0,29450000.0,2021-09-17,1631811600.0
653,211.13,34940000.0,2021-09-20,1632070800.0
654,212.46,20470000.0,2021-09-21,1632157200.0
655,219.41,26870000.0,2021-09-22,1632243600.0
656,224.82,24860000.0,2021-09-23,1632330000.0
657,220.81,21770000.0,2021-09-24,1632416400.0
658,216.6,24520000.0,2021-09-27,1632675600.0
659,206.99,34310000.0,2021-09-28,1632762000.0
660,205.17,21840000.0,2021-09-29,1632848400.0
661,207.16,22100000.0,2021-09-30,1632934800.0
662,207.42,24100000.0,2021-10-01,1633021200.0
663,197.32,34560000.0,2021-10-04,1633280400.0
664,204.51,27930000.0,2021-10-05,1633366800.0
665,207.0,29720000.0,2021-10-06,1633453200.0
666,210.75,25690000.0,2021-10-07,1633539600.0
667,208.31,15130000.0,2021-10-08,1633626000.0
668,206.95,16340000.0,2021-10-11,1633885200.0
669,206.71,16210000.0,2021-10-12,1633971600.0
670,209.39,18070000.0,2021-10-13,1634058000.0
671,217.46,24360000.0,2021-10-14,1634144400.0
672,218.62,22700000.0,2021-10-15,1634230800.0
673,222.22,18950000.0,2021-10-18,1634490000.0
674,222.9,16149999.999999998,2021-10-19,1634576400.0
675,221.03,14630000.0,2021-10-20,1634662800.0
676,226.92,18760000.0,2021-10-21,1634749200.0
677,227.26,24940000.0,2021-10-22,1634835600.0
678,231.66,23020000.0,2021-10-25,1635094800.0
679,247.17,48590000.0,2021-10-26,1635181200.0
680,244.51,24600000.0,2021-10-27,1635267600.0
681,249.41,23420000.0,2021-10-28,1635354000.0
682,255.67,29250000.0,2021-10-29,1635440400.0
683,258.27,26570000.0,2021-11-01,1635699600.0
684,264.01,29410000.0,2021-11-02,1635786000.0
685,265.98,23990000.0,2021-11-03,1635872400.0
686,298.01,115360000.0,2021-11-04,1635958800.0
687,297.52,85130000.0,2021-11-05,1636045200.0
688,308.04,50310000.0,2021-11-08,1636304400.0
689,306.57,64670000.0,2021-11-09,1636390800.0
690,294.59,63620000.0,2021-11-10,1636477200.0
691,303.9,33220000.0,2021-11-11,1636563600.0
692,303.9,41310000.0,2021-11-12,1636650000.0
693,300.25,38490000.0,2021-11-15,1636909200.0
694,302.03,26450000.0,2021-11-16,1636995600.0
695,292.61,42850000.0,2021-11-17,1637082000.0
696,316.75,78170000.0,2021-11-18,1637168400.0
697,329.85,53390000.0,2021-11-19,1637254800.0
698,319.56,75430000.0,2021-11-22,1637514000.0
699,317.46,53220000.0,2021-11-23,1637600400.0
700,326.74,43520000.0,2021-11-24,1637686800.0
701,333.76,45500000.0,2021-11-29,1638118800.0
702,326.76,62210000.0,2021-11-30,1638205200.0
703,314.35,48580000.0,2021-12-01,1638291600.0
704,321.26,47290000.0,2021-12-02,1638378000.0
705,306.93,54430000.0,2021-12-03,1638464400.0
706,300.37,65890000.0,2021-12-06,1638723600.0
707,324.27,59310000.0,2021-12-07,1638810000.0
708,318.26,47560000.0,2021-12-08,1638896400.0
709,304.9,48850000.0,2021-12-09,1638982800.0
710,301.98,48880000.0,2021-12-10,1639069200.0
711,281.61,59830000.0,2021-12-13,1639328400.0
712,283.37,66700000.0,2021-12-14,1639414800.0
713,304.59,69830000.0,2021-12-15,1639501200.0
714,283.87,70740000.0,2021-12-16,1639587600.0
715,278.01,71660000.0,2021-12-17,1639674000.0
716,277.19,46180000.0,2021-12-20,1639933200.0
717,290.75,52440000.0,2021-12-21,1640019600.0
718,294.0,39520000.0,2021-12-22,1640106000.0
719,296.4,34300000.0,2021-12-23,1640192400.0
720,309.45,40370000.0,2021-12-27,1640538000.0
721,303.22,42060000.0,2021-12-28,1640624400.0
722,300.01,34310000.0,2021-12-29,1640710800.0
723,295.86,30890000.0,2021-12-30,1640797200.0
724,294.11,26650000.0,2021-12-31,1640883600.0
725,301.21,39240000.0,2022-01-03,1641142800.0
726,292.9,52720000.0,2022-01-04,1641229200.0
727,276.04,49810000.0,2022-01-05,1641315600.0
728,281.78,45420000.0,2022-01-06,1641402000.0
729,272.47,40990000.0,2022-01-07,1641488400.0
730,274.0,59470000.0,2022-01-10,1641747600.0
731,278.17,40410000.0,2022-01-11,1641834000.0
732,279.99,38340000.0,2022-01-12,1641920400.0
733,265.75,53890000.0,2022-01-13,1642006800.0
734,269.42,39580000.0,2022-01-14,1642093200.0
735,250.67,48830000.0,2022-01-19,1642525200.0
736,241.5,43520000.0,2022-01-20,1642611600.0
737,233.74,71900000.0,2022-01-21,1642698000.0
738,233.72,91580000.0,2022-01-24,1642957200.0
739,223.24,66459999.99999999,2022-01-25,1643043600.0
740,227.72,75600000.0,2022-01-26,1643130000.0
741,219.44,57340000.0,2022-01-27,1643216400.0
742,228.4,54380000.0,2022-01-28,1643302800.0
743,244.86,56470000.0,2022-01-31,1643562000.0
744,246.38,51890000.0,2022-02-01,1643648400.0
745,252.42,54340000.0,2022-02-02,1643734800.0
746,239.48,41020000.0,2022-02-03,1643821200.0
747,243.19,35480000.0,2022-02-04,1643907600.0
748,247.28,37690000.0,2022-02-07,1644166800.0
749,251.08,41040000.0,2022-02-08,1644253200.0
750,267.05,52430000.0,2022-02-09,1644339600.0
751,258.24,51320000.0,2022-02-10,1644426000.0
752,239.49,60550000.0,2022-02-11,1644512400.0
753,242.67,44040000.0,2022-02-14,1644771600.0
754,264.95,70180000.0,2022-02-15,1644858000.0
755,265.11,73270000.0,2022-02-16,1644944400.0
756,245.07,81060000.0,2022-02-17,1645030800.0
757,236.42,76130000.0,2022-02-18,1645117200.0
758,223.87,56650000.0,2022-02-23,1645549200.0
759,237.48,73580000.0,2022-02-24,1645635600.0
760,241.57,52890000.0,2022-02-25,1645722000.0
761,243.85,47730000.0,2022-02-28,1645981200.0
762,234.77,41210000.0,2022-03-01,1646067600.0
763,242.2,38960000.0,2022-03-02,1646154000.0
764,237.14,36510000.0,2022-03-03,1646240400.0
765,229.36,43200000.0,2022-03-04,1646326800.0
766,213.52,45080000.0,2022-03-07,1646586000.0
767,215.14,55750000.0,2022-03-08,1646672400.0
768,230.14,49270000.0,2022-03-09,1646758800.0
769,226.58,42810000.0,2022-03-10,1646845200.0
770,221.0,36720000.0,2022-03-11,1646931600.0
771,213.3,38540000.0,2022-03-14,1647190800.0
772,229.73,49200000.0,2022-03-15,1647277200.0
773,244.96,67140000.0,2022-03-16,1647363600.0
774,247.66,47190000.0,2022-03-17,1647450000.0
775,264.53,73070000.0,2022-03-18,1647536400.0
776,267.34,59170000.0,2022-03-21,1647795600.0
777,265.24,54700000.0,2022-03-22,1647882000.0
778,256.34,50210000.0,2022-03-23,1647968400.0
779,281.5,87740000.0,2022-03-24,1648054800.0
780,276.92,57900000.0,2022-03-25,1648141200.0
781,282.19,42550000.0,2022-03-28,1648400400.0
782,286.56,48900000.0,2022-03-29,1648486800.0
783,276.9,46350000.0,2022-03-30,1648573200.0
784,272.86,52340000.0,2022-03-31,1648659600.0
785,267.12,51720000.0,2022-04-01,1648746000.0
786,273.6,39770000.0,2022-04-04,1649005200.0
787,259.31,43660000.0,2022-04-05,1649091600.0
788,244.07,70380000.0,2022-04-06,1649178000.0
789,242.08,55800000.0,2022-04-07,1649264400.0
790,231.19,52480000.0,2022-04-08,1649350800.0
791,219.17,57520000.0,2022-04-11,1649610000.0
792,215.04,66230000.00000001,2022-04-12,1649696400.0
793,222.03,51690000.0,2022-04-13,1649782800.0
794,212.58,56910000.0,2022-04-14,1649869200.0
795,217.83,52570000.0,2022-04-18,1650214800.0
796,221.98,51280000.0,2022-04-19,1650301200.0
797,214.82,46900000.0,2022-04-20,1650387600.0
798,201.83,65620000.00000001,2022-04-21,1650474000.0
799,195.15,62470000.0,2022-04-22,1650560400.0
800,199.02,64160000.0,2022-04-25,1650819600.0
801,187.88,65310000.0,2022-04-26,1650906000.0
802,184.15,49950000.0,2022-04-27,1650992400.0
803,197.82,57030000.0,2022-04-28,1651078800.0
804,185.47,50040000.0,2022-04-29,1651165200.0
805,195.33,57200000.0,2022-05-02,1651424400.0
806,196.02,47580000.0,2022-05-03,1651510800.0
807,203.34,64890000.0,2022-05-04,1651597200.0
808,188.44,62630000.0,2022-05-05,1651683600.0
809,186.75,63330000.0,2022-05-06,1651770000.0
810,169.5,64450000.0,2022-05-09,1652029200.0
811,175.95,76150000.0,2022-05-10,1652115600.0
812,166.3,67019999.99999999,2022-05-11,1652202000.0
813,161.75,70870000.0,2022-05-12,1652288400.0
814,177.06,67040000.00000001,2022-05-13,1652374800.0
815,172.64,52140000.0,2022-05-16,1652634000.0
816,181.77,58580000.0,2022-05-17,1652720400.0
817,169.38,54520000.0,2022-05-18,1652806800.0
818,171.24,62130000.0,2022-05-19,1652893200.0
819,166.94,73910000.0,2022-05-20,1652979600.0
820,168.98,63990000.0,2022-05-23,1653238800.0
821,161.54,58860000.0,2022-05-24,1653325200.0
822,169.75,78110000.0,2022-05-25,1653411600.0
823,178.51,99660000.0,2022-05-26,1653498000.0
824,188.11,73840000.0,2022-05-27,1653584400.0
825,183.2,54450000.0,2022-06-01,1654016400.0
826,195.92,64870000.00000001,2022-06-02,1654102800.0
827,187.2,59880000.0,2022-06-03,1654189200.0
828,187.86,42240000.0,2022-06-06,1654448400.0
829,189.26,38890000.0,2022-06-07,1654534800.0
830,186.48,36330000.0,2022-06-08,1654621200.0
831,180.48,39560000.0,2022-06-09,1654707600.0
832,169.74,46560000.0,2022-06-10,1654794000.0
833,156.47,60420000.0,2022-06-13,1655053200.0
834,158.36,46970000.0,2022-06-14,1655139600.0
835,165.27,56390000.0,2022-06-15,1655226000.0
836,156.01,54570000.0,2022-06-16,1655312400.0
837,158.8,63030000.0,2022-06-17,1655398800.0
838,163.6,43800000.0,2022-06-22,1655830800.0
839,162.25,46370000.0,2022-06-23,1655917200.0
840,171.26,47220000.0,2022-06-24,1656003600.0
841,168.69,42800000.0,2022-06-27,1656262800.0
842,159.82,46190000.0,2022-06-28,1656349200.0
843,155.42,48240000.0,2022-06-29,1656435600.0
844,151.59,68610000.0,2022-06-30,1656522000.0
845,145.23,57760000.0,2022-07-01,1656608400.0
846,151.3,52910000.0,2022-07-06,1657040400.0
847,158.58,49290000.0,2022-07-07,1657126800.0
848,158.38,46800000.0,2022-07-08,1657213200.0
849,151.52,43840000.0,2022-07-11,1657472400.0
850,150.82,45850000.0,2022-07-12,1657558800.0
851,151.64,52190000.0,2022-07-13,1657645200.0
852,153.72,45620000.0,2022-07-14,1657731600.0
853,157.62,38590000.0,2022-07-15,1657818000.0
854,161.01,67050000.0,2022-07-18,1658077200.0
855,169.92,70240000.0,2022-07-19,1658163600.0
856,178.07,76050000.0,2022-07-20,1658250000.0
857,180.5,55700000.0,2022-07-21,1658336400.0
858,173.19,53670000.0,2022-07-22,1658422800.0
859,170.24,48070000.0,2022-07-25,1658682000.0
860,165.33,39790000.0,2022-07-26,1658768400.0
861,177.9,56980000.0,2022-07-27,1658854800.0
862,179.84,47460000.0,2022-07-28,1658941200.0
863,181.63,43550000.0,2022-07-29,1659027600.0
864,184.41,47650000.0,2022-08-01,1659286800.0
865,185.26,48950000.0,2022-08-02,1659373200.0
866,188.93,41810000.0,2022-08-03,1659459600.0
867,192.15,40970000.0,2022-08-04,1659546000.0
868,189.89,38610000.0,2022-08-05,1659632400.0
869,177.93,98380000.0,2022-08-08,1659891600.0
870,170.86,66830000.0,2022-08-09,1659978000.0
871,180.97,59740000.0,2022-08-10,1660064400.0
872,179.42,50930000.0,2022-08-11,1660150800.0
873,187.09,47810000.0,2022-08-12,1660237200.0
874,190.32,45770000.0,2022-08-15,1660496400.0
875,188.79,45120000.0,2022-08-16,1660582800.0
876,183.35,44680000.0,2022-08-17,1660669200.0
877,187.73,41540000.0,2022-08-18,1660755600.0
878,178.49,44160000.0,2022-08-19,1660842000.0
879,170.34,40960000.0,2022-08-22,1661101200.0
880,171.81,37000000.0,2022-08-23,1661187600.0
881,172.22,52270000.0,2022-08-24,1661274000.0
882,179.13,77070000.0,2022-08-25,1661360400.0
883,162.6,76910000.0,2022-08-26,1661446800.0
884,158.01,49610000.0,2022-08-29,1661706000.0
885,154.68,53020000.0,2022-08-30,1661792400.0
886,150.94,57370000.0,2022-08-31,1661878800.0
887,139.37,117890000.0,2022-09-01,1661965200.0
888,136.47,74320000.0,2022-09-02,1662051600.0
889,137.14,51270000.0,2022-09-07,1662483600.0
890,139.9,62490000.0,2022-09-08,1662570000.0
891,143.87,48710000.0,2022-09-09,1662656400.0
892,145.05,48420000.0,2022-09-12,1662915600.0
893,131.31,71500000.0,2022-09-13,1663002000.0
894,131.28,58850000.0,2022-09-14,1663088400.0
895,129.29,52360000.0,2022-09-15,1663174800.0
896,131.98,67080000.0,2022-09-16,1663261200.0
897,133.82,56970000.0,2022-09-19,1663520400.0
898,131.76,52480000.0,2022-09-20,1663606800.0
899,132.61,80770000.0,2022-09-21,1663693200.0
900,125.61,75920000.0,2022-09-22,1663779600.0
901,125.16,66330000.0,2022-09-23,1663866000.0
902,122.28,54730000.0,2022-09-26,1664125200.0
903,124.13,55390000.0,2022-09-27,1664211600.0
904,127.36,54240000.0,2022-09-28,1664298000.0
905,122.2,53280000.0,2022-09-29,1664384400.0
906,121.39,56560000.0,2022-09-30,1664470800.0
907,125.12,54750000.0,2022-10-03,1664730000.0
908,131.67,58420000.0,2022-10-04,1664816400.0
909,132.09,50710000.0,2022-10-05,1664902800.0
910,131.3,64420000.0,2022-10-06,1664989200.0
911,120.76,67250000.0,2022-10-07,1665075600.0
912,116.7,69870000.0,2022-10-10,1665334800.0
913,115.86,66750000.0,2022-10-11,1665421200.0
914,115.0,49260000.0,2022-10-12,1665507600.0
915,119.6,85010000.0,2022-10-13,1665594000.0
916,112.27,71340000.0,2022-10-14,1665680400.0
917,118.88,58080000.0,2022-10-17,1665939600.0
918,119.67,65940000.0,2022-10-18,1666026000.0
919,120.51,52310000.0,2022-10-19,1666112400.0
920,121.94,65239999.99999999,2022-10-20,1666198800.0
921,124.66,60950000.0,2022-10-21,1666285200.0
922,125.99,51750000.0,2022-10-24,1666544400.0
923,132.61,50550000.0,2022-10-25,1666630800.0
924,128.96,53550000.0,2022-10-26,1666717200.0
925,131.76,58310000.0,2022-10-27,1666803600.0
926,138.34,52100000.0,2022-10-28,1666890000.0
927,134.97,48630000.0,2022-10-31,1667149200.0
928,135.43,43280000.0,2022-11-01,1667235600.0
929,132.19,67260000.0,2022-11-02,1667322000.0
930,134.21,50010000.0,2022-11-03,1667408400.0
931,141.56,61260000.0,2022-11-04,1667494800.0
932,143.01,41010000.0,2022-11-07,1667754000.0
933,146.02,59530000.0,2022-11-08,1667840400.0
934,137.76,45440000.0,2022-11-09,1667926800.0
935,157.5,70080000.0,2022-11-10,1668013200.0
936,163.27,65550000.0,2022-11-11,1668099600.0
937,162.95,52790000.0,2022-11-14,1668358800.0
938,166.66,54590000.0,2022-11-15,1668445200.0
939,159.1,64950000.0,2022-11-16,1668531600.0
940,156.77,71090000.0,2022-11-17,1668618000.0
941,154.09,49210000.0,2022-11-18,1668704400.0
942,153.17,40470000.0,2022-11-21,1668963600.0
943,160.38,47290000.0,2022-11-22,1669050000.0
944,165.19,42720000.0,2022-11-23,1669136400.0
945,162.7,16790000.0,2022-11-25,1669309200.0
946,158.27,30420000.0,2022-11-28,1669568400.0
947,156.39,29840000.0,2022-11-29,1669654800.0
948,169.23,56530000.0,2022-11-30,1669741200.0
949,171.35,47100000.0,2022-12-01,1669827600.0
950,168.76,37140000.0,2022-12-02,1669914000.0
951,166.1,35010000.0,2022-12-05,1670173200.0
952,159.87,35190000.0,2022-12-06,1670259600.0
953,161.2,37160000.0,2022-12-07,1670346000.0
954,171.69,51310000.0,2022-12-08,1670432400.0
955,170.01,46530000.0,2022-12-09,1670518800.0
956,175.35,45480000.0,2022-12-12,1670778000.0
957,180.72,65550000.0,2022-12-13,1670864400.0
958,176.74,49690000.0,2022-12-14,1670950800.0
959,169.52,47780000.0,2022-12-15,1671037200.0
960,165.71,47820000.0,2022-12-16,1671123600.0
961,162.54,35320000.0,2022-12-19,1671382800.0
962,160.85,40220000.0,2022-12-20,1671469200.0
963,165.01,32440000.0,2022-12-21,1671555600.0
964,153.39,56400000.0,2022-12-22,1671642000.0
965,152.06,34930000.0,2022-12-23,1671728400.0
966,141.21,46250000.0,2022-12-27,1672074000.0
967,140.36,35020000.0,2022-12-28,1672160400.0
968,146.03,35420000.0,2022-12-29,1672246800.0
969,146.14,31050000.0,2022-12-30,1672333200.0
970,143.15,40060000.0,2023-01-03,1672678800.0
971,147.49,43040000.0,2023-01-04,1672765200.0
972,142.65,38850000.0,2023-01-05,1672851600.0
973,148.59,40500000.0,2023-01-06,1672938000.0
974,156.28,50340000.0,2023-01-09,1673197200.0
975,159.09,38330000.0,2023-01-10,1673283600.0
976,160.01,35250000.0,2023-01-11,1673370000.0
977,165.11,55020000.0,2023-01-12,1673456400.0
978,168.99,44730000.0,2023-01-13,1673542800.0
979,177.02,50940000.0,2023-01-17,1673888400.0
980,173.77,43960000.0,2023-01-18,1673974800.0
981,167.65,45140000.0,2023-01-19,1674061200.0
982,178.39,56500000.0,2023-01-20,1674147600.0
983,191.93,65300000.0,2023-01-23,1674406800.0
984,192.65,48750000.0,2023-01-24,1674493200.0
985,193.23,44760000.0,2023-01-25,1674579600.0
986,198.02,48530000.0,2023-01-26,1674666000.0
987,203.65,54210000.0,2023-01-27,1674752400.0
988,191.62,48670000.0,2023-01-30,1675011600.0
989,195.37,49800000.0,2023-01-31,1675098000.0
990,209.43,65550000.0,2023-02-01,1675184400.0
991,217.09,55960000.0,2023-02-02,1675270800.0
992,211.0,42940000.0,2023-02-03,1675357200.0
993,210.89,45130000.0,2023-02-06,1675616400.0
994,221.73,66110000.0,2023-02-07,1675702800.0
995,222.05,54740000.0,2023-02-08,1675789200.0
996,223.37,52100000.0,2023-02-09,1675875600.0
997,212.65,55070000.0,2023-02-10,1675962000.0
998,217.88,47340000.0,2023-02-13,1676221200.0
999,229.71,67550000.0,2023-02-14,1676307600.0
1000,227.64,42010000.0,2023-02-15,1676394000.0
1001,220.02,40880000.0,2023-02-16,1676480400.0
1002,213.88,46590000.0,2023-02-17,1676566800.0
1003,206.55,41000000.0,2023-02-21,1676912400.0
1004,207.54,51320000.0,2023-02-22,1676998800.0
1005,236.64,111800000.0,2023-02-23,1677085200.0
1006,232.86,58970000.0,2023-02-24,1677171600.0
1007,235.01,45300000.0,2023-02-27,1677430800.0
1008,232.16,45600000.0,2023-02-28,1677517200.0
1009,226.98,45520000.0,2023-03-01,1677603600.0
1010,233.14,38150000.0,2023-03-02,1677690000.0
1011,238.9,40940000.0,2023-03-03,1677776400.0
1012,235.54,43740000.0,2023-03-06,1678035600.0
1013,232.88,51520000.0,2023-03-07,1678122000.0
1014,241.81,51360000.0,2023-03-08,1678208400.0
1015,234.36,49940000.0,2023-03-09,1678294800.0
1016,229.65,47490000.0,2023-03-10,1678381200.0
1017,229.66,42190000.0,2023-03-13,1678640400.0
1018,240.63,47150000.0,2023-03-14,1678726800.0
1019,242.28,51770000.0,2023-03-15,1678813200.0
1020,255.41,58490000.0,2023-03-16,1678899600.0
1021,257.25,84850000.0,2023-03-17,1678986000.0
1022,259.0,43150000.0,2023-03-20,1679245200.0
1023,261.99,54520000.0,2023-03-21,1679331600.0
1024,264.68,79260000.0,2023-03-22,1679418000.0
1025,271.91,56180000.0,2023-03-23,1679504400.0
1026,267.79,45540000.0,2023-03-24,1679590800.0
1027,265.31,36020000.0,2023-03-27,1679850000.0
1028,264.1,35480000.0,2023-03-28,1679936400.0
1029,269.84,39370000.0,2023-03-29,1680022800.0
1030,273.83,35640000.0,2023-03-30,1680109200.0
1031,277.77,43390000.0,2023-03-31,1680195600.0
1032,279.65,39620000.0,2023-04-03,1680454800.0
1033,274.53,36640000.0,2023-04-04,1680541200.0
1034,268.81,50330000.0,2023-04-05,1680627600.0
1035,270.37,39770000.0,2023-04-06,1680714000.0
1036,275.79,37980000.0,2023-04-10,1681059600.0
1037,271.69,30230000.0,2023-04-11,1681146000.0
1038,264.95,44350000.0,2023-04-12,1681232400.0
1039,264.63,35220000.0,2023-04-13,1681318800.0
1040,267.58,39570000.0,2023-04-14,1681405200.0
1041,270.02,32150000.0,2023-04-17,1681664400.0
1042,276.67,60270000.0,2023-04-18,1681750800.0
1043,279.31,35140000.0,2023-04-19,1681837200.0
1044,271.04,42770000.0,2023-04-20,1681923600.0
1045,271.19,34510000.0,2023-04-21,1682010000.0
1046,270.42,32650000.0,2023-04-24,1682269200.0
1047,262.41,36760000.0,2023-04-25,1682355600.0
1048,269.56,40450000.0,2023-04-26,1682442000.0
1049,272.26,37430000.0,2023-04-27,1682528400.0
1050,277.49,29220000.0,2023-04-28,1682614800.0
1051,289.1,56620000.0,2023-05-01,1682874000.0
1052,282.1,40270000.0,2023-05-02,1682960400.0
1053,278.02,38100000.0,2023-05-03,1683046800.0
1054,275.62,31940000.0,2023-05-04,1683133200.0
1055,286.8,36150000.0,2023-05-05,1683219600.0
1056,291.51,34500000.0,2023-05-08,1683478800.0
1057,285.71,31490000.0,2023-05-09,1683565200.0
1058,288.85,36940000.0,2023-05-10,1683651600.0
1059,285.78,32210000.0,2023-05-11,1683738000.0
1060,283.4,27420000.0,2023-05-12,1683824400.0
1061,289.53,29300000.0,2023-05-15,1684083600.0
1062,292.13,44940000.0,2023-05-16,1684170000.0
1063,301.78,43250000.0,2023-05-17,1684256400.0
1064,316.78,73890000.0,2023-05-18,1684342800.0
1065,312.64,47390000.0,2023-05-19,1684429200.0
1066,311.76,36970000.0,2023-05-22,1684688400.0
1067,306.88,35470000.0,2023-05-23,1684774800.0
1068,305.38,55280000.0,2023-05-24,1684861200.0
1069,379.8,153460000.0,2023-05-25,1684947600.0
1070,389.46,71440000.0,2023-05-26,1685034000.0
1071,401.11,91420000.0,2023-05-30,1685379600.0
1072,378.34,99880000.0,2023-05-31,1685466000.0
1073,397.7,62370000.0,2023-06-01,1685552400.0
1074,393.27,48270000.0,2023-06-02,1685638800.0
1075,391.71,39380000.0,2023-06-05,1685898000.0
1076,386.54,37990000.0,2023-06-06,1685984400.0
1077,374.75,51200000.0,2023-06-07,1686070800.0
1078,385.1,41780000.0,2023-06-08,1686157200.0
1079,387.7,42770000.0,2023-06-09,1686243600.0
1080,394.82,38440000.0,2023-06-12,1686502800.0
1081,410.22,60770000.0,2023-06-13,1686589200.0
1082,429.97,72940000.0,2023-06-14,1686675600.0
1083,426.53,56670000.0,2023-06-15,1686762000.0
1084,426.92,65569999.99999999,2023-06-16,1686848400.0
1085,438.08,44800000.0,2023-06-20,1687194000.0
1086,430.45,55160000.0,2023-06-21,1687280400.0
1087,430.25,40810000.0,2023-06-22,1687366800.0
1088,422.09,35810000.0,2023-06-23,1687453200.0
1089,406.32,58900000.0,2023-06-26,1687712400.0
1090,418.76,44820000.0,2023-06-27,1687798800.0
1091,411.17,57990000.0,2023-06-28,1687885200.0
1092,408.22,37370000.0,2023-06-29,1687971600.0
1093,423.02,50110000.0,2023-06-30,1688058000.0
1094,424.13,19820000.0,2023-07-03,1688317200.0
1095,423.17,32200000.000000004,2023-07-05,1688490000.0
1096,421.03,30260000.0,2023-07-06,1688576400.0
1097,425.03,35590000.0,2023-07-07,1688662800.0
1098,421.8,35390000.0,2023-07-10,1688922000.0
1099,424.05,29820000.0,2023-07-11,1689008400.0
1100,439.02,48130000.0,2023-07-12,1689094800.0
1101,459.77,47820000.0,2023-07-13,1689181200.0
1102,454.69,77210000.0,2023-07-14,1689267600.0
1103,464.61,50490000.0,2023-07-17,1689526800.0
1104,474.94,56570000.0,2023-07-18,1689613200.0
1105,470.77,42070000.0,2023-07-19,1689699600.0
1106,455.2,53790000.0,2023-07-20,1689786000.0
1107,443.09,96380000.0,2023-07-21,1689872400.0
1108,446.12,36650000.0,2023-07-24,1690131600.0
1109,456.79,34810000.0,2023-07-25,1690218000.0
1110,454.52,36420000.0,2023-07-26,1690304400.0
1111,459.0,45600000.0,2023-07-27,1690390800.0
1112,467.5,33120000.0,2023-07-28,1690477200.0
1113,467.29,24980000.0,2023-07-31,1690736400.0
1114,465.07,23360000.0,2023-08-01,1690822800.0
1115,442.69,52610000.0,2023-08-02,1690909200.0
1116,445.15,32140000.0,2023-08-03,1690995600.0
1117,446.8,36270000.0,2023-08-04,1691082000.0
1118,454.17,32220000.0,2023-08-07,1691341200.0
1119,446.64,35150000.0,2023-08-08,1691427600.0
1120,425.54,57890000.0,2023-08-09,1691514000.0
1121,423.88,48880000.0,2023-08-10,1691600400.0
1122,408.55,53310000.0,2023-08-11,1691686800.0
1123,437.53,69030000.0,2023-08-14,1691946000.0
1124,439.4,67190000.0,2023-08-15,1692032400.0
1125,434.86,52210000.0,2023-08-16,1692118800.0
1126,433.43,44870000.0,2023-08-17,1692205200.0
1127,432.99,58380000.0,2023-08-18,1692291600.0
1128,469.67,67690000.0,2023-08-21,1692550800.0
1129,456.68,74940000.0,2023-08-22,1692637200.0
1130,471.16,65349999.99999999,2023-08-23,1692723600.0
1131,471.63,114380000.0,2023-08-24,1692810000.0
1132,460.18,92530000.0,2023-08-25,1692896400.0
1133,468.35,68160000.0,2023-08-28,1693155600.0
1134,487.84,69600000.0,2023-08-29,1693242000.0
1135,492.64,72020000.0,2023-08-30,1693328400.0
1136,493.55,51990000.0,2023-08-31,1693414800.0
1137,485.09,46380000.0,2023-09-01,1693501200.0
1138,485.48,37250000.0,2023-09-05,1693846800.0
1139,470.61,46720000.0,2023-09-06,1693933200.0
1140,462.41,43190000.0,2023-09-07,1694019600.0
1141,455.72,47390000.0,2023-09-08,1694106000.0
1142,451.78,46580000.0,2023-09-11,1694365200.0
1143,448.7,34280000.0,2023-09-12,1694451600.0
1144,454.85,39090000.0,2023-09-13,1694538000.0
1145,455.81,35710000.0,2023-09-14,1694624400.0
1146,439.0,50680000.0,2023-09-15,1694710800.0
1147,439.66,48530000.0,2023-09-18,1694970000.0
1148,435.2,36830000.0,2023-09-19,1695056400.0
1149,422.39,35940000.0,2023-09-20,1695142800.0
1150,410.17,44610000.0,2023-09-21,1695229200.0
1151,416.1,47920000.0,2023-09-22,1695315600.0
1152,422.22,41250000.0,2023-09-25,1695574800.0
1153,419.11,40020000.0,2023-09-26,1695661200.0
1154,424.68,43680000.0,2023-09-27,1695747600.0
1155,430.89,42170000.0,2023-09-28,1695834000.0
1156,434.99,39780000.0,2023-09-29,1695920400.0
1157,447.82,43330000.0,2023-10-02,1696179600.0
1158,435.17,46830000.0,2023-10-03,1696266000.0
1159,440.41,36010000.0,2023-10-04,1696352400.0
1160,446.88,39210000.0,2023-10-05,1696438800.0
1161,457.62,43440000.0,2023-10-06,1696525200.0
1162,452.73,40970000.0,2023-10-09,1696784400.0
1163,457.98,35960000.0,2023-10-10,1696870800.0
1164,468.06,37480000.0,2023-10-11,1696957200.0
1165,469.45,47980000.0,2023-10-12,1697043600.0
1166,454.61,47540000.0,2023-10-13,1697130000.0
1167,460.95,37100000.0,2023-10-16,1697389200.0
1168,439.38,80760000.0,2023-10-17,1697475600.0
1169,421.96,62310000.0,2023-10-18,1697562000.0
1170,421.01,48970000.0,2023-10-19,1697648400.0
1171,413.87,47730000.0,2023-10-20,1697734800.0
1172,429.75,47290000.0,2023-10-23,1697994000.0
1173,436.63,38370000.0,2023-10-24,1698080400.0
1174,417.79,38400000.0,2023-10-25,1698166800.0
1175,403.26,53150000.0,2023-10-26,1698253200.0
1176,405.0,41680000.0,2023-10-27,1698339600.0
1177,411.61,38310000.0,2023-10-30,1698598800.0
1178,407.8,51380000.0,2023-10-31,1698685200.0
1179,423.25,43760000.0,2023-11-01,1698771600.0
1180,435.06,39820000.0,2023-11-02,1698858000.0
1181,450.05,42460000.0,2023-11-03,1698944400.0
1182,457.51,39890000.0,2023-11-06,1699203600.0
1183,459.55,34140000.0,2023-11-07,1699290000.0
1184,465.74,34440000.0,2023-11-08,1699376400.0
1185,469.5,53440000.0,2023-11-09,1699462800.0
1186,483.35,42240000.0,2023-11-10,1699549200.0
1187,486.2,38180000.0,2023-11-13,1699808400.0
1188,496.56,41350000.0,2023-11-14,1699894800.0
1189,488.88,47130000.0,2023-11-15,1699981200.0
1190,494.8,33480000.0,2023-11-16,1700067600.0
1191,492.98,32590000.000000004,2023-11-17,1700154000.0
1192,504.09,41610000.0,2023-11-20,1700413200.0
1193,499.44,56570000.0,2023-11-21,1700499600.0
1194,487.16,90060000.0,2023-11-22,1700586000.0
1195,477.76,29380000.0,2023-11-24,1700758800.0
1196,482.42,39390000.0,2023-11-27,1701018000.0
1197,478.21,38950000.0,2023-11-28,1701104400.0
1198,481.4,36040000.0,2023-11-29,1701190800.0
1199,467.7,52040000.0,2023-11-30,1701277200.0
1200,467.65,36930000.0,2023-12-01,1701363600.0
1201,455.1,42880000.0,2023-12-04,1701622800.0
1202,465.66,36220000.0,2023-12-05,1701709200.0
1203,455.03,38060000.0,2023-12-06,1701795600.0
1204,465.96,34170000.0,2023-12-07,1701882000.0
1205,475.06,35920000.0,2023-12-08,1701968400.0
1206,466.27,50110000.0,2023-12-11,1702227600.0
1207,476.57,36990000.0,2023-12-12,1702314000.0
1208,480.88,43610000.0,2023-12-13,1702400400.0
1209,483.5,38160000.0,2023-12-14,1702486800.0
1210,488.9,47990000.0,2023-12-15,1702573200.0
1211,500.77,41260000.0,2023-12-18,1702832400.0
1212,496.04,46310000.0,2023-12-19,1702918800.0
1213,481.11,39400000.0,2023-12-20,1703005200.0
1214,489.9,29920000.0,2023-12-21,1703091600.0
1215,488.3,25250000.0,2023-12-22,1703178000.0
1216,492.79,24280000.0,2023-12-26,1703523600.0
1217,494.17,23220000.0,2023-12-27,1703610000.0
1218,495.22,24440000.0,2023-12-28,1703696400.0
1219,495.22,38930000.0,2023-12-29,1703782800.0
1220,481.68,40840000.0,2024-01-02,1704128400.0
1221,475.69,31820000.0,2024-01-03,1704214800.0
1222,479.98,30440000.0,2024-01-04,1704301200.0
1223,490.97,41500000.0,2024-01-05,1704387600.0
1224,522.53,64250000.0,2024-01-08,1704646800.0
1225,531.4,77310000.0,2024-01-09,1704733200.0
1226,543.5,52810000.0,2024-01-10,1704819600.0
1227,548.22,59680000.0,2024-01-11,1704906000.0
1228,547.1,35300000.0,2024-01-12,1704992400.0
1229,563.82,44150000.0,2024-01-16,1705338000.0
1230,560.53,47250000.0,2024-01-17,1705424400.0
1231,571.07,48620000.0,2024-01-18,1705510800.0
1232,594.91,54350000.0,2024-01-19,1705597200.0
1233,596.54,45300000.0,2024-01-22,1705856400.0
1234,598.73,29120000.0,2024-01-23,1705942800.0
1235,613.62,55710000.0,2024-01-24,1706029200.0
1236,616.17,47310000.0,2024-01-25,1706115600.0
1237,610.31,39030000.0,2024-01-26,1706202000.0
1238,624.65,33900000.0,2024-01-29,1706461200.0
1239,627.74,39600000.0,2024-01-30,1706547600.0
1240,615.27,45070000.0,2024-01-31,1706634000.0
1241,630.27,36020000.0,2024-02-01,1706720400.0
1242,661.6,47660000.0,2024-02-02,1706806800.0
